product_id,product_name,catalogue_brand,current_on_ocado,product_url,new_status,new_reason,pass_1_source_url,pass_2_source_url,review_input_hash,source_ids
11770011,Lucozade Sport Drink Orange,Lucozade,1,https://www.ocado.com/products/11770011,vegan,manufacturer,https://lucozade.com/support/,https://lucozade.com/support/,f4abb4e3385c8c213c1b17a5729dbb47ba365397ced57c64219434dd0f819ab3,a257d08bc97fba91f494f44c4f4681d072339e889857fdd25edbca357f45c139
11937011,Red Bull Energy Drink,Red Bull,1,https://www.ocado.com/products/11937011,vegan,manufacturer,https://www.redbull.com/gb-en/energydrink/questions/is-red-bull-energy-drink-vegan,https://www.redbull.com/gb-en/energydrink/questions/is-red-bull-energy-drink-vegan,999b3ce3736ef3d55031c1b688d7e24af117bc0f36e5f73dbf1fcc7f828a2ebc,a4eabf4aae508db3695cfa9c1b91ade94e3f105fa72744898ec93738d71a8d5a
12594011,Ecover Classic Dishwasher Tablets,Ecover,1,https://www.ocado.com/products/12594011,vegan,manufacturer,https://uk.ecover.com/faq/are-ecover-products-vegan/,https://uk.ecover.com/faq/are-ecover-products-vegan/,4d88f19e99cd7fdc5afe0fd83a04aed6306adc80e0c9ac88b0defd6554a5989e,103aa905691a3d06b62fde31fb3885cd18c3b1b00f8974d57c9290d4da99eea2
13187011,Twinings Lemon & Ginger Tea,Twinings,1,https://www.ocado.com/products/13187011,vegan,manufacturer,https://twinings.co.uk/products/lemon-ginger-20-tea-bags,https://twinings.co.uk/products/lemon-ginger-20-tea-bags,2c2e2fdcb2d2a3e3dce657d05e386c4a77138153ef91aad9942ac8783c3a487c,e29a8043f41ce284e76f1142e5b8ff8369ed0d61a20dd162f47fee4482b0721a
16038011,Mitchum Women Advanced Control Unscented Roll On Deodorant,Mitchum,1,https://www.ocado.com/products/16038011,vegan,manufacturer,https://www.mitchum.co.uk/products/mitchum-women-core-48h-roll-on-unscented-100ml,https://www.mitchum.co.uk/products/mitchum-women-core-48h-roll-on-unscented-100ml,1dcbac96ff711cfa8547c04a2c9f2956b9395bf81addf38f4c1b6504f9b6c843,e0d65f208d13cb7f28e080a20c141b331731ccb425ca6aed62c3aa625d2c9dfc
16303011,7UP Zero Lemon & Lime,7up,1,https://www.ocado.com/products/16303011,vegan,manufacturer,https://www.7up.co.uk/frequently-asked-question,https://www.7up.co.uk/frequently-asked-question,34cb8404d891d585c2dcfe7bda56e1e6defee60917604a6222363dd5ff36bc02,b6c45482dbfa22fbcf56c69c5236f2fa598721155884632ac56b45405e73db42
16309011,Pepsi Max,Pepsi,1,https://www.ocado.com/products/16309011,vegan,manufacturer,https://www.pepsi.co.uk/faq,https://www.pepsi.co.uk/faq,aa3aab12fac058bceef9cb31b55f5e256b0f5e423ea6ea770ef8a605876905df,39914e626e7900e5ab69a67c0f33872f5c5656c79e9b1434f4ddf34e654c860c
16679011,Courvoisier VS Cognac Brandy,Courvoisier,1,https://www.ocado.com/products/16679011,vegan,manufacturer,https://www.courvoisier.com/en-gb/tours-and-experiences/book-cognac-tasting-tour/,https://www.courvoisier.com/en-gb/tours-and-experiences/book-cognac-tasting-tour/,ee3a6626e3f13cac8e5257ad39b5d24570f667ca53314a02f369d56e4ff9b4b1,2bfcbeedd65b9a618079f3d6fb5f10dee1f65a22278cd6f87e7ed0385cd66245
17946011,Twinings Cranberry & Raspberry Tea,Twinings,1,https://www.ocado.com/products/17946011,vegan,manufacturer,https://twinings.co.uk/products/cranberry-raspberry-20-tea-bags,https://twinings.co.uk/products/cranberry-raspberry-20-tea-bags,59be349c15558456a8ae732ec8e6bb9a7d5e58c087c87cc130e72d97f9c1dbe9,572dcc433bcf262177038fc0d6dfdd1585d0181394b082b4bb8e18bd279847d0
18120011,Lil-Lets SmartFit Non-Applicator Tampons Lite,Lil-lets,1,https://www.ocado.com/products/18120011,vegan,manufacturer,https://www.lil-lets.com/uk/sustainability/cruelty-free-periods/,https://www.lil-lets.com/uk/sustainability/cruelty-free-periods/,b43d6bad4cc880ffc175d1da1689cc7610928b1eacb19aae91e3cd32a92cd307,3cf542296288215593a3e54a6036cd6671a866c4974a724afbc77bec866d85a5 d4b221cb98b833483114f47e5ec0f221d0e218148c755dfcd9eca0b4b620466d
18121011,Lil-Lets Regular Non-Applicator Tampons,Lil-lets,1,https://www.ocado.com/products/18121011,vegan,manufacturer,https://www.lil-lets.com/uk/sustainability/cruelty-free-periods/,https://www.lil-lets.com/uk/sustainability/cruelty-free-periods/,f3308a2ead47876ca15237d42d39c1dfd231792fa1c52889644549ffef26508b,3cf542296288215593a3e54a6036cd6671a866c4974a724afbc77bec866d85a5 d4b221cb98b833483114f47e5ec0f221d0e218148c755dfcd9eca0b4b620466d
18122011,Lil-Lets Non-Applicator Tampons Regular,Lil-lets,1,https://www.ocado.com/products/18122011,vegan,manufacturer,https://www.lil-lets.com/uk/sustainability/cruelty-free-periods/,https://www.lil-lets.com/uk/sustainability/cruelty-free-periods/,bb625461f7970b79d544e96952c1e3405271282c68231f43c03401e8b576a83b,3cf542296288215593a3e54a6036cd6671a866c4974a724afbc77bec866d85a5 d4b221cb98b833483114f47e5ec0f221d0e218148c755dfcd9eca0b4b620466d
18123011,Lil-Lets Super Non-Applicator Tampons,Lil-lets,1,https://www.ocado.com/products/18123011,vegan,manufacturer,https://www.lil-lets.com/uk/sustainability/cruelty-free-periods/,https://www.lil-lets.com/uk/sustainability/cruelty-free-periods/,c6daa21fad719c17d531f45579028d0f837f79f5ab5a497ccdb45a995602543c,3cf542296288215593a3e54a6036cd6671a866c4974a724afbc77bec866d85a5 d4b221cb98b833483114f47e5ec0f221d0e218148c755dfcd9eca0b4b620466d
18125011,Lil-Lets Non-Applicator Tampons Super,Lil-lets,1,https://www.ocado.com/products/18125011,vegan,manufacturer,https://www.lil-lets.com/uk/sustainability/cruelty-free-periods/,https://www.lil-lets.com/uk/sustainability/cruelty-free-periods/,155f92911cc768da2e2c246555ce3d5145782e13ba770ca19da842918334682a,3cf542296288215593a3e54a6036cd6671a866c4974a724afbc77bec866d85a5 d4b221cb98b833483114f47e5ec0f221d0e218148c755dfcd9eca0b4b620466d
18126011,Lil-Lets Super Plus Non-Applicator Tampons,Lil-lets,1,https://www.ocado.com/products/18126011,vegan,manufacturer,https://www.lil-lets.com/uk/sustainability/cruelty-free-periods/,https://www.lil-lets.com/uk/sustainability/cruelty-free-periods/,f85c949e764f50b7a30129b9f283b4d4db139dddcda3f02f8c19a34911cd8f49,3cf542296288215593a3e54a6036cd6671a866c4974a724afbc77bec866d85a5 d4b221cb98b833483114f47e5ec0f221d0e218148c755dfcd9eca0b4b620466d
18127011,Lil-Lets Non-Applicator Tampons Super Plus,Lil-lets,1,https://www.ocado.com/products/18127011,vegan,manufacturer,https://www.lil-lets.com/uk/sustainability/cruelty-free-periods/,https://www.lil-lets.com/uk/sustainability/cruelty-free-periods/,f3bc5cf000e70c47ae2809f642e1d2512525be60b59b3055b6b70134afc9fd23,3cf542296288215593a3e54a6036cd6671a866c4974a724afbc77bec866d85a5 d4b221cb98b833483114f47e5ec0f221d0e218148c755dfcd9eca0b4b620466d
20744011,Ecover Everyday Laundry Detergent 17 Washes,Ecover,1,https://www.ocado.com/products/20744011,vegan,manufacturer,https://uk.ecover.com/faq/are-ecover-products-vegan/,https://uk.ecover.com/faq/are-ecover-products-vegan/,ec51287165f77620f3b9f4d0fd6ad480d0ad5f529c7a1464684880795ae38dba,103aa905691a3d06b62fde31fb3885cd18c3b1b00f8974d57c9290d4da99eea2
21700011,Ecover Multi Surface Cleaner Spray,Ecover,1,https://www.ocado.com/products/21700011,vegan,manufacturer,https://uk.ecover.com/faq/are-ecover-products-vegan/,https://uk.ecover.com/faq/are-ecover-products-vegan/,2b53db920d58378fc332aedc3cd9f6f870ac16962fcb56f7679d4f3eb02b4229,103aa905691a3d06b62fde31fb3885cd18c3b1b00f8974d57c9290d4da99eea2
21845011,Ecover Laundry Bleach,Ecover,1,https://www.ocado.com/products/21845011,vegan,manufacturer,https://uk.ecover.com/faq/are-ecover-products-vegan/,https://uk.ecover.com/faq/are-ecover-products-vegan/,f577dec19653bb749a861e27b2e834872859e4eda46bf636cc46a54f1e78e0e1,103aa905691a3d06b62fde31fb3885cd18c3b1b00f8974d57c9290d4da99eea2
22217011,Ecover Pine & Mint Toilet Cleaner,Ecover,1,https://www.ocado.com/products/22217011,vegan,manufacturer,https://uk.ecover.com/faq/are-ecover-products-vegan/,https://uk.ecover.com/faq/are-ecover-products-vegan/,808bd84afff2a94925132484e1e18fb96ee2475622943e6db77dd5fcdaf719e0,103aa905691a3d06b62fde31fb3885cd18c3b1b00f8974d57c9290d4da99eea2
22290011,Sanex Expert Skin Health Moisturising Body Wash Shower Gel,Sanex,1,https://www.ocado.com/products/22290011,vegan,manufacturer,https://www.sanex.co.uk/products/shower/sanex-expert-skin-health-moisturising-shower-gel,https://www.sanex.co.uk/products/shower/sanex-expert-skin-health-moisturising-shower-gel,eb00c18a01b8ac2685f3eeea9a26b33a5fc7b813e7d2cb878535dfa76b08d7dc,73814bee7b7db766aebebabd2e812ea742820f47cb052276ffcd46b17f112f4d
23198011,Ecover Liquid Hand Soap Lavender & Aloe Vera,Ecover,1,https://www.ocado.com/products/23198011,vegan,manufacturer,https://uk.ecover.com/faq/are-ecover-products-vegan/,https://uk.ecover.com/faq/are-ecover-products-vegan/,4887dadcf21f49832b09a05eeff9d31f9c71fe8e2323645dbbbd5ade5e4f22d0,103aa905691a3d06b62fde31fb3885cd18c3b1b00f8974d57c9290d4da99eea2
23279011,Simple Kind To Skin Replenishing Rich Moisturiser,Simple,1,https://www.ocado.com/products/23279011,vegan,manufacturer,https://www.simple.co.uk/our-ranges/kind-to-skin.html,https://www.simple.co.uk/our-ranges/kind-to-skin.html,940eeee1e3b40e1cdd1af7cd7d6874fb430f52718899d0d884a2a02c946f754e,f42ff39915e322efc7baaf6df946bd03039b36b9b4c9d414b9eba49485a848bc
23435011,Red Bull Energy Drink Sugar Free,Red Bull,1,https://www.ocado.com/products/23435011,vegan,manufacturer,https://www.redbull.com/gb-en/energydrink/questions/is-red-bull-energy-drink-vegan,https://www.redbull.com/gb-en/energydrink/questions/is-red-bull-energy-drink-vegan,6358f4cdb00237d0f8802794b7ab22985828b2a84840fd1d0e0541a0f168f3d1,a4eabf4aae508db3695cfa9c1b91ade94e3f105fa72744898ec93738d71a8d5a
25705011,Absolut Vanilia Flavoured Swedish Vodka,Absolut,1,https://www.ocado.com/products/25705011,vegan,manufacturer,https://www.absolut.com/en/faq/,https://www.absolut.com/en/faq/,7e8c0fd79935790d65699647b9e19df7c4c1f18f0ebd4cd1c6dae801476e5915,6d416f60c99bf304f6f4bfee92ec3c8f1d73f950bf55f2f62428762f49abbe6b
26796011,Ecover Stain Remover,Ecover,1,https://www.ocado.com/products/26796011,vegan,manufacturer,https://uk.ecover.com/faq/are-ecover-products-vegan/,https://uk.ecover.com/faq/are-ecover-products-vegan/,7b8462ee46c3b33c4a01061fcbb3a8366f2c75b9b3ecd1a752bd8cc8de7a231d,103aa905691a3d06b62fde31fb3885cd18c3b1b00f8974d57c9290d4da99eea2
28155011,"NIVEA Soft Moisturiser Cream for Face Hands & Body,",Nivea,1,https://www.ocado.com/products/28155011,vegan,manufacturer,https://www.nivea.co.uk/products/soft-moisturiser-face-body-and-hands-422074430045.html,https://www.nivea.co.uk/products/soft-moisturiser-face-body-and-hands-422074430045.html,f4909372d1fd9d6b8e0722ac53de1c3b929c921d42fe3e4fbbff4e2fe3ef8343,1533a5928edbbfc941218a502bd4e09aea81f9aa8ec14030b4c95bd6b4c61afd
28162011,Ultrasun SPF 20 Sports Gel Sunscreen,Ultrasun,1,https://www.ocado.com/products/28162011,vegan,manufacturer,https://www.ultrasun.co.uk/pages/product-faqs,https://www.ultrasun.co.uk/pages/product-faqs,ac958bb8c14f07d810405dff8c66e3bc12c70f0a6306f220c65cdfb7f1b21220,9a320cf740d5c745ef422362a613a67d28081c30330fdf3a1bd752a3d4e47c93
28681011,Absolut Citron Lemon Flavoured Swedish Vodka,Absolut,1,https://www.ocado.com/products/28681011,vegan,manufacturer,https://www.absolut.com/en/faq/,https://www.absolut.com/en/faq/,3e7381c6aad08b8ff2927e1e7dcb4c9aa2586c904618221b2015b8c84af66e90,6d416f60c99bf304f6f4bfee92ec3c8f1d73f950bf55f2f62428762f49abbe6b
28695011,Mount Gay Eclipse Barbados Golden Rum,Mount Gay,1,https://www.ocado.com/products/28695011,vegan,manufacturer,https://www.mountgayrum.com/faq/,https://www.mountgayrum.com/faq/,30c32af96637fe2ee893640ea9d4d3bed4a9b5cefb7f70f830c1605c1d590d32,f41fd1457e90170dca7cc42a833c7c95af241a26308bd473935e7173c786f65e
28834011,Red Bull Energy Drink,Red Bull,1,https://www.ocado.com/products/28834011,vegan,manufacturer,https://www.redbull.com/gb-en/energydrink/questions/is-red-bull-energy-drink-vegan,https://www.redbull.com/gb-en/energydrink/questions/is-red-bull-energy-drink-vegan,1f6829514435b6fb25c74d92a3a7bb889a5ebbb663d7eb7c24afde9530d4dcf3,a4eabf4aae508db3695cfa9c1b91ade94e3f105fa72744898ec93738d71a8d5a
29200011,Hendrick's Gin,Hendrick's,1,https://www.ocado.com/products/29200011,vegan,manufacturer,https://hendricksgin.com/uk/faqs/,https://hendricksgin.com/uk/faqs/,15d2215a67aec9ee67ce00c1b1e95c88a8089a0871335a1105d8acfcc93b1970,0c133627383dde4dd4f09c81eb38665bb7d023fb80498ddecc6f1d5093249428
31192011,Ecover Limescale Remover,Ecover,1,https://www.ocado.com/products/31192011,vegan,manufacturer,https://uk.ecover.com/faq/are-ecover-products-vegan/,https://uk.ecover.com/faq/are-ecover-products-vegan/,09eb43d9512ee4741369509d17b03d762995ffcffbf37883ed5c92c0c9fd0746,103aa905691a3d06b62fde31fb3885cd18c3b1b00f8974d57c9290d4da99eea2
33406011,Method Sweet Water Hand Wash,Method,1,https://www.ocado.com/products/33406011,vegan,manufacturer,https://methodproducts.co.uk/about-us/faq/,https://methodproducts.co.uk/about-us/faq/,df9fdac757f9998c20641112657349ad42e5a3d6ba71141a637b5e79e9f42785,746e77346138f37e5f7008edf1df397fd577b7a48ed80d68554f2247288a0e12 af56d2c5ebe196f060f2be37c35644dbed4abf1f9a6f9ee93ddb6e9b289ba122
33407011,Method Pink Grapefruit Hand Wash,Method,1,https://www.ocado.com/products/33407011,vegan,manufacturer,https://methodproducts.co.uk/about-us/faq/,https://methodproducts.co.uk/about-us/faq/,241e097643d6b7f78e5c841ee51a71964280b401f3f31a05cd2be8ea3fda1b91,746e77346138f37e5f7008edf1df397fd577b7a48ed80d68554f2247288a0e12 af56d2c5ebe196f060f2be37c35644dbed4abf1f9a6f9ee93ddb6e9b289ba122
34546011,Method Wood Floor Cleaner,Method,1,https://www.ocado.com/products/34546011,vegan,manufacturer,https://methodproducts.co.uk/about-us/faq/,https://methodproducts.co.uk/about-us/faq/,ead378643abd52d4b3dbbb53e00305193fcbe39c47fe6ba567383443e3824ba6,746e77346138f37e5f7008edf1df397fd577b7a48ed80d68554f2247288a0e12 af56d2c5ebe196f060f2be37c35644dbed4abf1f9a6f9ee93ddb6e9b289ba122
34741011,Ultrasun SPF 30 Face Sunscreen,Ultrasun,1,https://www.ocado.com/products/34741011,vegan,manufacturer,https://www.ultrasun.co.uk/pages/product-faqs,https://www.ultrasun.co.uk/pages/product-faqs,9929dab084c4af081dd7ed52858a759c1efe66d6bd46e0346d5619bbf5e920e6,9a320cf740d5c745ef422362a613a67d28081c30330fdf3a1bd752a3d4e47c93
35073011,Method Ylang Ylang Shower Spray,Method,1,https://www.ocado.com/products/35073011,vegan,manufacturer,https://methodproducts.co.uk/about-us/faq/,https://methodproducts.co.uk/about-us/faq/,de639e664b2529150bffeae085455f62e581e0e45a18af8d949a97eb4733a105,746e77346138f37e5f7008edf1df397fd577b7a48ed80d68554f2247288a0e12 af56d2c5ebe196f060f2be37c35644dbed4abf1f9a6f9ee93ddb6e9b289ba122
35078011,Method Bathroom Cleaner Spray,Method,1,https://www.ocado.com/products/35078011,vegan,manufacturer,https://methodproducts.co.uk/about-us/faq/,https://methodproducts.co.uk/about-us/faq/,2e4dedeba6ba0bb8dbd7a093161efeee2094ebc1cbc523df008f2ac2508b9ce8,746e77346138f37e5f7008edf1df397fd577b7a48ed80d68554f2247288a0e12 af56d2c5ebe196f060f2be37c35644dbed4abf1f9a6f9ee93ddb6e9b289ba122
35081011,Method Lavender Scent Multi Surface Spray,Method,1,https://www.ocado.com/products/35081011,vegan,manufacturer,https://methodproducts.co.uk/about-us/faq/,https://methodproducts.co.uk/about-us/faq/,8679d9a4fe4bab24b6f77fd390eb51bce83fffc171d823214c425b034d41d82b,746e77346138f37e5f7008edf1df397fd577b7a48ed80d68554f2247288a0e12 af56d2c5ebe196f060f2be37c35644dbed4abf1f9a6f9ee93ddb6e9b289ba122
35305011,Twinings Strawberry & Raspberry Tea,Twinings,1,https://www.ocado.com/products/35305011,vegan,manufacturer,https://twinings.co.uk/products/strawberry-raspberry-20-tea-bags,https://twinings.co.uk/products/strawberry-raspberry-20-tea-bags,6ba4aeb7ed94a35d64a7f47c7b4aa6d53d350ebacdc5c207b5a0db033fc352ff,9c7fbe7e9f87a208089bc9e9bd50ecfdc5d8c61c0aad0b287719149c0d5c8889
35937011,Method Pink Grapefruit All Purpose Spray,Method,1,https://www.ocado.com/products/35937011,vegan,manufacturer,https://methodproducts.co.uk/about-us/faq/,https://methodproducts.co.uk/about-us/faq/,82a6a2478f7d1e87b496d932f684480dc7b5fbb14d6a82c38b3fb2583ed9651a,746e77346138f37e5f7008edf1df397fd577b7a48ed80d68554f2247288a0e12 af56d2c5ebe196f060f2be37c35644dbed4abf1f9a6f9ee93ddb6e9b289ba122
36885011,Method Glass Cleaner Spray,Method,1,https://www.ocado.com/products/36885011,vegan,manufacturer,https://methodproducts.co.uk/about-us/faq/,https://methodproducts.co.uk/about-us/faq/,ad3498505792026ac1051f55fcfb723090022bae90ea4cff45e6e9a49004b294,746e77346138f37e5f7008edf1df397fd577b7a48ed80d68554f2247288a0e12 af56d2c5ebe196f060f2be37c35644dbed4abf1f9a6f9ee93ddb6e9b289ba122
38718011,Ecover Sea Breeze & Sage Waves Toilet Cleaner,Ecover,1,https://www.ocado.com/products/38718011,vegan,manufacturer,https://uk.ecover.com/faq/are-ecover-products-vegan/,https://uk.ecover.com/faq/are-ecover-products-vegan/,28b9039e6735a3b1dedab37a619c607ea1698c60a66b8a01d02dbb4e907a326f,103aa905691a3d06b62fde31fb3885cd18c3b1b00f8974d57c9290d4da99eea2
38838011,Method French Lavender Hand Wash,Method,1,https://www.ocado.com/products/38838011,vegan,manufacturer,https://methodproducts.co.uk/about-us/faq/,https://methodproducts.co.uk/about-us/faq/,8c038789da8ec932338f18b38f6ff9dd262c2ede81744876458535e543835770,746e77346138f37e5f7008edf1df397fd577b7a48ed80d68554f2247288a0e12 af56d2c5ebe196f060f2be37c35644dbed4abf1f9a6f9ee93ddb6e9b289ba122
39542011,Big Tom Spiced Tomato Juice,Big Tom,1,https://www.ocado.com/products/39542011,vegan,manufacturer,https://www.bigtom.co.uk/products/big-tom-750ml-glass,https://www.bigtom.co.uk/products/big-tom-750ml-glass,70e93db15579775cdbe03a9d98c720d7edd0f05c7f376d924cd659ebd9c91366,5312cf3b9f7bb4ed680ddf04843656cbe5af99eaced47b67dbf7e5ab313afc00 67e757d23f0d54b5c8f862d6ebeea845a3fe3834c00c741f24319a56c83127a0 5b460a2a4b86b7e9160caf8d4a2a4d5c076c651d240ddbef63134817ada057dc
39911011,Lucozade Sport Drink Raspberry,Lucozade,1,https://www.ocado.com/products/39911011,vegan,manufacturer,https://lucozade.com/support/,https://lucozade.com/support/,e04e59dfcb4c5c4a55752ed3f9aa2b85aeaf4f20c96ab1852951f1191275ed28,a257d08bc97fba91f494f44c4f4681d072339e889857fdd25edbca357f45c139
40175011,Nature's Finest Mango Chunks In Juice,Nature's Finest,1,https://www.ocado.com/products/40175011,vegan,manufacturer,https://naturesfinestfoods.co.uk/healthy-vegan-snacks/,https://naturesfinestfoods.co.uk/healthy-vegan-snacks/,0c54d41f4f5313e4291f333b97c105773d76a3202cfb5c6cb3b36a7c2a441416,aa1cdeb00f936ad3c92e12be8131f1913a78c626acfe35b1c6ac31144b578aa2 515c4e3731081a7b08011df292a4443eeec7580e436e87b8c07722fd2750902a e761e60d573f65b8538311c6615b83f2dc1d715e924d936b362711c79500bb96
40418011,Fever-Tree Refreshingly Light Indian Tonic Water,Fever-Tree,1,https://www.ocado.com/products/40418011,vegan,manufacturer,https://fever-tree.com/en-gb/faqs-contact-us,https://fever-tree.com/en-gb/faqs-contact-us,7713d5ce17e2c761e0e6c7bf01ebef51f1768b663263e277f8db7d109f9e74fb,b000aa556867dec084c2af5135fc21ab1776764b39d9ddde0cf045d6a8fb9964
40472011,Fever-Tree Premium Indian Tonic Water,Fever-Tree,1,https://www.ocado.com/products/40472011,vegan,manufacturer,https://fever-tree.com/en-gb/faqs-contact-us,https://fever-tree.com/en-gb/faqs-contact-us,66bb1d93c3dbd5eb13064f614490bb705fcb3e0fff160c5d2fab419e4e6eb7e2,b000aa556867dec084c2af5135fc21ab1776764b39d9ddde0cf045d6a8fb9964
42122011,Vimto Fizzy No Added Sugar,Vimto,1,https://www.ocado.com/products/42122011,vegan,manufacturer,https://www.vimto.co.uk/faqs/is-vimto-vegetarian-and-what-about-us-vegans/,https://www.vimto.co.uk/faqs/is-vimto-vegetarian-and-what-about-us-vegans/,b8ed34078d28746b5ed14166e7531819a1e664f01cd05b35148809f00caaecff,d2728b417482222c8e8a730e6cc1805cfa135b11f0a4734fa4342a1cfec71e06
42124011,Vimto Fizzy,Vimto,1,https://www.ocado.com/products/42124011,vegan,manufacturer,https://www.vimto.co.uk/faqs/is-vimto-vegetarian-and-what-about-us-vegans/,https://www.vimto.co.uk/faqs/is-vimto-vegetarian-and-what-about-us-vegans/,1aa6de9c9a6f4e555291b03d629868083357c6ecae46e8b2e1e9f55278870ada,d2728b417482222c8e8a730e6cc1805cfa135b11f0a4734fa4342a1cfec71e06
42796011,Absolut Blue Original Swedish Vodka,Absolut,1,https://www.ocado.com/products/42796011,vegan,manufacturer,https://www.absolut.com/en/faq/,https://www.absolut.com/en/faq/,7f85f56a380f7334ce129cefc4408c27ebb8d62586976d10e52c60780e693a6c,6d416f60c99bf304f6f4bfee92ec3c8f1d73f950bf55f2f62428762f49abbe6b
43594011,Bulldog Original Face Wash,Bulldog,1,https://www.ocado.com/products/43594011,vegan,manufacturer,https://bulldogskincare.com/pages/faq,https://bulldogskincare.com/pages/faq,03738e22162921a978c0ae219b1cff41171600024c0a5dd03fe5bbe435b236ff,44b8a403572fbfbd10cda607311a88698b85a075c1682577dd7a9477274b9acc
43968011,NIVEA Soft Moisturiser Cream for Face Hands & Body,Nivea,1,https://www.ocado.com/products/43968011,vegan,manufacturer,https://www.nivea.co.uk/products/soft-moisturiser-face-body-and-hands-422074430045.html,https://www.nivea.co.uk/products/soft-moisturiser-face-body-and-hands-422074430045.html,4f5c882861e43e1ccc4c82828e6dc078da55f7e7b25d0516c51579eb1d5ec85c,1533a5928edbbfc941218a502bd4e09aea81f9aa8ec14030b4c95bd6b4c61afd
46038011,Method Green Tea & Aloe Foaming Hand Wash,Method,1,https://www.ocado.com/products/46038011,vegan,manufacturer,https://methodproducts.co.uk/beyond-the-bottle/business-for-good-uk/,https://methodproducts.co.uk/about-us/faq/,99952a7e0ce00ca77d0a045f387f2a12a46f05f95e6d48c96647aff0288c0e5c,746e77346138f37e5f7008edf1df397fd577b7a48ed80d68554f2247288a0e12 af56d2c5ebe196f060f2be37c35644dbed4abf1f9a6f9ee93ddb6e9b289ba122
46481011,Ultrasun SPF 50+ Extreme Sunscreen,Ultrasun,1,https://www.ocado.com/products/46481011,vegan,manufacturer,https://www.ultrasun.co.uk/pages/product-faqs,https://www.ultrasun.co.uk/pages/product-faqs,eb8cbc9fd825f8d9bcf7b817cb31d48b8dbab8f692d8c52c3fe726f8e10a4c10,9a320cf740d5c745ef422362a613a67d28081c30330fdf3a1bd752a3d4e47c93
46756011,Absolut Pears Flavoured Swedish Vodka,Absolut,1,https://www.ocado.com/products/46756011,vegan,manufacturer,https://www.absolut.com/en/faq/,https://www.absolut.com/en/faq/,d1a3a12253c0c08bbe1c3b199e9adde187554bc3216230a74e08279ca8614180,6d416f60c99bf304f6f4bfee92ec3c8f1d73f950bf55f2f62428762f49abbe6b
46758011,Absolut Raspberri Raspberry Flavoured Swedish Vodka,Absolut,1,https://www.ocado.com/products/46758011,vegan,manufacturer,https://www.absolut.com/en/faq/,https://www.absolut.com/en/faq/,3a6783f4817087aa308cc7466f4950568e48ed63776eaaf0c78f5d36e9e67cf2,6d416f60c99bf304f6f4bfee92ec3c8f1d73f950bf55f2f62428762f49abbe6b
49092011,Ecover Oven & Hob Cleaner,Ecover,1,https://www.ocado.com/products/49092011,vegan,manufacturer,https://uk.ecover.com/faq/are-ecover-products-vegan/,https://uk.ecover.com/faq/are-ecover-products-vegan/,e8b2c8873b147a8a3a918cc3acca5c473c5d529812ee480474234421fcdedb13,103aa905691a3d06b62fde31fb3885cd18c3b1b00f8974d57c9290d4da99eea2
49781011,Vimto Fizzy,Vimto,1,https://www.ocado.com/products/49781011,vegan,manufacturer,https://www.vimto.co.uk/faqs/is-vimto-vegetarian-and-what-about-us-vegans/,https://www.vimto.co.uk/faqs/is-vimto-vegetarian-and-what-about-us-vegans/,c36648010182ebca2034e1e0f9569dbffc8a0ddf3fe62c8cd92b310ebd0c7d22,d2728b417482222c8e8a730e6cc1805cfa135b11f0a4734fa4342a1cfec71e06
49782011,Vimto Fizzy No Added Sugar,Vimto,1,https://www.ocado.com/products/49782011,vegan,manufacturer,https://www.vimto.co.uk/faqs/is-vimto-vegetarian-and-what-about-us-vegans/,https://www.vimto.co.uk/faqs/is-vimto-vegetarian-and-what-about-us-vegans/,33168068e48a921eec6a05ddffdd7266bf013467c8c26e723bfba4724bc24d45,d2728b417482222c8e8a730e6cc1805cfa135b11f0a4734fa4342a1cfec71e06
49924011,Bulldog Sensitive Moisturiser,Bulldog,1,https://www.ocado.com/products/49924011,vegan,manufacturer,https://bulldogskincare.com/pages/faq,https://bulldogskincare.com/pages/faq,19b89e1443e1d88e435db0637c7dbbdbf273a56dc7d14a6a57628d91b9363148,44b8a403572fbfbd10cda607311a88698b85a075c1682577dd7a9477274b9acc
50908011,Freederm Treatment Gel,Freederm,1,https://www.ocado.com/products/50908011,vegan,manufacturer,https://www.freederm.co.uk/faqs/,https://www.freederm.co.uk/faqs/,46ee2e8c68cd658d1fc52411b7c8934d924700fdce93ee4ba58a19c9ce6944f6,9f4df1cc4036b7ff3d751a6681e7603fc7500c6cd5786df8c33f5ccb0dad8334
51023011,Neal's Yard Revitalising Orange Flower Conditioner,Neal's Yard Remedies,0,https://www.ocado.com/products/51023011,vegan,manufacturer,https://nyrorganic.com/uk/Neals-Yard-Remedies-2024/,https://nyrorganic.com/uk/Neals-Yard-Remedies-2024/,4e1f71d988bdbf9c68a98d005804345ae891c2cb51395b6514ca1865d7cfd4ea,0b4a63404d146cf1f1cb6b544abeaec9817e4a804aefb984aa86eddb91a130a8
53986011,Fever-Tree Light Premium Ginger Beer,Fever-Tree,1,https://www.ocado.com/products/53986011,vegan,manufacturer,https://fever-tree.com/en-gb/faqs-contact-us,https://fever-tree.com/en-gb/faqs-contact-us,31eb60be06aaaca8f4a573f851f5ffe336349b17ea3cf44ae651b2a0ff68e7c7,b000aa556867dec084c2af5135fc21ab1776764b39d9ddde0cf045d6a8fb9964
55280011,Ecover Hand Soap Citrus & Orange Blossom,Ecover,1,https://www.ocado.com/products/55280011,vegan,manufacturer,https://uk.ecover.com/faq/are-ecover-products-vegan/,https://uk.ecover.com/faq/are-ecover-products-vegan/,35d6d9b970c164c204a78db46dbfd5850db314655c124b2401687d6782896c8f,103aa905691a3d06b62fde31fb3885cd18c3b1b00f8974d57c9290d4da99eea2
55476011,Sanex Expert Skin Health Kids Bubble Bath Body Wash Shower Gel,Sanex,1,https://www.ocado.com/products/55476011,vegan,manufacturer,https://www.sanex.co.uk/products/shower/sanex-expert-skin-health-head-to-toe-body-wash-for-kids,https://www.sanex.co.uk/products/shower/sanex-expert-skin-health-head-to-toe-body-wash-for-kids,e73f02b126dd8b209c0c40edfff11b40b5313e4dc7b0c05ca48282bf3d567c27,abcd509e5bb94a301d62a7deb325b475956123d67e6408e9dbe724236689b3ac
55493011,Method Lemon Ginger All Purpose Floor Cleaner,Method,1,https://www.ocado.com/products/55493011,vegan,manufacturer,https://methodproducts.co.uk/about-us/faq/,https://methodproducts.co.uk/about-us/faq/,676107a20fa348f6b5f6b96a8f6ce8f15eb0a10efe367a319f4cbb27cf6ac517,746e77346138f37e5f7008edf1df397fd577b7a48ed80d68554f2247288a0e12 af56d2c5ebe196f060f2be37c35644dbed4abf1f9a6f9ee93ddb6e9b289ba122
55907011,Aveeno Daily Moisturising Body Lotion for Normal to Dry Skin,Aveeno,1,https://www.ocado.com/products/55907011,vegan,manufacturer,https://www.aveeno.co.uk/products/daily-moisturising-lotion,https://www.aveeno.co.uk/products/daily-moisturising-lotion,c52a347c7b5125122fcb274674fde40f65c416a1f1aec8f5200f5ec0b9350eaf,9d8a0488c23b51c85bdfdd8a25e54a54c5d460c908ef40d04ada361276e3eddf
58701011,Aveeno Daily Moisturising Body Lotion for Normal to Dry Skin,Aveeno,1,https://www.ocado.com/products/58701011,vegan,manufacturer,https://www.aveeno.co.uk/products/daily-moisturising-lotion,https://www.aveeno.co.uk/products/daily-moisturising-lotion,0beab4765efbbd37741b3b702f4783a3f471cc891b5dfb010ae8d2ad899b147c,9d8a0488c23b51c85bdfdd8a25e54a54c5d460c908ef40d04ada361276e3eddf
60370011,Twinings Lemon & Ginger Tea,Twinings,1,https://www.ocado.com/products/60370011,vegan,manufacturer,https://twinings.co.uk/products/lemon-ginger-80-tea-bags,https://twinings.co.uk/products/lemon-ginger-80-tea-bags,c6ee0c43430d64a1b5c0f7ab06a2944912af65b68c8d606010ee827977dbbb9a,96e852b25c63642ad51b539b728bbfb8856cc44ea0f2ea5c078bcf3a3c090173
60728011,Absolut Blue Original Swedish Vodka,Absolut,1,https://www.ocado.com/products/60728011,vegan,manufacturer,https://www.absolut.com/en/faq/,https://www.absolut.com/en/faq/,50a76bd21be920515691368010a7b370d3eff7663867b115492b981998070e19,6d416f60c99bf304f6f4bfee92ec3c8f1d73f950bf55f2f62428762f49abbe6b
60948011,Rock Face Original 48 Hour Antiperspirant Deodorant,Rock Face,1,https://www.ocado.com/products/60948011,vegan,manufacturer,https://www.rockface4men.co.uk/pages/our-story,https://www.rockface4men.co.uk/pages/our-story,d932ab8cb4c83e6a6152c370a1f047463fe0d7717e778c8a633a0e53c887e516,bf5ddcca86c0c0e7bfe6b47f35b34a35db33f0f1602adcfff1cd812977141fc9
61558011,Method Waterfall Hand Wash,Method,1,https://www.ocado.com/products/61558011,vegan,manufacturer,https://methodproducts.co.uk/about-us/faq/,https://methodproducts.co.uk/about-us/faq/,a72527313a9513f91e05eeb9fa7a2b4687e2a8d317bad7c29f7ca51c3034a805,746e77346138f37e5f7008edf1df397fd577b7a48ed80d68554f2247288a0e12 af56d2c5ebe196f060f2be37c35644dbed4abf1f9a6f9ee93ddb6e9b289ba122
63468011,Sanex Expert Skin Health Pro Hydrate Nourishing Body Wash Shower Gel,Sanex,1,https://www.ocado.com/products/63468011,vegan,manufacturer,https://www.sanex.co.uk/products/shower/sanex-expert-skin-health-pro-hydrate,https://www.sanex.co.uk/products/shower/sanex-expert-skin-health-pro-hydrate,58bba24cb152697cbc48c08a7d4f2e3ce284cebbc4e796bc6a09ff0cec1e52d6,5b6ce9d103ae7ba075199eeca548c9631126398add2310ae458df67a1455f7a1
64531011,Lil-Lets Teens Ultra Towels Day,Lil-lets,1,https://www.ocado.com/products/64531011,vegan,manufacturer,https://www.lil-lets.com/uk/sustainability/cruelty-free-periods/,https://www.lil-lets.com/uk/sustainability/cruelty-free-periods/,0a227b986661e6d3c1d1a300665d7a7081898411c12965a30d9529f4d2c01404,3cf542296288215593a3e54a6036cd6671a866c4974a724afbc77bec866d85a5 043512654f11b0bab27cabc8ea2b20d6c9c96024ebb21ca2a31d80a5b14d5cbe
64533011,Lil-Lets Teens Ultra Towels Night,Lil-lets,1,https://www.ocado.com/products/64533011,vegan,manufacturer,https://www.lil-lets.com/uk/sustainability/cruelty-free-periods/,https://www.lil-lets.com/uk/sustainability/cruelty-free-periods/,d271bde210d15d135169ed413c2e4f6c96a3ae7a45b6f95a22cd1d1730883487,3cf542296288215593a3e54a6036cd6671a866c4974a724afbc77bec866d85a5 043512654f11b0bab27cabc8ea2b20d6c9c96024ebb21ca2a31d80a5b14d5cbe
66965011,Method Daily Kitchen Surface Cleaner Clementine,Method,1,https://www.ocado.com/products/66965011,vegan,manufacturer,https://methodproducts.co.uk/about-us/faq/,https://methodproducts.co.uk/about-us/faq/,46a2e9475e9496424cb5f660aac2621947c9f667796067ce4abc13181a2ded71,746e77346138f37e5f7008edf1df397fd577b7a48ed80d68554f2247288a0e12 af56d2c5ebe196f060f2be37c35644dbed4abf1f9a6f9ee93ddb6e9b289ba122
75216011,Neal's Yard Rosemary & Cedarwood Hair Treatment,Neal's Yard Remedies,1,https://www.ocado.com/products/75216011,vegan,manufacturer,https://www.nealsyardremedies.com/products/rosemary-and-cedarwood-hair-treatment-50g,https://www.nealsyardremedies.com/products/rosemary-and-cedarwood-hair-treatment-50g,e7a6e2193bd397a91b3258142995381b9eeffb609fa51af6f796affa05f2c67e,8e706dc7e8ebf5dcf5d3d849df3e1f63456f27bac6eaa218cdb1eab3db75ecc0
75648011,Neal's Yard Nourishing Orange Flower Facial Wash,Neal's Yard Remedies,0,https://www.ocado.com/products/75648011,vegan,manufacturer,https://nyrorganic.com/uk/Neals-Yard-Remedies-2024/,https://nyrorganic.com/uk/Neals-Yard-Remedies-2024/,955854e95e154e58a4eed2c5fada0782395f87f012a28523dec5fd5092196eb1,0b4a63404d146cf1f1cb6b544abeaec9817e4a804aefb984aa86eddb91a130a8
75650011,Neal's Yard Nourishing Orange Flower Toner,Neal's Yard Remedies,0,https://www.ocado.com/products/75650011,vegan,manufacturer,https://nyrorganic.com/uk/Neals-Yard-Remedies-2024/,https://nyrorganic.com/uk/Neals-Yard-Remedies-2024/,87e0db59e9e2fbd9ea767bce6b224f512f547db765a223c8cb145acf9f11239c,0b4a63404d146cf1f1cb6b544abeaec9817e4a804aefb984aa86eddb91a130a8
76551011,This Works Perfect Hands Intense Moisture,This Works,1,https://www.ocado.com/products/76551011,vegan,manufacturer,https://www.thisworks.com/products/perfect-hands-intense-moisture,https://www.thisworks.com/products/perfect-hands-intense-moisture,f4700edbbb6a362815e3e6b08c7bc9524c4884522360d0b0d362985e044afb84,68157db744bf60d7a0c9ac5368e6fb20b3479784f06b13fb032f2a0e272b79b0
78125011,NIVEA Double Effect Eye Make-Up Remover,Nivea,1,https://www.ocado.com/products/78125011,vegan,manufacturer,https://www.nivea.co.uk/products/nivea-double-effect-eye-make-up-remover-40059008954170045.html,https://www.nivea.co.uk/products/nivea-double-effect-eye-make-up-remover-40059008954170045.html,5f43d50ba73ac89db0f3ad90a17d45ae137eabaefb490a6ecc2aac78c3688f42,5ac3cee45d734675d10fa506fb5f5a03ce86fd9765272a340b02fa9288488274
78216011,Lil-Lets Teens Liners,Lil-lets,1,https://www.ocado.com/products/78216011,vegan,manufacturer,https://www.lil-lets.com/uk/sustainability/cruelty-free-periods/,https://www.lil-lets.com/uk/sustainability/cruelty-free-periods/,6068bbe8bd61eab72a73d8b9e055d75f075836879fc2f4deebe8170eb3ea338f,3cf542296288215593a3e54a6036cd6671a866c4974a724afbc77bec866d85a5 043512654f11b0bab27cabc8ea2b20d6c9c96024ebb21ca2a31d80a5b14d5cbe
78218011,Lil-Lets Smartfit Non-Applicator Tampons Ultra,Lil-lets,1,https://www.ocado.com/products/78218011,vegan,manufacturer,https://www.lil-lets.com/uk/sustainability/cruelty-free-periods/,https://www.lil-lets.com/uk/sustainability/cruelty-free-periods/,194c899bb86629551bb82ad543a362f687ad6edc10cd1c9562c1982c1c765d17,3cf542296288215593a3e54a6036cd6671a866c4974a724afbc77bec866d85a5 d4b221cb98b833483114f47e5ec0f221d0e218148c755dfcd9eca0b4b620466d
78306011,Delicato Chokladboll Chocolate Mocha Top,Delicato,1,https://www.ocado.com/products/78306011,vegan,manufacturer,https://www.delicato.se/vara-bakverk/Vegansk/Delicatoboll-6-p---1363,https://www.delicato.se/vara-bakverk/Vegansk/Delicatoboll-6-p---1363,b22451d946ec69d05512b5d47974b5dc2a4f7f1a746052fd701758703dd9cb9e,6d53c290105b50ab686733b09fb0b102efbec93c70df2aec5f38ccadee8eacbb 7fdd967af0e56b84f377f3ebd5f62f9d9e9c7383b0a6dc334f1d75211fdd5e75
79892011,Dr. Oetker Yellow Food Colour Gel,Dr Oetker,1,https://www.ocado.com/products/79892011,vegan,manufacturer,https://www.oetker.co.uk/support/faq,https://www.oetker.co.uk/support/faq,bf41fa5d67bb174cc8a78575f0400494c611f645d52d917ba8e3413081480bde,7accc810f219671ad646651eed259551a50134d1e57743131cfdc29f2c2ad28d
79893011,Dr. Oetker Blue Food Colouring Gel,Dr Oetker,1,https://www.ocado.com/products/79893011,vegan,manufacturer,https://www.oetker.co.uk/support/faq,https://www.oetker.co.uk/support/faq,59e10cce71d32ee1d7895ac563fd63064e59cc4c8a48e0579ac6218f1b0122be,7accc810f219671ad646651eed259551a50134d1e57743131cfdc29f2c2ad28d
79894011,Dr. Oetker Black Food Colouring Gel,Dr Oetker,1,https://www.ocado.com/products/79894011,vegan,manufacturer,https://www.oetker.co.uk/support/faq,https://www.oetker.co.uk/support/faq,54413a5f90b1d6f966a8e8f6dbbd254a669cd8d065e8addf9f11ff95f81e3399,7accc810f219671ad646651eed259551a50134d1e57743131cfdc29f2c2ad28d
79895011,Dr. Oetker Green Food Colouring Gel,Dr Oetker,1,https://www.ocado.com/products/79895011,vegan,manufacturer,https://www.oetker.co.uk/support/faq,https://www.oetker.co.uk/support/faq,797bede563a1d8ac237880cd85a4278af503edd169e98e4bac4f41a600fb4e8f,7accc810f219671ad646651eed259551a50134d1e57743131cfdc29f2c2ad28d
94934011,Aperol Aperitivo Italian Spritz,Aperol,1,https://www.ocado.com/products/94934011,vegan,manufacturer,https://www.aperol.com/faq/,https://www.aperol.com/faq/,58b8c9a60b9ec5ef494936b7ef8bd278cb10084c18826156921f42305da17412,4e8e2b5de67b0ac2ceeb4692a959695f4926528a993b0cb8f37e16112f69dada
207438011,Dorset Cereals Oat Granola Breakfast Cereal,Dorset Cereals,1,https://www.ocado.com/products/207438011,vegan,manufacturer,https://dorsetcereals.co.uk/frequently-asked-questions/,https://dorsetcereals.co.uk/frequently-asked-questions/,9c1f30951c79da2c9858490160a34299a11747a774f0eb05c5537ae6d37d545f,1995a7870763e5a299e8f332191457ba13034f04ed7d175d8807c8d01ab3371d
209084011,Nip+Fab Glycolic Exfoliating Pads,Nip & Fab,1,https://www.ocado.com/products/209084011,vegan,manufacturer,https://www.nipandfab.com/blogs/blog/are-nip-fab-products-vegan-or-tested-on-animals,https://www.nipandfab.com/blogs/blog/are-nip-fab-products-vegan-or-tested-on-animals,4dd60cd032c455b4c90c6ad672ca4530202e7350dbf5006f01577a14757e81ea,2c84b810280d175898241c27a05c7f87cd21b4291119b4b5ee493d1706b3ac13
209791011,Sanex Expert Skin Health Moisturising Bubble Bath Soak,Sanex,1,https://www.ocado.com/products/209791011,vegan,manufacturer,https://www.sanex.co.uk/products/bath/sanex-expert-skin-health-moisturising-bath-soak,https://www.sanex.co.uk/products/bath/sanex-expert-skin-health-moisturising-bath-soak,9b61ac44d05bb6c2bbcda2e21a7187d2622456785eba8995e7f2d82a1cd18bb6,c74ca50a03411f9ced0d39f7f863297130e1c48716ef6d0e835f37693c9da649
214020011,Bulldog Age Defence Moisturiser,Bulldog,1,https://www.ocado.com/products/214020011,vegan,manufacturer,https://bulldogskincare.com/pages/faq,https://bulldogskincare.com/pages/faq,6bb44cc0786989e918555033b8abe100d7f836a40729bd2e1f2f3e4cde6ee436,44b8a403572fbfbd10cda607311a88698b85a075c1682577dd7a9477274b9acc
214021011,Bulldog Sensitive Face Wash,Bulldog,1,https://www.ocado.com/products/214021011,vegan,manufacturer,https://bulldogskincare.com/pages/faq,https://bulldogskincare.com/pages/faq,b529286121bbd1e97717d063b6f0c636962bcd60e267e41d551fe51704ba9838,44b8a403572fbfbd10cda607311a88698b85a075c1682577dd7a9477274b9acc
214284011,Red Bull Energy Drink Sugar Free,Red Bull,1,https://www.ocado.com/products/214284011,vegan,manufacturer,https://www.redbull.com/gb-en/energydrink/questions/is-red-bull-energy-drink-vegan,https://www.redbull.com/gb-en/energydrink/questions/is-red-bull-energy-drink-vegan,9bad627d089e4c630f342bee8270bfc5d4f889cd52b86e653c92e65b38eccd9c,a4eabf4aae508db3695cfa9c1b91ade94e3f105fa72744898ec93738d71a8d5a
224304011,Adnams Copper House Gin,Adnams,1,https://www.ocado.com/products/224304011,vegan,manufacturer,https://adnams.co.uk/collections/vegan-spirits,https://adnams.co.uk/collections/vegan-spirits,4646ecbb37bd78a2f442d85bce2ebee560070448430db95a74233140f802500b,edb508c66de696a60ca0f34485fe167a951db67e57eafba5c6d73de2958b2112
228111011,Heartsease Farm Sparkling Elderflower Presse,Heartsease Farm,0,https://www.ocado.com/products/228111011,vegan,manufacturer,https://www.radnorhills.co.uk/explore-our-ranges/heartsease-farm/,https://www.radnorhills.co.uk/explore-our-ranges/heartsease-farm/,b225e95bc5f6c4a419bdcc8e896ad8d2308ae2596d6e7f51776698117ee4595b,9ff74e433df1c58cbf9c7cdd860d8c55821840e81b92c5f5c7964eec6a5c6b65
228120011,NIVEA Day Cream Face Moisturiser for Sensitive Skin SPF15,Nivea,1,https://www.ocado.com/products/228120011,vegan,manufacturer,https://www.nivea.co.uk/products/nivea-soothing-day-face-cream-spf15-50ml-40058089244170045.html,https://www.nivea.co.uk/products/nivea-soothing-day-face-cream-spf15-50ml-40058089244170045.html,a39cb9cb657c9060187d876be74ad75c493d470d3a3ca9e1aa7b3d39a5fa2ef5,2f9ab9f49c4ea696276203ba796077b0c26c352edd3fbbcbee2537aa4442ec40
230490011,Pepsi Max,Pepsi,1,https://www.ocado.com/products/230490011,vegan,manufacturer,https://www.pepsi.co.uk/faq,https://www.pepsi.co.uk/faq,f60b0b06c895b40249dbeaaf41c4e99e787abf9532a601d3d9361c100f178c64,39914e626e7900e5ab69a67c0f33872f5c5656c79e9b1434f4ddf34e654c860c
237035011,Tiger Balm Neck & Shoulder Rub,Tiger Balm,1,https://www.ocado.com/products/237035011,vegan,manufacturer,https://www.tigerbalm.com/uk/faq/,https://www.tigerbalm.com/uk/faq/,508f771c03fed84cf2bb6f08ff724630c1cc9cb8c895fdd6f7537da22327f14d,d0a08bbc4bdf9eb072c964008ea28e23cf73cf5500172a24bc7196b116d31491 a0b95e130f316a0abe33a71516b6877a9786b09198f219116cf8b100d50a72fd
245669011,Sanex Expert Skin Health Moisturising Body Wash Shower Gel Travel Size,Sanex,1,https://www.ocado.com/products/245669011,vegan,manufacturer,https://www.sanex.co.uk/products/shower/sanex-expert-skin-health-moisturising-shower-gel,https://www.sanex.co.uk/products/shower/sanex-expert-skin-health-moisturising-shower-gel,d23c6062740c3d54aafac49b1aa78f55446e600bd585f598e5771fd1b5b96556,73814bee7b7db766aebebabd2e812ea742820f47cb052276ffcd46b17f112f4d
254939011,Otex Express Eardrops,Otex,1,https://www.ocado.com/products/254939011,vegan,manufacturer,https://www.otexear.com/products/otex-express-ear-drops/,https://www.otexear.com/products/otex-express-ear-drops/,e5c71f8f5226e1612e5f27e0e2fbcb5e57f5e3d54f1473a2eba025c5c5726a47,cb7636f975c3c6cf5bd22e87d2042aaefc8ff3f2478de581d7d5fba8ec8f0294
255497011,Spontex Soap Filled Washing Up Scourer Pads Heavy Duty Grease,Spontex,1,https://www.ocado.com/products/255497011,vegan,manufacturer,https://www.spontex.co.uk/product/soap-pads/,https://www.spontex.co.uk/about-spontex/faqs/,96d3c9c38a5a162f12d798944e251d7de8920fee1afe74cbde129b551ea13ea9,32efb0de7199a7fa822e2a4a25c481393eb357f06ea34ce0a042eab36092eb04 dfe8b52eed98cd95d00e724d024db4203af47b070ad0fa69d415b840aae243e7
255543011,Mitchum Women Advanced Powder Fresh Anti-Perspirant Deodorant Stick,Mitchum,1,https://www.ocado.com/products/255543011,vegan,manufacturer,https://www.mitchum.co.uk/products/mitchum-women-core-48h-solid-stick-powder-fresh-41gr,https://www.mitchum.co.uk/products/mitchum-women-core-48h-solid-stick-powder-fresh-41gr,4059b5c0bd185c4d93b33fa6adf9a867b84fbc6da3a5daca82b601e461b291f1,b8a18ea9d9f9ba8b01483b88d9b0563fbe8766bdf8f72dcfc56f340696eb2789
255545011,Mitchum Women Advanced Pure Fresh Roll On Deodorant,Mitchum,1,https://www.ocado.com/products/255545011,vegan,manufacturer,https://www.mitchum.co.uk/products/mitchum-women-core-48h-roll-on-pure-fresh-100ml,https://www.mitchum.co.uk/products/mitchum-women-core-48h-roll-on-pure-fresh-100ml,e6b4b047bf806d56d132e236eb5b2ca3ed77e32d9de81cf7f13ee4826af94d35,66725961f01e7e33bba6107ea5a90b74536a1d5ab5952063308b7a9584b91948
260435011,Dorset Cereals Nutty Granola Breakfast Cereal,Dorset Cereals,1,https://www.ocado.com/products/260435011,vegan,manufacturer,https://dorsetcereals.co.uk/frequently-asked-questions/,https://dorsetcereals.co.uk/frequently-asked-questions/,252b9b54b470932fe0ca24194df5fe6cd8861b78c2a08b7e07b193afcbbcd41d,1995a7870763e5a299e8f332191457ba13034f04ed7d175d8807c8d01ab3371d
261258011,Ecover Delicate Laundry Liquid 16 Washes,Ecover,1,https://www.ocado.com/products/261258011,vegan,manufacturer,https://uk.ecover.com/faq/are-ecover-products-vegan/,https://uk.ecover.com/faq/are-ecover-products-vegan/,61f092a02b917a12ae26b6f233cd8e99d8126f03312170ad5cb5edd454e09732,103aa905691a3d06b62fde31fb3885cd18c3b1b00f8974d57c9290d4da99eea2
266735011,Adnams Longshore Vodka,Adnams,1,https://www.ocado.com/products/266735011,vegan,manufacturer,https://adnams.co.uk/products/70cl-adnams-longshore-vodka45-abv,https://adnams.co.uk/products/70cl-adnams-longshore-vodka45-abv,f5c77c30f9729c42a0f672bfa6b9e9f61ea0bc2eb20517f14a875d589b9cdfaa,94d20850116080f66c354ab1b91d7156d75d526874db28a944e688cd0846a800
269836011,Marriage's Organic Strong Malted Brown Bread Flour,W & H Marriage,1,https://www.ocado.com/products/269836011,vegan,manufacturer,https://flour.co.uk/faq/,https://flour.co.uk/faq/,f4dc917e41e461262c3a04c42c85176705d85241096d0eb277659428968de32c,d46c8ff178de0728f2b924827dada731c850ccb07512d869d5db381146425814 6c1b112d54b4578a1c8be7fe8c1d926f2426124529abe67280d89b8441cdf53c
269838011,Marriage's Organic Light Brown Self Raising Flour,W & H Marriage,1,https://www.ocado.com/products/269838011,vegan,manufacturer,https://flour.co.uk/faq/,https://flour.co.uk/faq/,fe7c44e7020bd8500bd84b0508e140a22aa67e62c473e60a9bb4c0820ad0468c,d46c8ff178de0728f2b924827dada731c850ccb07512d869d5db381146425814 c0370b941dff57d2a2efb2f497ccbf1529f0522ed83446f847b5289dcbfb6d34
269839011,Marriage's Organic Light Brown Plain Flour,W & H Marriage,1,https://www.ocado.com/products/269839011,vegan,manufacturer,https://flour.co.uk/faq/,https://flour.co.uk/faq/,36c1a336cd422af1b0ae1b88e820c9f3083f0bfc9bda5948981018f6ff58789d,d46c8ff178de0728f2b924827dada731c850ccb07512d869d5db381146425814 5e97170516e650e1553f9d6c65eab931ef85c72a9f037a3f4d220e2940a75c46
269840011,Marriage's Organic Self Raising White Flour,W & H Marriage,1,https://www.ocado.com/products/269840011,vegan,manufacturer,https://flour.co.uk/faq/,https://flour.co.uk/faq/,3ed3a0020feed9202d01d136bdefb745d2440829b9bdedbdd8d05fd5b5cfb8c2,d46c8ff178de0728f2b924827dada731c850ccb07512d869d5db381146425814 d567c735ba46bd0b29157db7e3f846e6c329da2103b3e110195fd26bf0e184d3
269841011,Marriage's Organic Plain White Flour,W & H Marriage,1,https://www.ocado.com/products/269841011,vegan,manufacturer,https://flour.co.uk/faq/,https://flour.co.uk/faq/,2c66d9973c855f314088ac79f336650105e0cee82cedf7881609ee50b33bb939,d46c8ff178de0728f2b924827dada731c850ccb07512d869d5db381146425814 9e5c68bbad0a6a2b65d36d5a2b31265d77e2fc2e0a7085324b2239b0400d7388
269842011,Marriage's Organic Strong White Bread Flour,W & H Marriage,1,https://www.ocado.com/products/269842011,vegan,manufacturer,https://flour.co.uk/faq/,https://flour.co.uk/faq/,3aeef0a66343b7b2865c4fc576033729a200a01bae9a6461e1d2585c26ede054,d46c8ff178de0728f2b924827dada731c850ccb07512d869d5db381146425814 34ab05775389f262fdc9e728ee26d8186679581d7cdf68f5dcb01e658bfa7d15
278170011,Ribena Light Blackcurrant No Added Sugar Squash,Ribena,1,https://www.ocado.com/products/278170011,vegan,manufacturer,https://ribena.co.uk/support/faqs/,https://ribena.co.uk/support/faqs/,4d424977352235d4ebb73b568c5c3feb73acec50acfc8e92cefa725cf81a7a20,f46e7de61add12247301a5ca6d89b0735fa21b35a58619526f3a21ad9b56c477
278171011,Ribena Blackcurrant Squash,Ribena,1,https://www.ocado.com/products/278171011,vegan,manufacturer,https://ribena.co.uk/support/faqs/,https://ribena.co.uk/support/faqs/,68f0ace9cfe305b294b8bf15ae65a74330948b6f895ff1054c92df06d43e2e25,f46e7de61add12247301a5ca6d89b0735fa21b35a58619526f3a21ad9b56c477
278174011,Ribena Light Blackcurrant No Added Sugar Squash,Ribena,1,https://www.ocado.com/products/278174011,vegan,manufacturer,https://ribena.co.uk/support/faqs/,https://ribena.co.uk/support/faqs/,bb99afae92d2483566646e98c702aa6c9957f3317247d1e1f2cf181d865c59d9,f46e7de61add12247301a5ca6d89b0735fa21b35a58619526f3a21ad9b56c477
278175011,Ribena Blackcurrant Squash,Ribena,1,https://www.ocado.com/products/278175011,vegan,manufacturer,https://ribena.co.uk/support/faqs/,https://ribena.co.uk/support/faqs/,62e70a9d42b821149107a8b65aca7db4521f4bbd71059328252394664c3b69d8,f46e7de61add12247301a5ca6d89b0735fa21b35a58619526f3a21ad9b56c477
280994011,Ultrasun Aftersun Gel,Ultrasun,1,https://www.ocado.com/products/280994011,vegan,manufacturer,https://www.ultrasun.co.uk/pages/product-faqs,https://www.ultrasun.co.uk/pages/product-faqs,5322bf58599584ea47f0a1c653340bd55cf499bcadfeb759534d129d066184b4,9a320cf740d5c745ef422362a613a67d28081c30330fdf3a1bd752a3d4e47c93
280996011,Ultrasun SPF 30 Face Tinted Sunscreen,Ultrasun,1,https://www.ocado.com/products/280996011,vegan,manufacturer,https://www.ultrasun.co.uk/pages/product-faqs,https://www.ultrasun.co.uk/pages/product-faqs,eaa27d418cf6fa8f1abec4056f017a484ffe6300565540af453681c4610959a4,9a320cf740d5c745ef422362a613a67d28081c30330fdf3a1bd752a3d4e47c93
280997011,Ultrasun SPF 30 Sports Spray Sunscreen,Ultrasun,1,https://www.ocado.com/products/280997011,vegan,manufacturer,https://www.ultrasun.co.uk/pages/product-faqs,https://www.ultrasun.co.uk/pages/product-faqs,0c1e57fb0211956ceb74f9ca0193c39f19d2ac2f1ec324abbbf13ca2fdefcce8,9a320cf740d5c745ef422362a613a67d28081c30330fdf3a1bd752a3d4e47c93
280998011,Ultrasun SPF 50+ Face Sunscreen,Ultrasun,1,https://www.ocado.com/products/280998011,vegan,manufacturer,https://www.ultrasun.co.uk/pages/product-faqs,https://www.ultrasun.co.uk/pages/product-faqs,d3b77d7d0b06ff02eb7dcaab7ca317e506a455b90b2f1e53cbca590b0006b4ed,9a320cf740d5c745ef422362a613a67d28081c30330fdf3a1bd752a3d4e47c93
280999011,Ultrasun SPF 50 Sports Spray Sunscreen,Ultrasun,1,https://www.ocado.com/products/280999011,vegan,manufacturer,https://www.ultrasun.co.uk/pages/product-faqs,https://www.ultrasun.co.uk/pages/product-faqs,dc9ee573b3378fbdb22f936e26b0737f8111acee76fb546472a5d2249b85d2a2,9a320cf740d5c745ef422362a613a67d28081c30330fdf3a1bd752a3d4e47c93
281482011,Covonia Catarrh Relief Oral Solution,Covonia,1,https://www.ocado.com/products/281482011,vegan,manufacturer,https://www.covonia.co.uk/products/catarrh-relief-formula,https://www.covonia.co.uk/products/catarrh-relief-formula,19dd0031c71fe3510da36b50373aa5606a3938f10ba0500535ff3609858ef044,cfbd7661b2b3e59ea0fe05d9aed8a75f7ff6b34aaaf14c2b4574061bf4a441a8
294282011,Hydrea London Extra Tough Nail Brush with Cactus Bristle,Hydréa London,1,https://www.ocado.com/products/294282011,vegan,manufacturer,https://hydrealondon.com/product/hand-nail-brush-with-cactus-bristle/,https://hydrealondon.com/product/hand-nail-brush-with-cactus-bristle/,860c4022928c1f5c416c3fda7f3513490134d3b0773f796484c28f196e189e50,9dcad8f97b11f5c86f9eb6b032b559f88b13197870bac9290f0f90309db11975
294285011,Hydrea London Bamboo Carbonised Exfoliating Shower Gloves,Hydréa London,1,https://www.ocado.com/products/294285011,vegan,manufacturer,https://hydrealondon.com/product/carbonized-bamboo-exfoliating-gloves/,https://hydrealondon.com/product/carbonized-bamboo-exfoliating-gloves/,0ec150024ba5c1e248e9cb51ec21a7a00a3fd28868fc94e168886eddac05c8f5,fbb0b0f83ae6c26d89d3f225d9b0401de957f3ec497fa35907940c216982a28d
294288011,Hydrea London Organic Egyptian Loofah Dual Sided Glove,Hydréa London,1,https://www.ocado.com/products/294288011,vegan,manufacturer,https://hydrealondon.com/product/organic-egyptian-loofah-spa-mitt-2/,https://hydrealondon.com/product/organic-egyptian-loofah-spa-mitt-2/,5391e76febcbb212c8b9a1332705096db91885874a4d75872873a457126c9cac,c9ccb8fbf0250844e482cb58baf8e4051856c0a29d2df5b53b437e8ea44a3a41
294295011,Hydrea London Pebble Black Body Buffer,Hydréa London,1,https://www.ocado.com/products/294295011,vegan,manufacturer,https://hydrealondon.com/product/pebble-black-luxury-bath-buffer/,https://hydrealondon.com/product/pebble-black-luxury-bath-buffer/,711fa844f9d67923937d8d8a5ed20c3181b26937eab40ef2531a3852990f7e0f,1577ff29754b2dfb88a9f23b11d144701ab5cf3e7474bbb9867c5f8520d6cc17
294298011,Hydrea London Bamboo & Loofah Exfoliating Back Strap,Hydréa London,1,https://www.ocado.com/products/294298011,vegan,manufacturer,https://hydrealondon.com/product/bamboo-loofah-back-exfoliator/,https://hydrealondon.com/product/bamboo-loofah-back-exfoliator/,c4fe330b80d6b7a60e37e0dd5ece92eefe953e662641b25f62d0bc5562200a81,de84b8afb851c00bdc8016183590f7fceab9bec3bbc40b8c4229d24cd8fb23fe
294299011,Hydrea London Organic Egyptian Loofah Dual Sided Facial Pad,Hydréa London,1,https://www.ocado.com/products/294299011,vegan,manufacturer,https://hydrealondon.com/product/organic-egyptian-loofah-facial-pad/,https://hydrealondon.com/product/organic-egyptian-loofah-facial-pad/,0259f34c01025c2079ebc5749c8a37c7ac9880c2531e76f3a035ebab3774ba8c,b3452e215bf0df8fd3581aba1ea8bc2e8769a8e1bba7f7e363acdbcf02b56346
301904011,Carex Original Antibacterial Handwash Refill,Carex,1,https://www.ocado.com/products/301904011,vegan,manufacturer,https://www.cussonscarex.com/uk/faqs/,https://www.cussonscarex.com/uk/faqs/,fe38386549835ec46943c4f6a0c76870ba92d1d7bab8931b835f74cfb814a13d,47d0b03d712ff2ac97c916a8bd41d046dc78232a8832ad5d0f4cd7d31140a815
305600011,Lil-Lets Teens Long Towels,Lil-lets,1,https://www.ocado.com/products/305600011,vegan,manufacturer,https://www.lil-lets.com/uk/sustainability/cruelty-free-periods/,https://www.lil-lets.com/uk/sustainability/cruelty-free-periods/,ef6c6584b413012a3436e66373b2652cb9592de4729aa4dd1dbeba5f6abeba8a,3cf542296288215593a3e54a6036cd6671a866c4974a724afbc77bec866d85a5 043512654f11b0bab27cabc8ea2b20d6c9c96024ebb21ca2a31d80a5b14d5cbe
305601011,Lil-Lets Essential Liners,Lil-lets,1,https://www.ocado.com/products/305601011,vegan,manufacturer,https://www.lil-lets.com/uk/sustainability/cruelty-free-periods/,https://www.lil-lets.com/uk/sustainability/cruelty-free-periods/,fd726ba9427af4c2be0ce314753a693dbad7dce7ee6d7154c133f45a5a664d9b,3cf542296288215593a3e54a6036cd6671a866c4974a724afbc77bec866d85a5 5bd77d6a6f4f7c7e47f86406a98683cbbffd6881a009fc7573e0aa5069970434
306818011,Fever-Tree Light Indian Tonic Water Cans,Fever-Tree,1,https://www.ocado.com/products/306818011,vegan,manufacturer,https://fever-tree.com/en-gb/faqs-contact-us,https://fever-tree.com/en-gb/faqs-contact-us,6b694cf6874309e521870df2a74e46c0d52c5286d13a68f0ee54368cdbd770b5,b000aa556867dec084c2af5135fc21ab1776764b39d9ddde0cf045d6a8fb9964
306819011,Fever-Tree Premium Indian Tonic Water Cans,Fever-Tree,1,https://www.ocado.com/products/306819011,vegan,manufacturer,https://fever-tree.com/en-gb/faqs-contact-us,https://fever-tree.com/en-gb/faqs-contact-us,0499344c072df7e951fd9e7ddeaebcada2effd6bb68a32276914c7239a80de79,b000aa556867dec084c2af5135fc21ab1776764b39d9ddde0cf045d6a8fb9964
306820011,Fever-Tree Mediterranean Tonic Water,Fever-Tree,1,https://www.ocado.com/products/306820011,vegan,manufacturer,https://fever-tree.com/en-gb/faqs-contact-us,https://fever-tree.com/en-gb/faqs-contact-us,fe6ce54cc934119016d3be1e81fc4ee74d38407e3068dd74aa19764f7cabdc5f,b000aa556867dec084c2af5135fc21ab1776764b39d9ddde0cf045d6a8fb9964
309430011,Twinings Fruits Tea Selection,Twinings,1,https://www.ocado.com/products/309430011,vegan,manufacturer,https://twinings.co.uk/products/fruits-selection-20-envelopes,https://twinings.co.uk/products/fruits-selection-20-envelopes,ce2118e6ebc5785319a4c6aadb832327c83ba877fe5ad83f1754ddcc9cb08f8d,0e64b564c97ff2e2aea092559425ffe329b355686b2335b437e847b760abe17b
309688011,Renaissance Mask,,1,https://www.ocado.com/products/309688011,vegan,manufacturer,https://www.oskiaskincare.com/products/renaissance-mask-50ml,https://www.oskiaskincare.com/products/renaissance-mask-50ml,b52cc55874f6346e653e5787fea1155086006e78ba13f58ac4f20535c6289500,d108a29466821ca26a961f9dd89cb0eefbca7a7e0f6ddaed16b716f4eaded72e
309804011,Ecover Non Bio Concentrated Laundry Liquid 142 Washes,Ecover,1,https://www.ocado.com/products/309804011,vegan,manufacturer,https://uk.ecover.com/faq/are-ecover-products-vegan/,https://uk.ecover.com/faq/are-ecover-products-vegan/,13e004ac295c84ccebe778af2808eb1204d356a3c0171fb5c57360a1b8cd0b6e,103aa905691a3d06b62fde31fb3885cd18c3b1b00f8974d57c9290d4da99eea2
311589011,Hendricks Gin,Hendrick's,1,https://www.ocado.com/products/311589011,vegan,manufacturer,https://hendricksgin.com/uk/faqs/,https://hendricksgin.com/uk/faqs/,7e3db55bec63e09b1f2d0403d4dff0e5e9cc1deaf7991d4d3deec2ecf505123c,0c133627383dde4dd4f09c81eb38665bb7d023fb80498ddecc6f1d5093249428
312917011,Hydrea London Copper Glow Exfoliating Spa Mitt,Hydréa London,1,https://www.ocado.com/products/312917011,vegan,manufacturer,https://hydrealondon.com/product/copper-cotton-spa-mitt-copy/,https://hydrealondon.com/product/copper-cotton-spa-mitt-copy/,debd6b615c6f21d3ff088e283e62132cea5d001060e375fb580ad5177326434d,9e9726b879599956e2f58026a879507dd2da57893864284868107c5574a59310
312920011,Hydrea London Organic Egyptian Loofah Dual Sided Body Pad,Hydréa London,1,https://www.ocado.com/products/312920011,vegan,manufacturer,https://hydrealondon.com/product/organic-egyptian-loofah-body-pad/,https://hydrealondon.com/product/organic-egyptian-loofah-body-pad/,eeaadcb11f71b290c03a5fe224369f6b17db4f7e1d22332eba6345306b99523f,f047c5de533c581c94e55f69b0c99d93c1187260e63bace7d974bce758f574c7
312930011,"Hydrea London Dry Skin Body Brush with Cactus Bristle, Hard Strength",Hydréa London,1,https://www.ocado.com/products/312930011,vegan,manufacturer,https://hydrealondon.com/product/professional-vegan-dry-body-brush-fsc-cactus-bristle/,https://hydrealondon.com/product/professional-vegan-dry-body-brush-fsc-cactus-bristle/,3802f9df2ad2098a8f025db9e37fb6aa34e569abe7c5cdac0e8680ad700c6ac2,d389789b7fcdb22d8710a20b5f08bba432c4e47e4a91647aea7860d8f06b926d
316318011,Carex Fun Editions Love Hearts Antibacterial Handwash,Carex,1,https://www.ocado.com/products/316318011,vegan,manufacturer,https://www.cussonscarex.com/uk/faqs/,https://www.cussonscarex.com/uk/faqs/,8593745ab58a24a72ef27e352914bb3e377585f88affe30829fdebf2e6d81d68,47d0b03d712ff2ac97c916a8bd41d046dc78232a8832ad5d0f4cd7d31140a815
316460011,Red Bull Energy Drink Sugar Free,Red Bull,1,https://www.ocado.com/products/316460011,vegan,manufacturer,https://www.redbull.com/gb-en/energydrink/questions/is-red-bull-energy-drink-vegan,https://www.redbull.com/gb-en/energydrink/questions/is-red-bull-energy-drink-vegan,26b5eafb999d496079b86ef9f1986509fdbc6faec4439a915a95659bf9934479,a4eabf4aae508db3695cfa9c1b91ade94e3f105fa72744898ec93738d71a8d5a
316538011,Red Bull Energy Drink,Red Bull,1,https://www.ocado.com/products/316538011,vegan,manufacturer,https://www.redbull.com/gb-en/energydrink/questions/is-red-bull-energy-drink-vegan,https://www.redbull.com/gb-en/energydrink/questions/is-red-bull-energy-drink-vegan,718f28dedae8ad59ca00e4a59832c78b951e6a337459caf1ad89172a65215d91,a4eabf4aae508db3695cfa9c1b91ade94e3f105fa72744898ec93738d71a8d5a
316539011,Ecover Laundry Liquid Lavender 56 Washes,Ecover,1,https://www.ocado.com/products/316539011,vegan,manufacturer,https://uk.ecover.com/faq/are-ecover-products-vegan/,https://uk.ecover.com/faq/are-ecover-products-vegan/,38ff2847703171f1d46129d4528e8627aded9e1df058ad9098450d6f8775306f,103aa905691a3d06b62fde31fb3885cd18c3b1b00f8974d57c9290d4da99eea2
319629011,Red Bull Energy Drink Tropical Edition Tropical Fruits,Red Bull,0,https://www.ocado.com/products/319629011,vegan,manufacturer,https://www.redbull.com/gb-en/energydrink/questions/is-red-bull-energy-drink-vegan,https://www.redbull.com/gb-en/energydrink/questions/is-red-bull-energy-drink-vegan,0fbfd6604e9fba8b1c68fa9227114978ec7ab75cd26f80450db54ec5ad96db22,a4eabf4aae508db3695cfa9c1b91ade94e3f105fa72744898ec93738d71a8d5a
319804011,Strongbow Original Cider,Strongbow,1,https://www.ocado.com/products/319804011,vegan,manufacturer,https://uk.strongbow.com/faqs,https://uk.strongbow.com/faqs,e4eef916051442d3167f18d45169e8549894e41a01fddb41673db6ff132d78df,f8bfad1c643ec02673ca1ac8ba8e0cd616271a5bf235cda893add3ba49bd3334
328741011,Dr. Oetker Orange Food Colouring Gel,Dr Oetker,1,https://www.ocado.com/products/328741011,vegan,manufacturer,https://www.oetker.co.uk/support/faq,https://www.oetker.co.uk/support/faq,26dadb1c7d88e814413267fbd7896205d29b1dfb17f953d06b60a2b1357a3234,7accc810f219671ad646651eed259551a50134d1e57743131cfdc29f2c2ad28d
339571011,Ecover Toilet Cleaner Power,Ecover,1,https://www.ocado.com/products/339571011,vegan,manufacturer,https://uk.ecover.com/faq/are-ecover-products-vegan/,https://uk.ecover.com/faq/are-ecover-products-vegan/,c22d5d222e475eeb556ead7a4f673e1b078bd73fd70659ad329ab512725e723c,103aa905691a3d06b62fde31fb3885cd18c3b1b00f8974d57c9290d4da99eea2
341163011,Renaissance BrightLight Serum 30ml,,1,https://www.ocado.com/products/341163011,vegan,manufacturer,https://www.oskiaskincare.com/products/renaissance-brightlight-30ml,https://www.oskiaskincare.com/products/renaissance-brightlight-30ml,09f83bc67dfad04bd1a0c7958d76c63dbf2fcc18f6e09f2fd1fc813da22f25b8,65dca02986a03e7e17421233704cc76e9309acf5f582f2989dd3e284f850c068
342217011,Little's Maple Walnut Flavour Infused Instant Coffee,Little's,1,https://www.ocado.com/products/342217011,vegan,manufacturer,https://wearelittles.com/pages/faqs,https://wearelittles.com/pages/faqs,0d1bb866cba6145b6b343905ab5f39b5c70ffeb1c4dd79e044a559cd1d24ce60,ccf46fc330a5c955cb3cc54cedc74e13fe2e583f1b5025ac75047f442134c18f
342222011,Little's Creamy Caramel Flavour Infused Instant Coffee,Little's,1,https://www.ocado.com/products/342222011,vegan,manufacturer,https://wearelittles.com/pages/faqs,https://wearelittles.com/pages/faqs,f84763afbe2a5b1334656cb29cf7b680ca3b14d5b1a2f2d85216a353da10dace,ccf46fc330a5c955cb3cc54cedc74e13fe2e583f1b5025ac75047f442134c18f
342223011,Little's Island Coconut Flavour Infused Instant Coffee,Little's,1,https://www.ocado.com/products/342223011,vegan,manufacturer,https://wearelittles.com/pages/faqs,https://wearelittles.com/pages/faqs,a1f1d702d05d510f3d94d154cbdf559455b7704c7851893817cadeecb761f4dc,ccf46fc330a5c955cb3cc54cedc74e13fe2e583f1b5025ac75047f442134c18f
342224011,Little's Double Chocolate Flavour Infused Instant Coffee,Little's,1,https://www.ocado.com/products/342224011,vegan,manufacturer,https://wearelittles.com/pages/faqs,https://wearelittles.com/pages/faqs,60c60801d1f69e1618a3e544136c58a8c14a5a7107281514761402ccbdf14e62,ccf46fc330a5c955cb3cc54cedc74e13fe2e583f1b5025ac75047f442134c18f
342225011,Little's Rich Hazelnut Flavour Infused Instant Coffee,Little's,1,https://www.ocado.com/products/342225011,vegan,manufacturer,https://wearelittles.com/pages/faqs,https://wearelittles.com/pages/faqs,889f03d37fd607b960efaef4f56e983fefd2da7d3ca9902a87123504a015b063,ccf46fc330a5c955cb3cc54cedc74e13fe2e583f1b5025ac75047f442134c18f
342226011,Little's French Vanilla Flavour Infused Instant Coffee,Little's,1,https://www.ocado.com/products/342226011,vegan,manufacturer,https://wearelittles.com/pages/faqs,https://wearelittles.com/pages/faqs,57f83ef209c24dbb944359480373e9a940fc4afc23c5307490efac71b0447d0c,ccf46fc330a5c955cb3cc54cedc74e13fe2e583f1b5025ac75047f442134c18f
345483011,Lil-Lets Soft Pads Night,Lil-lets,1,https://www.ocado.com/products/345483011,vegan,manufacturer,https://www.lil-lets.com/uk/sustainability/cruelty-free-periods/,https://www.lil-lets.com/uk/sustainability/cruelty-free-periods/,1b391ef1166e2dfd0f0245c4702a6507a0e5d50fafe52a4f52d6fd7b8a71b582,3cf542296288215593a3e54a6036cd6671a866c4974a724afbc77bec866d85a5 f4ad015aaa5cbfdbef21a00092f2101f1b9c81f4e83ffaf047b8be722d9470a3
345484011,Lil-Lets Soft Pads Long,Lil-lets,1,https://www.ocado.com/products/345484011,vegan,manufacturer,https://www.lil-lets.com/uk/sustainability/cruelty-free-periods/,https://www.lil-lets.com/uk/sustainability/cruelty-free-periods/,394d8df8727be68cb75db93e7b7f5891eb8db12a33713e7839db1c8d791691d0,3cf542296288215593a3e54a6036cd6671a866c4974a724afbc77bec866d85a5 0090befc3efbe4e7f2ba821abc028f58cffd33d9a7e7cfd53072ad0fd2698f12
345485011,Lil-Lets Soft Pads Normal,Lil-lets,1,https://www.ocado.com/products/345485011,vegan,manufacturer,https://www.lil-lets.com/uk/sustainability/cruelty-free-periods/,https://www.lil-lets.com/uk/sustainability/cruelty-free-periods/,73bc2ae7eb23af54be2a5418a33b368efb9990b128af099243e13ec8ec2f13a9,3cf542296288215593a3e54a6036cd6671a866c4974a724afbc77bec866d85a5 158fb7e89ce93f2eab46bffe0f8c5ace409748dc51730e9370226b096676c5ca
354179011,Ultrasun SPF 30 Sports Gel Sunscreen,Ultrasun,1,https://www.ocado.com/products/354179011,vegan,manufacturer,https://www.ultrasun.co.uk/pages/product-faqs,https://www.ultrasun.co.uk/pages/product-faqs,1589b885eaad61ef4ea5caff7b74a83c9d07cc00ed5c801432491e808327993d,9a320cf740d5c745ef422362a613a67d28081c30330fdf3a1bd752a3d4e47c93
354233011,Adnams Ease Up IPA,Adnams,1,https://www.ocado.com/products/354233011,vegan,manufacturer,https://adnams.co.uk/products/8x500ml-adnams-ease-up-ipabottles-4-6-abv,https://adnams.co.uk/products/8x500ml-adnams-ease-up-ipabottles-4-6-abv,f474d4c07bfce375dff1681b1c64849cf013c991c38e9cf7c9aef86964e05e4d,553c495287a401acb3f64a56b145dc23588458f43a13a757df10fb41ab6c92ad 66d58b3137a4436c9f70ec486b67fc2983bd9490de804986dfcf2f611c63dc83
354411011,Ultrasun SPF 30 Family Sunscreen,Ultrasun,1,https://www.ocado.com/products/354411011,vegan,manufacturer,https://www.ultrasun.co.uk/pages/product-faqs,https://www.ultrasun.co.uk/pages/product-faqs,ca8a4af3753380d66721774197fbb3d4eeb1a871323ce409fbf518686ae8fa95,9a320cf740d5c745ef422362a613a67d28081c30330fdf3a1bd752a3d4e47c93
360286011,Method Antibacterial Bathroom Cleaner Water Mint,Method,1,https://www.ocado.com/products/360286011,vegan,manufacturer,https://methodproducts.co.uk/about-us/faq/,https://methodproducts.co.uk/about-us/faq/,0f4c5b44dbaa04f98829d97fc2c6c5329cd7e185a266eb23b2770aaab5c209ae,746e77346138f37e5f7008edf1df397fd577b7a48ed80d68554f2247288a0e12 af56d2c5ebe196f060f2be37c35644dbed4abf1f9a6f9ee93ddb6e9b289ba122
360287011,Method Antibacterial All Purpose Cleaner Wild Rhubarb,Method,1,https://www.ocado.com/products/360287011,vegan,manufacturer,https://methodproducts.co.uk/about-us/faq/,https://methodproducts.co.uk/about-us/faq/,b0727e3ad19e331f77983549c466a86bc98b324f5bd2ff6ecf775049e2022112,746e77346138f37e5f7008edf1df397fd577b7a48ed80d68554f2247288a0e12 af56d2c5ebe196f060f2be37c35644dbed4abf1f9a6f9ee93ddb6e9b289ba122
361514011,Gaviscon Double Action Tabs Heartburn Indigestion Mint,Gaviscon,1,https://www.ocado.com/products/361514011,vegan,manufacturer,https://www.gaviscon.co.uk/products/gaviscon-double-action-tablets/,https://www.gaviscon.co.uk/products/gaviscon-double-action-tablets/,a9df47ece06adf405b1d5f8234880da1656878e81c3058a676c34fed8b98630c,592467aaa54018ce75bbd9b967cb62d04c0b10084c1493c67b983db72e3138eb
361520011,Gaviscon Double Action Tabs Heartburn Indigestion Mint,Gaviscon,1,https://www.ocado.com/products/361520011,vegan,manufacturer,https://www.gaviscon.co.uk/products/gaviscon-double-action-tablets/,https://www.gaviscon.co.uk/products/gaviscon-double-action-tablets/,827d1f4baf503cb14707d9da697d33c3b402bee6ffb53288634bf9d48db73589,592467aaa54018ce75bbd9b967cb62d04c0b10084c1493c67b983db72e3138eb
367069011,Lil-Lets Cardboard Applicator Regular,Lil-lets,1,https://www.ocado.com/products/367069011,vegan,manufacturer,https://www.lil-lets.com/uk/sustainability/cruelty-free-periods/,https://www.lil-lets.com/uk/sustainability/cruelty-free-periods/,4c8525f4596de11112ee12fd8b4685ebae79ae3b891586ee74987f1d8e3df02c,3cf542296288215593a3e54a6036cd6671a866c4974a724afbc77bec866d85a5 d4b221cb98b833483114f47e5ec0f221d0e218148c755dfcd9eca0b4b620466d
367070011,Lil-Lets Cardboard Applicator Super,Lil-lets,1,https://www.ocado.com/products/367070011,vegan,manufacturer,https://www.lil-lets.com/uk/sustainability/cruelty-free-periods/,https://www.lil-lets.com/uk/sustainability/cruelty-free-periods/,36e85b53afdfa2b154714000eda6ace4cfc8bbd1c312452db5abf6469a94245c,3cf542296288215593a3e54a6036cd6671a866c4974a724afbc77bec866d85a5 d4b221cb98b833483114f47e5ec0f221d0e218148c755dfcd9eca0b4b620466d
372338011,Orly 4 in 1 Breathable Treatment & Colour Nail Polish - The Antidote,Orly,0,https://www.ocado.com/products/372338011,vegan,manufacturer,https://www.orlybeauty.co.uk/pages/vegan-nail-polish,https://www.orlybeauty.co.uk/pages/vegan-nail-polish,059710c23892bee81a3fcb196170b7227ad3fa6d1d65e9686e14a0f30e571614,46aea2ee6813ff1954bbd739406cf760a143b1edba7f81792ea54836776978d3
372339011,Orly 4 in 1 Breathable Treatment & Colour Nail Polish - Just Breathe,Orly,0,https://www.ocado.com/products/372339011,vegan,manufacturer,https://www.orlybeauty.co.uk/pages/vegan-nail-polish,https://www.orlybeauty.co.uk/pages/vegan-nail-polish,6c43994aeb689ec9d250b2e95adef8330d21c936de9f0227c18c21d847c2e599,46aea2ee6813ff1954bbd739406cf760a143b1edba7f81792ea54836776978d3
372340011,Orly 4 in 1 Breathable Treatment & Colour Nail Polish - Nourishing Nude,Orly,0,https://www.ocado.com/products/372340011,vegan,manufacturer,https://www.orlybeauty.co.uk/pages/vegan-nail-polish,https://www.orlybeauty.co.uk/pages/vegan-nail-polish,8c5f1f53dc378fafefb5a66b4dc0917a3ee8081f9c81b87a354ee52127f1434f,46aea2ee6813ff1954bbd739406cf760a143b1edba7f81792ea54836776978d3
372342011,Orly 4 in 1 Breathable Treatment & Colour Nail Polish - Love My Nails,Orly,0,https://www.ocado.com/products/372342011,vegan,manufacturer,https://www.orlybeauty.co.uk/pages/vegan-nail-polish,https://www.orlybeauty.co.uk/pages/vegan-nail-polish,3c569f8314d7177fe013f9be6fe1b73cc88bc1fafb24691f1e886b7f26312b92,46aea2ee6813ff1954bbd739406cf760a143b1edba7f81792ea54836776978d3
373833011,Neals Yard Mothers Bath Oil,Neal's Yard Remedies,1,https://www.ocado.com/products/373833011,vegan,manufacturer,https://www.nealsyardremedies.com/products/mothers-bath-oil-100ml,https://www.nealsyardremedies.com/products/mothers-bath-oil-100ml,af5ab1eec3169641aa9603b765a44daf59a23ce3304f3847e24156eb24db434b,fb74f7deeebcc30bea99cd3a10dbe685041679c2176a91abcffaab68b1507d09
373947011,Big Tom Spiced Tomato Juice,Big Tom,0,https://www.ocado.com/products/373947011,vegan,manufacturer,https://www.bigtom.co.uk/products/big-tom-150ml-can,https://www.bigtom.co.uk/products/big-tom-150ml-can,11df6430b27a6a9f64daed8c5b1b21f88b26b1836e320a8c5f1b44a106211dbb,5312cf3b9f7bb4ed680ddf04843656cbe5af99eaced47b67dbf7e5ab313afc00 67e757d23f0d54b5c8f862d6ebeea845a3fe3834c00c741f24319a56c83127a0 0a01bd381d12742acb03e229bbbb8b329e02739a0f2f23c6d323d5974bbfa571
376029011,Pepsi Max Cherry,Pepsi,1,https://www.ocado.com/products/376029011,vegan,manufacturer,https://www.pepsi.co.uk/faq,https://www.pepsi.co.uk/faq,96020e30483542e93bea73ad8a5af28718257f21d3a00b2d0c5dd5b8c3d73206,39914e626e7900e5ab69a67c0f33872f5c5656c79e9b1434f4ddf34e654c860c
376033011,Pepsi Max,Pepsi,1,https://www.ocado.com/products/376033011,vegan,manufacturer,https://www.pepsi.co.uk/faq,https://www.pepsi.co.uk/faq,d25f334905bcb1309e514902ca7f2e58a11835b838defc832bcdad43a1197fa9,39914e626e7900e5ab69a67c0f33872f5c5656c79e9b1434f4ddf34e654c860c
376039011,7UP Zero Sugar,7up,1,https://www.ocado.com/products/376039011,vegan,manufacturer,https://www.7up.co.uk/frequently-asked-question,https://www.7up.co.uk/frequently-asked-question,5bef2a7f5b6d60ad54b01058fc5a524297b68092870f991c8a97029ea13f1a20,b6c45482dbfa22fbcf56c69c5236f2fa598721155884632ac56b45405e73db42
377400011,Simple Kind To Skin Cleansing Facial Wipes,Simple,1,https://www.ocado.com/products/377400011,vegan,manufacturer,https://www.simple.co.uk/our-ranges/kind-to-skin.html,https://www.simple.co.uk/our-ranges/kind-to-skin.html,bf88a6f8afad65daabc04c05743f238d2412311c94e85302999d94e29fe3a6bf,f42ff39915e322efc7baaf6df946bd03039b36b9b4c9d414b9eba49485a848bc
377597011,Ecozone Appliance Descaler,Ecozone,1,https://www.ocado.com/products/377597011,vegan,manufacturer,https://ecozone.com/ecozone-frequently-asked-questions/,https://ecozone.com/ecozone-frequently-asked-questions/,4cd1673d97c8be066a63e00fd956ea6faad26b0f711bfc37fec8de84dad2b167,bb46816d6ac6ac12f83e74e7d9eb03508be6c1ca870dcb19f2798e2cbf529da7
377598011,Ecozone Tough Limescale Remover,Ecozone,0,https://www.ocado.com/products/377598011,vegan,manufacturer,https://ecozone.com/ecozone-frequently-asked-questions/,https://ecozone.com/ecozone-frequently-asked-questions/,094b87883f494936c728437148f60723fc0897369ec63e1e6754ccca4ce1be55,bb46816d6ac6ac12f83e74e7d9eb03508be6c1ca870dcb19f2798e2cbf529da7
378070011,Green People Protein Boost Shampoo,Green People,1,https://www.ocado.com/products/378070011,vegan,manufacturer,https://www.greenpeople.co.uk/products/protein-boost-shampoo-200ml,https://www.greenpeople.co.uk/products/protein-boost-shampoo-200ml,82c497537317a7d90f698285bc0977c0f217b4dce16c6f59b6e1332c80872f87,032b3b70e630ddbea3a61a464755be824be25028394a15ad459096e339042d5c
378676011,Hawkins & Brimble Beard Oil,Hawkins & Brimble,1,https://www.ocado.com/products/378676011,vegan,manufacturer,https://www.hawkinsandbrimble.co.uk/pages/faqs,https://www.hawkinsandbrimble.co.uk/pages/faqs,bd793cf458c9ba1432512f490e130b2ce34d50fa353efae0dbfe59b69a793bf6,cdfffa2634bf778911bc9452122a2a9870cce62c348379c9d5d1478753034d5f
378682011,Hawkins & Brimble Shaving Cream,Hawkins & Brimble,1,https://www.ocado.com/products/378682011,vegan,manufacturer,https://www.hawkinsandbrimble.co.uk/pages/faqs,https://www.hawkinsandbrimble.co.uk/pages/faqs,6a05f5849d0a91e41f5dc0c2af5eb69b56ac2da397597640a1192ba6cca17c22,cdfffa2634bf778911bc9452122a2a9870cce62c348379c9d5d1478753034d5f
380322011,Absolut Lime Flavoured Swedish Vodka,Absolut,1,https://www.ocado.com/products/380322011,vegan,manufacturer,https://www.absolut.com/en/faq/,https://www.absolut.com/en/faq/,01f027bc3b17f072e2ee1ec410e95c40a356320412386bc52220ee89947d0046,6d416f60c99bf304f6f4bfee92ec3c8f1d73f950bf55f2f62428762f49abbe6b
380777011,Soopa Cranberry & Sweet Potato Healthy Dog Treat Bites,Soopa,1,https://www.ocado.com/products/380777011,vegan,manufacturer,https://soopapets.com/blogs/dog-health/human-grade-dog-food-guide,https://soopapets.com/blogs/dog-health/human-grade-dog-food-guide,3f9c5ccacef526162735ca9b2cd504a36eb68838c58fe6fe04ac41aee7a3b700,57302c7cf8dac1baa78ce7a4022e0d8489c297d6084749a980b7bae4d81428eb
380778011,Soopa Pumpkin & Carrot Healthy Dog Treat Bites,Soopa,1,https://www.ocado.com/products/380778011,vegan,manufacturer,https://soopapets.com/blogs/dog-health/human-grade-dog-food-guide,https://soopapets.com/blogs/dog-health/human-grade-dog-food-guide,1dcb345a372f153ca46aac776cbc091c3a009c72b091c09f4d3a4aa0d6e21892,57302c7cf8dac1baa78ce7a4022e0d8489c297d6084749a980b7bae4d81428eb
380779011,Soopa Kale & Apple Healthy Dog Treat Bites,Soopa,1,https://www.ocado.com/products/380779011,vegan,manufacturer,https://soopapets.com/blogs/dog-health/human-grade-dog-food-guide,https://soopapets.com/blogs/dog-health/human-grade-dog-food-guide,ca6264556a868c62463cd38954c357f3ecaee16ae519b2f31cd99a24254293ef,57302c7cf8dac1baa78ce7a4022e0d8489c297d6084749a980b7bae4d81428eb
381389011,Nip+Fab Teen Skin Anti Blemish Moisturiser,Nip & Fab,1,https://www.ocado.com/products/381389011,vegan,manufacturer,https://www.nipandfab.com/blogs/blog/are-nip-fab-products-vegan-or-tested-on-animals,https://www.nipandfab.com/blogs/blog/are-nip-fab-products-vegan-or-tested-on-animals,25b8ab0386967ac86192ae0cac45614ef25ab76993b5869ee2fbdf94a3f3a4d8,2c84b810280d175898241c27a05c7f87cd21b4291119b4b5ee493d1706b3ac13
391773011,Lil-Lets Non-Applicator Tampons Super Plus Extra,Lil-lets,1,https://www.ocado.com/products/391773011,vegan,manufacturer,https://www.lil-lets.com/uk/sustainability/cruelty-free-periods/,https://www.lil-lets.com/uk/sustainability/cruelty-free-periods/,d964142ccc88662e7b17d3c0693a2b62f282c090f33d82d21b7e52e27c7cf26b,3cf542296288215593a3e54a6036cd6671a866c4974a724afbc77bec866d85a5 d4b221cb98b833483114f47e5ec0f221d0e218148c755dfcd9eca0b4b620466d
393351011,Truffle Hunter Whole Black Truffles,TruffleHunter,1,https://www.ocado.com/products/393351011,vegan,manufacturer,https://www.trufflehunter.co.uk/products/whole-black-truffles,https://www.trufflehunter.co.uk/products/whole-black-truffles,abc67a9bdea4419293bb3edbeba5e0384c0afdddb66a5659019fd37f245c8421,e00929cb3d84a13ca4d8199014cc125294f7e6c7414ac099843f3c94a2bed05c
393357011,"Truffle Hunter, Black Truffle Oil",TruffleHunter,1,https://www.ocado.com/products/393357011,vegan,manufacturer,https://www.trufflehunter.co.uk/products/black-truffle-olive-oil,https://www.trufflehunter.co.uk/products/black-truffle-olive-oil,0338e89c6bd10843fe3e8ba8cbfee48ac8141406cd48fd8085867160e2099180,d24d282291cd23ee1beaa6d6c1e520c74af2ac6e40d513674d6d96753eb4826e
393405011,Soopa Kale & Apple Dental Sticks Dog Treats,Soopa,1,https://www.ocado.com/products/393405011,vegan,manufacturer,https://soopapets.com/blogs/dog-health/human-grade-dog-food-guide,https://soopapets.com/blogs/dog-health/human-grade-dog-food-guide,c4042c1a7c062b1decc9f085a26311c91837d9c8a71a5346bd03b6502af8b24e,57302c7cf8dac1baa78ce7a4022e0d8489c297d6084749a980b7bae4d81428eb
393406011,Soopa Cranberry & Sweet Potato Dental Sticks Dog Treats,Soopa,1,https://www.ocado.com/products/393406011,vegan,manufacturer,https://soopapets.com/blogs/dog-health/human-grade-dog-food-guide,https://soopapets.com/blogs/dog-health/human-grade-dog-food-guide,49006211bfd148bdc71bf3a6b684ffc89d8c246db23043f8fa505b9f628e054b,57302c7cf8dac1baa78ce7a4022e0d8489c297d6084749a980b7bae4d81428eb
393407011,Soopa Pumpkin & Carrot Dental Sticks Dog Treats,Soopa,1,https://www.ocado.com/products/393407011,vegan,manufacturer,https://soopapets.com/blogs/dog-health/human-grade-dog-food-guide,https://soopapets.com/blogs/dog-health/human-grade-dog-food-guide,d3d6e468cec9c2379c101c8b394b8ac6dad9964e1837c1d653966fbb044d7696,57302c7cf8dac1baa78ce7a4022e0d8489c297d6084749a980b7bae4d81428eb
395272011,Ecover Pomegranate & Fig Washing Up Liquid,Ecover,1,https://www.ocado.com/products/395272011,vegan,manufacturer,https://uk.ecover.com/faq/are-ecover-products-vegan/,https://uk.ecover.com/faq/are-ecover-products-vegan/,85e307d7dda21a17600862068afc3d1abc191ce770a35e472cfeeac5d969ccb6,103aa905691a3d06b62fde31fb3885cd18c3b1b00f8974d57c9290d4da99eea2
395274011,Ecover Lemon & Aloe Washing Up Liquid,Ecover,1,https://www.ocado.com/products/395274011,vegan,manufacturer,https://uk.ecover.com/faq/are-ecover-products-vegan/,https://uk.ecover.com/faq/are-ecover-products-vegan/,271b101540d3dff3dab948ffbfc90b6db39cd61b3873d9d10f80a6504b6d0761,103aa905691a3d06b62fde31fb3885cd18c3b1b00f8974d57c9290d4da99eea2
395275011,Ecover Camomile & Clementine Washing Up Liquid,Ecover,1,https://www.ocado.com/products/395275011,vegan,manufacturer,https://uk.ecover.com/faq/are-ecover-products-vegan/,https://uk.ecover.com/faq/are-ecover-products-vegan/,fe6ab330cd926343d0207a213cf1e774a48e05736be5b4900a35fe8fbf89ebb1,103aa905691a3d06b62fde31fb3885cd18c3b1b00f8974d57c9290d4da99eea2
395276011,Ecover Lily & Lotus Washing Up Liquid,Ecover,1,https://www.ocado.com/products/395276011,vegan,manufacturer,https://uk.ecover.com/faq/are-ecover-products-vegan/,https://uk.ecover.com/faq/are-ecover-products-vegan/,083b880da7265d9ccae5a1940945cbf4fe5b667d8fbf229343a4e6a27d739612,103aa905691a3d06b62fde31fb3885cd18c3b1b00f8974d57c9290d4da99eea2
395277011,Ecover Zero Washing Up Liquid,Ecover,1,https://www.ocado.com/products/395277011,vegan,manufacturer,https://uk.ecover.com/faq/are-ecover-products-vegan/,https://uk.ecover.com/faq/are-ecover-products-vegan/,208f1bfee3d2059b5792e38acb1bc22cf0e1cea919d58351f3ec27ddc4131866,103aa905691a3d06b62fde31fb3885cd18c3b1b00f8974d57c9290d4da99eea2
395278011,Ecover Lemon & Aloe Washing Up Liquid,Ecover,1,https://www.ocado.com/products/395278011,vegan,manufacturer,https://uk.ecover.com/faq/are-ecover-products-vegan/,https://uk.ecover.com/faq/are-ecover-products-vegan/,28d9ffda7e1ba2c6ffffd0a3ac41131773d2b5ff7e00f887ee81b2be432e49c4,103aa905691a3d06b62fde31fb3885cd18c3b1b00f8974d57c9290d4da99eea2
396473011,Heartsease Farm Sparkling Ginger Beer,Heartsease Farm,0,https://www.ocado.com/products/396473011,vegan,manufacturer,https://www.radnorhills.co.uk/explore-our-ranges/heartsease-farm/,https://www.radnorhills.co.uk/explore-our-ranges/heartsease-farm/,3c13ad8d031dd136c93e0f99f13910072340fcae881453cf12a3bae006830c8e,9ff74e433df1c58cbf9c7cdd860d8c55821840e81b92c5f5c7964eec6a5c6b65
403639011,Orly Polish - Rage,Orly,0,https://www.ocado.com/products/403639011,vegan,manufacturer,https://www.orlybeauty.co.uk/pages/vegan-nail-polish,https://www.orlybeauty.co.uk/pages/vegan-nail-polish,a5ecf24c3cd951f521debb7fcf6ab419954b942623c706155b75c99a878bb1dc,46aea2ee6813ff1954bbd739406cf760a143b1edba7f81792ea54836776978d3
404445011,Essential Oil Elixir 50ml,,1,https://www.ocado.com/products/404445011,vegan,manufacturer,https://windlelondon.com/products/essential-oils-elixir,https://windlelondon.com/products/essential-oils-elixir,212623241a70ec59c1545c3233ee1ce3b9104008bae8d8eeacadb8e58148f81f,16edbd0612d31e22042e7e7bb2903c2287b8127c41af4475ce7e8ffc3ffc38ec
404447011,Oceanic Spray,,1,https://www.ocado.com/products/404447011,vegan,manufacturer,https://windlelondon.com/products/oceanic-spray,https://windlelondon.com/products/oceanic-spray,643a2eca611e42cc620d417dc0fdbf1b0d408ab9a2103a4f72e0241896d4fcb1,dadd0a04c5d592c605b01da773474504c29b02ec50b97ec34ba83337a80d4d10
404503011,Ultra Nourishing Conditioner,,1,https://www.ocado.com/products/404503011,vegan,manufacturer,https://windlelondon.com/products/ultra-nourishing-conditioner,https://windlelondon.com/products/ultra-nourishing-conditioner,ddd9ed80cb3528176a6b284156976368143ccbac47169e755d9fcc981c8b0e0e,e2b5de1bd50cc5d144d94b6c964957beedca00305235609af3562a7d3af8c7c0
404537011,Lil-Lets Maternity Pads,Lil-lets,1,https://www.ocado.com/products/404537011,vegan,manufacturer,https://www.lil-lets.com/uk/sustainability/cruelty-free-periods/,https://www.lil-lets.com/uk/sustainability/cruelty-free-periods/,6536d20d016dca1393d5afb97d8e9ee52cc25fb59c558ba17a95d2a364bee166,3cf542296288215593a3e54a6036cd6671a866c4974a724afbc77bec866d85a5 808cc5df05f081ad369bc8d2dd5fd1a8b08f5d64f8523728535f2a6631d91d61
404676011,Boucleme Natural Curl Defining Gel,Boucleme,1,https://www.ocado.com/products/404676011,vegan,manufacturer,https://www.boucleme.co.uk/products/curl-defining-gel,https://www.boucleme.co.uk/products/curl-defining-gel,096a2a02c8e2f320f27c8a5d761660bf33803c68fa28f47ecffa16d1a0436fce,06d50bbd7d02ca84c4ccff03698d6cc936fafa7711063fd7f448cac8cb11bccc 94531ad897739f917b80ff0f72dcc03bc4a6480669453a241fe4a5828991c421 2b39f50ace8fb7642833390b6c0f5f53421f57b58cebaafc38153ca739874365
404679011,Boucleme Natural Hydrating Hair Cleanser,Boucleme,1,https://www.ocado.com/products/404679011,vegan,manufacturer,https://www.boucleme.co.uk/products/hydrating-hair-cleanser,https://www.boucleme.co.uk/products/hydrating-hair-cleanser,bc16e42051aad2da51dc576a2de05296cee45c9fbf9322f85e10a6e5ae7c3f47,cc54571a967039ef441a746affdfdaf025a50c36af94758138a9669194154031 94531ad897739f917b80ff0f72dcc03bc4a6480669453a241fe4a5828991c421 2b39f50ace8fb7642833390b6c0f5f53421f57b58cebaafc38153ca739874365
405074011,This Works Deep Sleep Pillow Spray,This Works,1,https://www.ocado.com/products/405074011,vegan,manufacturer,https://www.thisworks.com/products/deep-sleep-pillow-spray-75ml,https://www.thisworks.com/products/deep-sleep-pillow-spray-75ml,1765cde8e0b0e19e87bd49d3a90f57d5bee8963f7d47526ad177e713741951df,10ec6036e3fae0420c331b9d1f4ff93b4082f1ccc2acbd360e21d0a5d13e0709
406598011,Ribena Pineapple & Passionfruit Squash,Ribena,1,https://www.ocado.com/products/406598011,vegan,manufacturer,https://ribena.co.uk/support/faqs/,https://ribena.co.uk/support/faqs/,a7b8d8ee213dc7117a6f61e581afe3f41fb015063560070f9eb20d016f811b96,f46e7de61add12247301a5ca6d89b0735fa21b35a58619526f3a21ad9b56c477
406671011,Fever-Tree Light Mediterranean Tonic Cans,Fever-Tree,1,https://www.ocado.com/products/406671011,vegan,manufacturer,https://fever-tree.com/en-gb/faqs-contact-us,https://fever-tree.com/en-gb/faqs-contact-us,a501c96f1cec5ea617c47dc4a26cc873d09a8962faa348bcb297b77f05220ddf,b000aa556867dec084c2af5135fc21ab1776764b39d9ddde0cf045d6a8fb9964
406672011,Fever-Tree Light Aromatic Tonic Water Cans,Fever-Tree,1,https://www.ocado.com/products/406672011,vegan,manufacturer,https://fever-tree.com/en-gb/faqs-contact-us,https://fever-tree.com/en-gb/faqs-contact-us,7e41ab7e2713da0fc926c0b5a137860df79ba0979d2794ea04ccde809429f390,b000aa556867dec084c2af5135fc21ab1776764b39d9ddde0cf045d6a8fb9964
406673011,Fever-Tree Light Elderflower Tonic Cans,Fever-Tree,1,https://www.ocado.com/products/406673011,vegan,manufacturer,https://fever-tree.com/en-gb/faqs-contact-us,https://fever-tree.com/en-gb/faqs-contact-us,0446858dbbc7410c55be6b42d0d0040892ed419c4bbdf194592daefa9b133256,b000aa556867dec084c2af5135fc21ab1776764b39d9ddde0cf045d6a8fb9964
406674011,Fever-Tree Refreshingly Light Ginger Ale,Fever-Tree,1,https://www.ocado.com/products/406674011,vegan,manufacturer,https://fever-tree.com/en-gb/faqs-contact-us,https://fever-tree.com/en-gb/faqs-contact-us,91961b96d7a99c07aa52a89875ce58695c79e7de98453c450f619a4ad08e148e,b000aa556867dec084c2af5135fc21ab1776764b39d9ddde0cf045d6a8fb9964
406675011,Fever-Tree Light Elderflower Tonic,Fever-Tree,1,https://www.ocado.com/products/406675011,vegan,manufacturer,https://fever-tree.com/en-gb/faqs-contact-us,https://fever-tree.com/en-gb/faqs-contact-us,5d5e5665ebe116d40062daa46d0f119792cc2b6059a3a8c64cf2d7f78417179a,b000aa556867dec084c2af5135fc21ab1776764b39d9ddde0cf045d6a8fb9964
406676011,Fever-Tree Refreshingly Light Madagascan Cola,Fever-Tree,1,https://www.ocado.com/products/406676011,vegan,manufacturer,https://fever-tree.com/en-gb/faqs-contact-us,https://fever-tree.com/en-gb/faqs-contact-us,2bc7f839ad6a70703e630b0375861003cdcb6e461f8172dca463e92239c7deac,b000aa556867dec084c2af5135fc21ab1776764b39d9ddde0cf045d6a8fb9964
406677011,Fever-Tree Refreshingly Light Sicilian Lemonade,Fever-Tree,1,https://www.ocado.com/products/406677011,vegan,manufacturer,https://fever-tree.com/en-gb/faqs-contact-us,https://fever-tree.com/en-gb/faqs-contact-us,97fb56dbcb68502050551d2bf132d2900f6691d64cea8e2cda999358c7a28ea6,b000aa556867dec084c2af5135fc21ab1776764b39d9ddde0cf045d6a8fb9964
406678011,Fever-Tree Light Aromatic Tonic Water,Fever-Tree,0,https://www.ocado.com/products/406678011,vegan,manufacturer,https://fever-tree.com/en-gb/faqs-contact-us,https://fever-tree.com/en-gb/faqs-contact-us,bde7831e8358af3e631af7c12aa804df2ea24d790aeca145b74c7195339ea0e9,b000aa556867dec084c2af5135fc21ab1776764b39d9ddde0cf045d6a8fb9964
406679011,Fever-Tree Light Mediterranean Tonic,Fever-Tree,1,https://www.ocado.com/products/406679011,vegan,manufacturer,https://fever-tree.com/en-gb/faqs-contact-us,https://fever-tree.com/en-gb/faqs-contact-us,603cce45542a1feddc4980b7b2f007aa5b4db55dc06237601c2f5c53dfb0a343,b000aa556867dec084c2af5135fc21ab1776764b39d9ddde0cf045d6a8fb9964
410629011,Method Rhubarb All Purpose Floor Cleaner,Method,1,https://www.ocado.com/products/410629011,vegan,manufacturer,https://methodproducts.co.uk/about-us/faq/,https://methodproducts.co.uk/about-us/faq/,75376e05895eb4a65e58402e57c8318e099495a9deed5e57110c1c42b0f424f8,746e77346138f37e5f7008edf1df397fd577b7a48ed80d68554f2247288a0e12 af56d2c5ebe196f060f2be37c35644dbed4abf1f9a6f9ee93ddb6e9b289ba122
410630011,Method Passion Fruit Daily Shower Spray,Method,1,https://www.ocado.com/products/410630011,vegan,manufacturer,https://methodproducts.co.uk/beyond-the-bottle/business-for-good-uk/,https://methodproducts.co.uk/about-us/faq/,c5e8001c1d4585816052b435f860868ea26ede530ee34bb3b05abb5c7253511f,746e77346138f37e5f7008edf1df397fd577b7a48ed80d68554f2247288a0e12 af56d2c5ebe196f060f2be37c35644dbed4abf1f9a6f9ee93ddb6e9b289ba122
411423011,Otex Sodium Bicarbonate Ear Drops,Otex,1,https://www.ocado.com/products/411423011,vegan,manufacturer,https://www.otexear.com/products/otex-sodium-bicarbonate-ear-drops/,https://www.otexear.com/products/otex-sodium-bicarbonate-ear-drops/,77acf0310164d1e6670f37dc40f69c7fbb569bcc9bf9f1c0d7bbf7c2bf317b96,11dbf2231d28bf84496c6493a1300c2ce711132a4ab3a5cc6897427860e54a98
411792011,Pepsi Max,Pepsi,1,https://www.ocado.com/products/411792011,vegan,manufacturer,https://www.pepsi.co.uk/faq,https://www.pepsi.co.uk/faq,75d5c28597f86f7310c426b8e37aaa032f7ca02231c535b4149a7a14a47b42ca,39914e626e7900e5ab69a67c0f33872f5c5656c79e9b1434f4ddf34e654c860c
415274011,Ribena Blackcurrant Juice Cartons,Ribena,1,https://www.ocado.com/products/415274011,vegan,manufacturer,https://ribena.co.uk/support/faqs/,https://ribena.co.uk/support/faqs/,5398bfedb0ce787a20dad13edf0a1b90bd394612872edb4df015879373d15f29,f46e7de61add12247301a5ca6d89b0735fa21b35a58619526f3a21ad9b56c477
415275011,Ribena Stawberry Juice Cartons,Ribena,1,https://www.ocado.com/products/415275011,vegan,manufacturer,https://ribena.co.uk/support/faqs/,https://ribena.co.uk/support/faqs/,3971eb97f5f1288c8325480875d070b4039c5414c8946b063ea625cb4b7a6744,f46e7de61add12247301a5ca6d89b0735fa21b35a58619526f3a21ad9b56c477
415953011,Ultrasun Kids SPF 50+ Sunscreen,Ultrasun,1,https://www.ocado.com/products/415953011,vegan,manufacturer,https://www.ultrasun.co.uk/pages/product-faqs,https://www.ultrasun.co.uk/pages/product-faqs,b703c0e73bf37a6d8492089fad82c2bdeef492da80e5c7630c520cc9a0de8b9e,9a320cf740d5c745ef422362a613a67d28081c30330fdf3a1bd752a3d4e47c93
416640011,Frankincense Intense Lift Eye Cream,,1,https://www.ocado.com/products/416640011,vegan,manufacturer,https://www.nealsyardremedies.com/products/frankincense-intense-lift-eye-cream-15ml,https://www.nealsyardremedies.com/products/frankincense-intense-lift-eye-cream-15ml,0362e2cbdca41983ead99c5cf1c4181b681319277b511939c1cf6682171b1610,b7eb3d1b36c362e696564bae9bb891715354b9f13e9cf8e543eb96a2b28b86fd
419472011,Sukin Natural Cleansing Shampoo,Sukin,1,https://www.ocado.com/products/419472011,vegan,manufacturer,https://sukinnaturals.co.uk/pages/brand-values,https://sukinnaturals.co.uk/pages/brand-values,0d6ad9f24f0313b3ad4b1608e4552f374bd804c1f8c866e6e800daaee425360f,d71661a2bad3e55c57f5013d2f2c9901d5e2214c881c137292626e2cb07e5529
419473011,Sukin Natural Cleansing Conditioner,Sukin,1,https://www.ocado.com/products/419473011,vegan,manufacturer,https://sukinnaturals.co.uk/pages/brand-values,https://sukinnaturals.co.uk/pages/brand-values,b156720e101e74f204f1e2a25494b1f462a44de3a92f0ab3f3b71b132a95458b,d71661a2bad3e55c57f5013d2f2c9901d5e2214c881c137292626e2cb07e5529
419538011,Cetaphil Gentle Skin Cleanser,Cetaphil,1,https://www.ocado.com/products/419538011,vegan,manufacturer,https://www.cetaphil.co.uk/cleansers/gentle-skin-cleanser/5020465202554.html,https://www.cetaphil.co.uk/cleansers/gentle-skin-cleanser/5020465202554.html,a44b05ec5cd95fcb7bebeaabb0edec6b0e8e6a050ebbdf363a472ae1d41e2f3f,a52941ea93801da14499edfc4f48f87a19b7e78a45d3fa9d144d027a3bf4b968
419539011,Cetaphil Oily Skin Cleanser,Cetaphil,1,https://www.ocado.com/products/419539011,vegan,manufacturer,https://www.cetaphil.co.uk/cleansers/oily-skin-cleanser/5020465200969.html,https://www.cetaphil.co.uk/cleansers/oily-skin-cleanser/5020465200969.html,fd28db5967cc622f4536004de99a9a33da42ecccbdb0483ddb917ebadd358e60,1d541c04069e25d357a4c20186c11c3ddba63d707cc149fed2a86001f352d668
419540011,Cetaphil Gentle Skin Cleanser,Cetaphil,1,https://www.ocado.com/products/419540011,vegan,manufacturer,https://www.cetaphil.co.uk/cleansers/gentle-skin-cleanser/5020465202554.html,https://www.cetaphil.co.uk/cleansers/gentle-skin-cleanser/5020465202554.html,f4598e8aa88417be75e9855fd152ca1beb002b7317cdd8656c99f22002dc8d38,a52941ea93801da14499edfc4f48f87a19b7e78a45d3fa9d144d027a3bf4b968
419541011,Cetaphil Moisturising Lotion,Cetaphil,1,https://www.ocado.com/products/419541011,vegan,manufacturer,https://www.cetaphil.co.uk/skin-concern/dull-%26-dehydrated/moisturising-lotion/5020465200437-1.html,https://www.cetaphil.co.uk/skin-concern/dull-%26-dehydrated/moisturising-lotion/5020465200437-1.html,4f115eae184eaf61ab0e4b1b98466d69c9d49fdc0c94eee8c69cab1451c372c2,9c3158c3c7c68fbf7b98932ffe1fc3e631ee2ea06452f8016e0f0282ea132a48
419544011,Cetaphil Rich Night Cream,Cetaphil,1,https://www.ocado.com/products/419544011,vegan,manufacturer,https://www.cetaphil.co.uk/moisturisers/rich-night-cream/5020465201700.html,https://www.cetaphil.co.uk/moisturisers/rich-night-cream/5020465201700.html,4a2aed95f950c21f701a927f006cf27b7b6f4dca0af690134eb213ea0d9285c7,e49a3dc39ca3138a886b4a40c062cdfdfb54aa7741f23ac588b4dba5166e556d
419545011,Cetaphil Body Cream,Cetaphil,1,https://www.ocado.com/products/419545011,vegan,manufacturer,https://www.cetaphil.co.uk/skin-concern/dull-%26-dehydrated/moisturising-cream/5020465202097.html,https://www.cetaphil.co.uk/skin-concern/dull-%26-dehydrated/moisturising-cream/5020465202097.html,12c538f3a231db30881ee9cc31d9ae189c912e02f8f6d129c23bc09e3a80279c,bf16781f7345cb486d7906d88dcbae384c201ce103d33ce0c8056911e159e556
420019011,Neal's Yard Aromatic Shower Gel,Neal's Yard Remedies,1,https://www.ocado.com/products/420019011,vegan,manufacturer,https://www.nealsyardremedies.com/products/aromatic-shower-gel-200ml,https://www.nealsyardremedies.com/products/aromatic-shower-gel-200ml,71d7dca7f43360814309083ed1638b384cbd6cd7a187ca6a49ada6de23c0a196,612b4b883c0a76f9058d60d045d22954e237f68175720633871618205a478469
422824011,Fever-Tree Light Cucumber Tonic Water,Fever-Tree,1,https://www.ocado.com/products/422824011,vegan,manufacturer,https://fever-tree.com/en-gb/faqs-contact-us,https://fever-tree.com/en-gb/faqs-contact-us,cdda40704dc8f4d3080be793826c66567add567c5e69b1012a8458e596f62863,b000aa556867dec084c2af5135fc21ab1776764b39d9ddde0cf045d6a8fb9964
423327011,Nip+Fab Salicylic Acid Toner,Nip & Fab,1,https://www.ocado.com/products/423327011,vegan,manufacturer,https://www.nipandfab.com/blogs/blog/are-nip-fab-products-vegan-or-tested-on-animals,https://www.nipandfab.com/blogs/blog/are-nip-fab-products-vegan-or-tested-on-animals,087ad9ad43d7689e2d0e96bba807e8b0e6540ffabb243f107b78a7061a8fb086,2c84b810280d175898241c27a05c7f87cd21b4291119b4b5ee493d1706b3ac13
423331011,Nip+Fab Salicylic Acid Night Pads,Nip & Fab,1,https://www.ocado.com/products/423331011,vegan,manufacturer,https://www.nipandfab.com/blogs/blog/are-nip-fab-products-vegan-or-tested-on-animals,https://www.nipandfab.com/blogs/blog/are-nip-fab-products-vegan-or-tested-on-animals,3a181abfaf6266c70f178be99c0fd6d9a676e9304f2cbb382d05d2a486c6d422,2c84b810280d175898241c27a05c7f87cd21b4291119b4b5ee493d1706b3ac13
423725011,"Truffle Hunter, Truffle Oil Selection",TruffleHunter,1,https://www.ocado.com/products/423725011,vegan,manufacturer,https://www.trufflehunter.co.uk/products/truffle-oil-selection,https://www.trufflehunter.co.uk/products/truffle-oil-selection,a23fdac35a8a8957fa06a90aabaf0a7ea1b35fac23f8979b946db2a1ae3e80a1,f90a6de3419acd0197d15592638642a4c013dd28436fe8d90023c51c6bbc4ea6
425186011,Oatly Oat Drink Semi Chilled,Oatly,1,https://www.ocado.com/products/425186011,vegan,manufacturer,https://www.oatly.com/en-gb/random-answers,https://www.oatly.com/en-gb/random-answers,37d8f8ff4cdf971cc75a59d74b5d329670c9fd1697526e154fab317c75f07abb,8a4820af2d8eb4ff7c5cb9e02eff1901ef1e57b63fbe48ba1366bb0ec9b9602f
425187011,Oatly Oat Drink Skinny Chilled,Oatly,0,https://www.ocado.com/products/425187011,vegan,manufacturer,https://www.oatly.com/en-gb/random-answers,https://www.oatly.com/en-gb/random-answers,d7ea5ea886cd3dc23cf551ac693cf7f4db99ef3eb020d925d10ce6d42ac4a8f9,8a4820af2d8eb4ff7c5cb9e02eff1901ef1e57b63fbe48ba1366bb0ec9b9602f
434434011,"NIP+FAB Glycolic Fix Exfoliating Night Pads Extreme, Supersize",Nip & Fab,1,https://www.ocado.com/products/434434011,vegan,manufacturer,https://www.nipandfab.com/blogs/blog/are-nip-fab-products-vegan-or-tested-on-animals,https://www.nipandfab.com/blogs/blog/are-nip-fab-products-vegan-or-tested-on-animals,54518b168129bc61dd9828ec6d0aeea44554eaeded61ca7ddd1034e0e8e1eded,2c84b810280d175898241c27a05c7f87cd21b4291119b4b5ee493d1706b3ac13
434495011,Carex Advanced Care+ Macadamia Oil Antibacterial Handwash,Carex,1,https://www.ocado.com/products/434495011,vegan,manufacturer,https://www.cussonscarex.com/uk/faqs/,https://www.cussonscarex.com/uk/faqs/,122ba20fdf642725755177caa8af79621ed917ff7d3f2851983ad1daea0c00a6,47d0b03d712ff2ac97c916a8bd41d046dc78232a8832ad5d0f4cd7d31140a815
436194011,Dalston's Sparkling Cherry,Dalston's,1,https://www.ocado.com/products/436194011,vegan,manufacturer,https://dalstons.com/pages/faq,https://dalstons.com/pages/faq,2b1315812b000227162c11e5d28e8f72773b19b9f5ef3c12f33ffc348d4d88f0,d2c05de26f724e75c32ee5f56a38db1bff5b359de2406f15f10a2670ce10cd8b
436529011,Nocco Caribbean,Nocco,1,https://www.ocado.com/products/436529011,vegan,manufacturer,https://nocco.co.uk/product/nocco-limon-del-sol/,https://nocco.co.uk/product/nocco-limon-del-sol/,008e28e7573c629175c96538848e5a6e9033118d6f8b63320a9b5e72bf04f138,405f51014c5bd475b9de41b2a7b2987015885a71746e146dd6521342ddd84ada
437017011,Skin Smoothing Cream,,1,https://www.ocado.com/products/437017011,vegan,manufacturer,https://www.dermalogica.co.uk/pages/about-us,https://www.dermalogica.co.uk/pages/about-us,3d058b8a37b0588bd6227a8ad219dce64558c9581670652c9ead0e2b30aa44eb,5784df12f3ab02b38f5b58547621157c156b76a0ae2ac7835bc0fd3d04d7d199 37d88d6d547cf125f53d050be33d1b743b5657afcaf904e18d9ce2c8f9030f76 fb916aae9e3cab3e5c3f33cd67a7a176054d3e93f9824fd0a2eeae1fa7ed797e
440787011,The Ritual of Hammam Massage Oil,,1,https://www.ocado.com/products/440787011,vegan,manufacturer,https://www.rituals.com/en-gb/p/bdy/1121764,https://www.rituals.com/en-gb/p/bdy/1121764,28d166797f8ca725d65c7139a30f674c8fd7b6a784cf36b3add38eb77cadae29,e714ec647b574c7578c86d5f5ab5ee34458594b991bd895d9119f82503f9677a
442581011,Renaissance Cleansing Gel,,1,https://www.ocado.com/products/442581011,vegan,manufacturer,https://www.oskiaskincare.com/products/renaissance-cleansing-gel,https://www.oskiaskincare.com/products/renaissance-cleansing-gel,ee6d0e49f8c6c45838db4d948dc181844b72dbea44f1969f2d676f43b6cc7e08,87595a520786b138999da856f6e173ac00a5b893368062a7af04fead0fa698fe
445219011,Carlsberg Alcohol Free Lager Beer Bottles,Carlsberg,1,https://www.ocado.com/products/445219011,vegan,manufacturer,https://www.carlsberg.com/en-gb/better-answers/is-carlsberg-vegan/,https://www.carlsberg.com/en-gb/better-answers/is-carlsberg-vegan/,e79eb5f4afc01c6aea27e27d4056996dff78e3ecd8d01fb0ed6fbef516348575,94a59917fa6a2289c6a133f866ce5d98bb309412ea8b8c561308c37af53e16e2
445426011,UFC 100% Watermelon Juice,UFC,0,https://www.ocado.com/products/445426011,vegan,manufacturer,https://ufcrefreshcoco.com/faq/,https://ufcrefreshcoco.com/faq/,63aa408acd8ac43dda080573d815c96bd33818db7e73f90ca6dcc7aab44f9f44,e4c3da09ac91a59afda241848b9d5a5b66d93481da1b61841cae4e67b38f99a3
445883011,Method Touch Wood Polish Spray,Method,1,https://www.ocado.com/products/445883011,vegan,manufacturer,https://methodproducts.co.uk/beyond-the-bottle/business-for-good-uk/,https://methodproducts.co.uk/about-us/faq/,777950d4c1a39f47fb59fb61b1b6cafea1017e85964ab6679cd95295eab45de0,746e77346138f37e5f7008edf1df397fd577b7a48ed80d68554f2247288a0e12 af56d2c5ebe196f060f2be37c35644dbed4abf1f9a6f9ee93ddb6e9b289ba122
445884011,Method Stainless Steel Polish Spray,Method,1,https://www.ocado.com/products/445884011,vegan,manufacturer,https://methodproducts.co.uk/beyond-the-bottle/business-for-good-uk/,https://methodproducts.co.uk/about-us/faq/,cd69cb32e88cd5e5dfd024b43d759742d351ee54e02e8304edfed16584b1ba3b,746e77346138f37e5f7008edf1df397fd577b7a48ed80d68554f2247288a0e12 af56d2c5ebe196f060f2be37c35644dbed4abf1f9a6f9ee93ddb6e9b289ba122
445885011,Method Daily Granite & Marble Spray,Method,1,https://www.ocado.com/products/445885011,vegan,manufacturer,https://methodproducts.co.uk/beyond-the-bottle/business-for-good-uk/,https://methodproducts.co.uk/about-us/faq/,03ac55eaf9ab55a6198c1452dab0d85c9082c3b0b70c2877e666d174c57f5b45,746e77346138f37e5f7008edf1df397fd577b7a48ed80d68554f2247288a0e12 af56d2c5ebe196f060f2be37c35644dbed4abf1f9a6f9ee93ddb6e9b289ba122
448730011,Mitchum Women Shower Fresh Roll on,Mitchum,1,https://www.ocado.com/products/448730011,vegan,manufacturer,https://www.mitchum.co.uk/products/mitchum-women-core-48h-roll-on-shower-fresh-100ml,https://www.mitchum.co.uk/products/mitchum-women-core-48h-roll-on-shower-fresh-100ml,b05b5fd1de7e81de3e55ed846de3e80902f362f3e7c705811ad5c6e15da51074,7be7a6dbaec51abbdeda55818902ba6f352792818d5287f59c2cc32e0e9ae30a
448731011,Mitchum Men Clean Control Roll On Deodorant,Mitchum,1,https://www.ocado.com/products/448731011,vegan,manufacturer,https://www.mitchum.co.uk/products/mitchum-men-core-48h-roll-on-clean-control-100ml,https://www.mitchum.co.uk/products/mitchum-men-core-48h-roll-on-clean-control-100ml,5747dad41afcc1952494182952772fa35d2cd214d068902632b6ed90f234a75a,df033ae974128911588dcb76456b1b4e1f6a45abdaafa97cce3be4ca77deee7b
448743011,Carex Original Antibacterial Handwash Refill,Carex,1,https://www.ocado.com/products/448743011,vegan,manufacturer,https://www.cussonscarex.com/uk/faqs/,https://www.cussonscarex.com/uk/faqs/,103d7bac283b4993167d2309a2edac4ea76180cea458079e92469f7d35a51fc6,47d0b03d712ff2ac97c916a8bd41d046dc78232a8832ad5d0f4cd7d31140a815
448744011,Carex Moisture Antibacterial Handwash Refill,Carex,0,https://www.ocado.com/products/448744011,vegan,manufacturer,https://www.cussonscarex.com/uk/faqs/,https://www.cussonscarex.com/uk/faqs/,3467302e3047f99750e27f7dcc5031551417eb905e2d08df821c04322121706e,47d0b03d712ff2ac97c916a8bd41d046dc78232a8832ad5d0f4cd7d31140a815
449169011,Fever-Tree Refreshingly Light Ginger Ale Cans,Fever-Tree,1,https://www.ocado.com/products/449169011,vegan,manufacturer,https://fever-tree.com/en-gb/faqs-contact-us,https://fever-tree.com/en-gb/faqs-contact-us,399393e7c0154ba90b42a4adea1e49859d5cb1571261e1bbfa0c3625d5b8a2a8,b000aa556867dec084c2af5135fc21ab1776764b39d9ddde0cf045d6a8fb9964
451231011,Ecover Zero Multi Surface Spray,Ecover,1,https://www.ocado.com/products/451231011,vegan,manufacturer,https://uk.ecover.com/faq/are-ecover-products-vegan/,https://uk.ecover.com/faq/are-ecover-products-vegan/,ff1ef1af2bc1b3488e1fe09c12a110ad435f2dd71f23b91baa7f54189ac471d3,103aa905691a3d06b62fde31fb3885cd18c3b1b00f8974d57c9290d4da99eea2
451233011,Ecover Zero Delicate Laundry Liquid 22 Wash,Ecover,1,https://www.ocado.com/products/451233011,vegan,manufacturer,https://uk.ecover.com/faq/are-ecover-products-vegan/,https://uk.ecover.com/faq/are-ecover-products-vegan/,e5ce8b6808cec53a6e6eae4d077a7dd06a0c3a811871be4e73e4e4368ac0e084,103aa905691a3d06b62fde31fb3885cd18c3b1b00f8974d57c9290d4da99eea2
452760011,Soopa Coconut & Chia Seed Dental Stick Dog Treat,Soopa,1,https://www.ocado.com/products/452760011,vegan,manufacturer,https://soopapets.com/blogs/dog-health/human-grade-dog-food-guide,https://soopapets.com/blogs/dog-health/human-grade-dog-food-guide,85b05f2aa9b90276f50c71c95c6c489683a44d7829dfe7afd4c15a576aaf5510,57302c7cf8dac1baa78ce7a4022e0d8489c297d6084749a980b7bae4d81428eb
452761011,Soopa Banana & Peanut Butter Dental Stick Dog Treat,Soopa,1,https://www.ocado.com/products/452761011,vegan,manufacturer,https://soopapets.com/blogs/dog-health/human-grade-dog-food-guide,https://soopapets.com/blogs/dog-health/human-grade-dog-food-guide,446661d2b78c597a05495b518c2c42242b22456f26e83d1bf7e60a418afe6354,57302c7cf8dac1baa78ce7a4022e0d8489c297d6084749a980b7bae4d81428eb
453878011,Absolut Mango Flavoured Swedish Vodka,Absolut,1,https://www.ocado.com/products/453878011,vegan,manufacturer,https://www.absolut.com/en/faq/,https://www.absolut.com/en/faq/,da41949b7bceb5966c4e1c647def827cbea1e8eaabbeb6ace99351d660f4f6fe,6d416f60c99bf304f6f4bfee92ec3c8f1d73f950bf55f2f62428762f49abbe6b
454228011,Sanex Expert Skin Health Moisturising Body Wash Shower Gel Pump,Sanex,1,https://www.ocado.com/products/454228011,vegan,manufacturer,https://www.sanex.co.uk/products/shower/sanex-expert-skin-health-moisturising-shower-gel,https://www.sanex.co.uk/products/shower/sanex-expert-skin-health-moisturising-shower-gel,71145b41586b59fdf49d8ad39b4a4c44a7a99098ddb6844b59c0691c0af9d262,73814bee7b7db766aebebabd2e812ea742820f47cb052276ffcd46b17f112f4d
454230011,Sanex Expert Skin Health Kids Bubble Bath Body Wash Shower Gel Pump,Sanex,1,https://www.ocado.com/products/454230011,vegan,manufacturer,https://www.sanex.co.uk/products/shower/sanex-expert-skin-health-head-to-toe-body-wash-for-kids,https://www.sanex.co.uk/products/shower/sanex-expert-skin-health-head-to-toe-body-wash-for-kids,4e8a96f35e6a1654baf7886c305609a056bf74fc4712644cfb2aca4bcb860c6d,abcd509e5bb94a301d62a7deb325b475956123d67e6408e9dbe724236689b3ac
456197011,Natracare Safe To Flush Organic Moist Tissues,Natracare,1,https://www.ocado.com/products/456197011,vegan,manufacturer,https://www.natracare.com/why-natracare/vegan/,https://www.natracare.com/why-natracare/vegan/,c5f6346b5fd8aaee07e626e5ec1a5715dd45367c78561a662af4b43445c732fe,ff8be11c96fd4d14a2dfaf9d750f7ed1e2a782d39930c4c536ac18c840b9c67d 5e2187beca6c0c578b3058c618554ca01de62bb6c745e8323925db679e7fe856
457221011,Aveeno Skin Relief Moisturising Body Wash for Very Dry Skin,Aveeno,1,https://www.ocado.com/products/457221011,vegan,manufacturer,https://www.aveeno.co.uk/products/skin-relief-body-wash,https://www.aveeno.co.uk/products/skin-relief-body-wash,455fc855e4719708ccdb1acdd8190adbd05a670a47249f770f7f1aaace119ef2,5218df87eb9fcb1975b89007efcb2d2ad49eed074e0d4c86c19577dc6bdaaa1b
459306011,Carex Moisture Antibacterial Hand Sanitiser Gel,Carex,1,https://www.ocado.com/products/459306011,vegan,manufacturer,https://www.cussonscarex.com/uk/faqs/,https://www.cussonscarex.com/uk/faqs/,14784a6e56121a4f475770d4f4bc2184bafa4acb3ef957d9be0fac74a2d15205,47d0b03d712ff2ac97c916a8bd41d046dc78232a8832ad5d0f4cd7d31140a815
466296011,Gaviscon Double Action Tabs Heartburn Indigestion Mixed Berry,Gaviscon,1,https://www.ocado.com/products/466296011,vegan,manufacturer,https://www.gaviscon.co.uk/products/gaviscon-double-action-tablets/,https://www.gaviscon.co.uk/products/gaviscon-double-action-tablets/,78b2f6e3705b0315f5522b9d260ad690022b7062f7492e2f7dec498e75222653,592467aaa54018ce75bbd9b967cb62d04c0b10084c1493c67b983db72e3138eb
468292011,Aperol Aperitivo Italian Spritz,Aperol,1,https://www.ocado.com/products/468292011,vegan,manufacturer,https://www.aperol.com/faq/,https://www.aperol.com/faq/,dfd54c3f31d595f7266c33f2f0ad71885f56bbe6c7fa9d125818044d816c1fd2,4e8e2b5de67b0ac2ceeb4692a959695f4926528a993b0cb8f37e16112f69dada
468475011,Neal's Yard Men's Close Shave Cream,Neal's Yard Remedies,1,https://www.ocado.com/products/468475011,vegan,manufacturer,https://www.nealsyardremedies.com/products/close-shave-cream-140ml,https://www.nealsyardremedies.com/products/close-shave-cream-140ml,58db8f62b9d992cefc1445cfe99f056e0ddc7095cabe6836326bcde5489aebba,04d5000aede7c612d6e17d9e6a829d1774e4682247ac96739d1a194bcabe30a4
470641011,Nip+Fab Salicylic Acid Fix Facial Exfoliating Scrub,Nip & Fab,1,https://www.ocado.com/products/470641011,vegan,manufacturer,https://www.nipandfab.com/blogs/blog/are-nip-fab-products-vegan-or-tested-on-animals,https://www.nipandfab.com/blogs/blog/are-nip-fab-products-vegan-or-tested-on-animals,d41462c64855a62f78a070557156039619debec0fe18ab4c32155b7485cd035a,2c84b810280d175898241c27a05c7f87cd21b4291119b4b5ee493d1706b3ac13
479273011,Carex Aloe Vera Antibacterial Hand Sanitiser Gel,Carex,1,https://www.ocado.com/products/479273011,vegan,manufacturer,https://www.cussonscarex.com/uk/faqs/,https://www.cussonscarex.com/uk/faqs/,e48d66593cd477e439cd71dd81e7b4317e01c8ac3b81bee975dffba2e60e8230,47d0b03d712ff2ac97c916a8bd41d046dc78232a8832ad5d0f4cd7d31140a815
479286011,Boucleme Scalp Exfoliating Shampoo 250ml,,1,https://www.ocado.com/products/479286011,vegan,manufacturer,https://www.boucleme.co.uk/products/scalp-exfoliating-shampoo?variant=31125330329649,https://www.boucleme.co.uk/products/scalp-exfoliating-shampoo?variant=31125330329649,932cafc14ac6fdc8e6d76426b40ba29a6fc0ef63758702103357197c98b8e845,38f6ff46d675b9e505c3c6d76a79b6aa0bd40e10e90b8fdb88cbe3fc8047dd11
480029011,Fever-Tree Light Spiced Orange Ginger Ale,Fever-Tree,1,https://www.ocado.com/products/480029011,vegan,manufacturer,https://fever-tree.com/en-gb/faqs-contact-us,https://fever-tree.com/en-gb/faqs-contact-us,b60fc8ab490f4a5ef03ee0d2deb3250c89a5ff3eb4514bea0da3cb9a59b018ad,b000aa556867dec084c2af5135fc21ab1776764b39d9ddde0cf045d6a8fb9964
480501011,Nip+Fab Vitamin C Fix Serum,Nip & Fab,1,https://www.ocado.com/products/480501011,vegan,manufacturer,https://www.nipandfab.com/blogs/blog/are-nip-fab-products-vegan-or-tested-on-animals,https://www.nipandfab.com/blogs/blog/are-nip-fab-products-vegan-or-tested-on-animals,bccdc7007dc364bbc979aac576378359270b4bf64f4192d80cbbe983df9a34cd,2c84b810280d175898241c27a05c7f87cd21b4291119b4b5ee493d1706b3ac13
480502011,Nip+Fab Vitamin C Fix Cleanser,Nip & Fab,1,https://www.ocado.com/products/480502011,vegan,manufacturer,https://www.nipandfab.com/blogs/blog/are-nip-fab-products-vegan-or-tested-on-animals,https://www.nipandfab.com/blogs/blog/are-nip-fab-products-vegan-or-tested-on-animals,29ffca156e0d89731a26e24a80e57fe960f194bfb12db0e5dc7120d6e38a8ddc,2c84b810280d175898241c27a05c7f87cd21b4291119b4b5ee493d1706b3ac13
480506011,Nip+Fab Retinol Fix Anti Ageing Face Mask,Nip & Fab,1,https://www.ocado.com/products/480506011,vegan,manufacturer,https://www.nipandfab.com/blogs/blog/are-nip-fab-products-vegan-or-tested-on-animals,https://www.nipandfab.com/blogs/blog/are-nip-fab-products-vegan-or-tested-on-animals,1394e8db0d6b7ee759d10131ad12ae90a06d1b1649034ad899fb77c6104221c5,2c84b810280d175898241c27a05c7f87cd21b4291119b4b5ee493d1706b3ac13
484523011,Dalston's Sparkling Rhubarb,Dalston's,1,https://www.ocado.com/products/484523011,vegan,manufacturer,https://dalstons.com/pages/faq,https://dalstons.com/pages/faq,f03b539efc7826987926b8ce76089ebf888a1f65e73b4fc2efd336e04f727052,d2c05de26f724e75c32ee5f56a38db1bff5b359de2406f15f10a2670ce10cd8b
484662011,Courvoisier VSOP Cognac Brandy,Courvoisier,1,https://www.ocado.com/products/484662011,vegan,manufacturer,https://www.courvoisier.com/en-gb/tours-and-experiences/book-cognac-tasting-tour/,https://www.courvoisier.com/en-gb/tours-and-experiences/book-cognac-tasting-tour/,028b1201151e664fbb7634875b147d3eb8282ee9c9cbf59386e4fc03655f3b03,2bfcbeedd65b9a618079f3d6fb5f10dee1f65a22278cd6f87e7ed0385cd66245
485978011,Simple Wipes Daily Detox Matte,Simple,1,https://www.ocado.com/products/485978011,vegan,manufacturer,https://www.simple.co.uk/products/face-wipes.html,https://www.simple.co.uk/products/face-wipes.html,3548ab73d15c3dc874b98c90420130b968b0527d740d0a6e85ec6a927dc776a3,1c9bce73390bc10008711f7eefe08572429e9522c20ac72005c62ebd269cb092
489864011,Ajinomoto Vegetable Dumpling Gyoza with Spinach pastry,Ajinomoto,1,https://www.ocado.com/products/489864011,vegan,manufacturer,https://pro.ajinomoto.co.uk/AjinomotoBeerGuide.pdf,https://pro.ajinomoto.co.uk/AjinomotoBeerGuide.pdf,f4ac45050fd2a5973204481f1242def3cccf0aeb263e111eccf90e39c2c41341,81e2e2f48a1660d5926b8db56d237c8ab53e79a3c4a13d4394228faa81e3751c
491917011,Bulldog Age Defence Serum,Bulldog,1,https://www.ocado.com/products/491917011,vegan,manufacturer,https://bulldogskincare.com/pages/faq,https://bulldogskincare.com/pages/faq,e261a7e5e9088ec8dcb35126d8e337efe1cdaa13da394fb6fc4e443274fe8772,44b8a403572fbfbd10cda607311a88698b85a075c1682577dd7a9477274b9acc
492550011,"NIVEA Soft Moisturiser Cream for Face, Hands & Body",Nivea,1,https://www.ocado.com/products/492550011,vegan,manufacturer,https://www.nivea.co.uk/products/soft-moisturiser-face-body-and-hands-422074430045.html,https://www.nivea.co.uk/products/soft-moisturiser-face-body-and-hands-422074430045.html,34ff4813673518b637902aeeb4befc1630a50c77dd41bd3f5106e15d42e40985,1533a5928edbbfc941218a502bd4e09aea81f9aa8ec14030b4c95bd6b4c61afd
500697011,Ecozone PowerAction Rinse Aid,Ecozone,1,https://www.ocado.com/products/500697011,vegan,manufacturer,https://ecozone.com/ecozone-frequently-asked-questions/,https://ecozone.com/ecozone-frequently-asked-questions/,abab65778a23b9c0e0825ad1afe0e15cd53a3e9f228d585ba4e51500fdfc23f8,bb46816d6ac6ac12f83e74e7d9eb03508be6c1ca870dcb19f2798e2cbf529da7
501178011,Goodnight Pillow Mist 45ml,,1,https://www.ocado.com/products/501178011,vegan,manufacturer,https://www.nealsyardremedies.com/products/goodnight-pillow-mist-45ml,https://www.nealsyardremedies.com/products/goodnight-pillow-mist-45ml,e6ef4e893fb268d6fd8fd260d8943d75c5bc2daafb097321ac0a18aa1a7c6be8,b0cefcaeb7ce804591559a426f7979eb913fede5d1a116dc29b23be0664a213d
501258011,Geranium & Orange Bath Oil,,1,https://www.ocado.com/products/501258011,vegan,manufacturer,https://www.nealsyardremedies.com/products/geranium-and-orange-bath-oil-100ml,https://www.nealsyardremedies.com/products/geranium-and-orange-bath-oil-100ml,8eab416e4eb9cc3be97bac0e12096872db5e0f90c749ebf90eba0a26592afcec,9f26dd82f6d5429a879ee24fca88bb147114a9db22deff55ed60848af1e039da
501260011,Seaweed & Arnica Foaming Bath,,1,https://www.ocado.com/products/501260011,vegan,manufacturer,https://nyrorganic.com/uk/Neals-Yard-Remedies-2024/,https://nyrorganic.com/uk/Neals-Yard-Remedies-2024/,8213faedbf34fcb0698eeda7e0d07fdec7b30c99893e9ceaeadb52d3f54a889d,0b4a63404d146cf1f1cb6b544abeaec9817e4a804aefb984aa86eddb91a130a8
501263011,Nourishing Frankincense Cream,,1,https://www.ocado.com/products/501263011,vegan,manufacturer,https://www.nealsyardremedies.com/products/frankincense-nourishing-cream-50g,https://www.nealsyardremedies.com/products/frankincense-nourishing-cream-50g,ea0a7e71bf1b4891badd66a32896f94ee97c0af1f8a17f8de41f414106a627c4,3fca2e4f51bad7536e2b2bdacd8b3dde9bb542902d2950e3c477ab0fb3ae0b6a
501266011,Lavender Nourishing Shampoo 200ml,,1,https://www.ocado.com/products/501266011,vegan,manufacturer,https://www.nealsyardremedies.com/products/nourishing-lavender-shampoo-200ml,https://www.nealsyardremedies.com/products/nourishing-lavender-shampoo-200ml,151ac480ed02232582ed6289219d85bee36b7dd319d1b88d4c86b9526335ac07,0ec7f81c6b91530bce3c8b7bcfea3d7ccdc9a4f5cab5411bf87d3b6a86152009
501301011,Rehydrating Rose Toner,,1,https://www.ocado.com/products/501301011,vegan,manufacturer,https://nyrorganic.com/uk/Neals-Yard-Remedies-2024/,https://nyrorganic.com/uk/Neals-Yard-Remedies-2024/,128ef6a41d1f428d51222b1bb92bb82a54d430c6c073eb24cfd0b10791cc0566,0b4a63404d146cf1f1cb6b544abeaec9817e4a804aefb984aa86eddb91a130a8
501308011,Organic Garden Mint & Bergamot Hand Wash,,1,https://www.ocado.com/products/501308011,vegan,manufacturer,https://www.nealsyardremedies.com/products/garden-mint-bergamot-hand-wash-200ml,https://www.nealsyardremedies.com/products/garden-mint-bergamot-hand-wash-200ml,cb4be097760010c57bfd75dbceec05a35a8a8d5be06edc163bd1f887f68ea6fa,908cdd5676313964e3cee788106b0682f5333e36e9cf0b895e581db117f270fc
501314011,Garden Mint & Bergamot Lotion 200ml,,1,https://www.ocado.com/products/501314011,vegan,manufacturer,https://www.nealsyardremedies.com/products/garden-mint-bergamot-hand-lotion-200-ml,https://www.nealsyardremedies.com/products/garden-mint-bergamot-hand-lotion-200-ml,cd18237086732a01b1f316bc5e342df166ca2ce6c305848e57398a06c7e3bab0,5cacd72320862f61ee8735ed03dd661c570de08da4fcb1e2fe4807019522ffda
501353011,Harry's Men's Face Wash,Harry's,1,https://www.ocado.com/products/501353011,vegan,manufacturer,https://harrys-uk.gorgias.help/en-GB/do-you-test-any-of-your-products-on-animals-1057279,https://harrys-uk.gorgias.help/en-GB/do-you-test-any-of-your-products-on-animals-1057279,2b7b1d9747562ddbca8d84b8c7d1303dde16467e4a575f2e644b22a7bdf52893,80380652613806e11bb6cd948bd074a874ed354cd9f970fd276fb4b01e25ecb5 7aeb44f7d6ed344258e3c041363e78c0b88a16aaae98d9399532b8dad4fc0b6a 59a5bffc6b32fb86f6a82c7ba97a1cc37b33f87730789e008da1200b6f851769
501354011,Harry's Men's Post Shave Balm,Harry's,1,https://www.ocado.com/products/501354011,vegan,manufacturer,https://harrys-uk.gorgias.help/en-GB/do-you-test-any-of-your-products-on-animals-1057279,https://harrys-uk.gorgias.help/en-GB/do-you-test-any-of-your-products-on-animals-1057279,57790c97c669033408e0143aca98b26de11d66350bebcfba3af8be3676670c20,80380652613806e11bb6cd948bd074a874ed354cd9f970fd276fb4b01e25ecb5 7aeb44f7d6ed344258e3c041363e78c0b88a16aaae98d9399532b8dad4fc0b6a 59a5bffc6b32fb86f6a82c7ba97a1cc37b33f87730789e008da1200b6f851769
501355011,Harry's Men's Shave Cream,Harry's,1,https://www.ocado.com/products/501355011,vegan,manufacturer,https://harrys-uk.gorgias.help/en-GB/do-you-test-any-of-your-products-on-animals-1057279,https://harrys-uk.gorgias.help/en-GB/do-you-test-any-of-your-products-on-animals-1057279,af43091fbb2caa250de4a61147bf705ef27029b46ece13032fc02eb701b17400,80380652613806e11bb6cd948bd074a874ed354cd9f970fd276fb4b01e25ecb5 7aeb44f7d6ed344258e3c041363e78c0b88a16aaae98d9399532b8dad4fc0b6a 59a5bffc6b32fb86f6a82c7ba97a1cc37b33f87730789e008da1200b6f851769
501356011,Harry's Men's Foaming Shave Gel,Harry's,1,https://www.ocado.com/products/501356011,vegan,manufacturer,https://harrys-uk.gorgias.help/en-GB/do-you-test-any-of-your-products-on-animals-1057279,https://harrys-uk.gorgias.help/en-GB/do-you-test-any-of-your-products-on-animals-1057279,af7170e3ad45f5722dcd9a22ef2ba8d9cb7230a70be45976bbdb34f3f7dc3c55,80380652613806e11bb6cd948bd074a874ed354cd9f970fd276fb4b01e25ecb5 7aeb44f7d6ed344258e3c041363e78c0b88a16aaae98d9399532b8dad4fc0b6a 59a5bffc6b32fb86f6a82c7ba97a1cc37b33f87730789e008da1200b6f851769
501358011,Harry's Razor Blade Refills,Harry's,1,https://www.ocado.com/products/501358011,vegan,manufacturer,https://harrys-uk.gorgias.help/en-GB/do-you-test-any-of-your-products-on-animals-1057279,https://harrys-uk.gorgias.help/en-GB/do-you-test-any-of-your-products-on-animals-1057279,2e070cbc744be6fb6bccb4da8a6170ba463a0f7050dd75e0731828f903fd2541,80380652613806e11bb6cd948bd074a874ed354cd9f970fd276fb4b01e25ecb5 7aeb44f7d6ed344258e3c041363e78c0b88a16aaae98d9399532b8dad4fc0b6a 59a5bffc6b32fb86f6a82c7ba97a1cc37b33f87730789e008da1200b6f851769
501360011,Harry's Truman Razor & Blade Orange,Harry's,1,https://www.ocado.com/products/501360011,vegan,manufacturer,https://harrys-uk.gorgias.help/en-GB/do-you-test-any-of-your-products-on-animals-1057279,https://harrys-uk.gorgias.help/en-GB/do-you-test-any-of-your-products-on-animals-1057279,4e5a773a49f3c2598512a6d4c86043901e64b82131e2c7035025b3fc75d9c344,80380652613806e11bb6cd948bd074a874ed354cd9f970fd276fb4b01e25ecb5 7aeb44f7d6ed344258e3c041363e78c0b88a16aaae98d9399532b8dad4fc0b6a 59a5bffc6b32fb86f6a82c7ba97a1cc37b33f87730789e008da1200b6f851769
501361011,Harry's Razor Blade Refills,Harry's,1,https://www.ocado.com/products/501361011,vegan,manufacturer,https://harrys-uk.gorgias.help/en-GB/do-you-test-any-of-your-products-on-animals-1057279,https://harrys-uk.gorgias.help/en-GB/do-you-test-any-of-your-products-on-animals-1057279,12b755faf63e13b35b305a45044fc279e6e90d379f7bd520eae5b371401c49a5,80380652613806e11bb6cd948bd074a874ed354cd9f970fd276fb4b01e25ecb5 7aeb44f7d6ed344258e3c041363e78c0b88a16aaae98d9399532b8dad4fc0b6a 59a5bffc6b32fb86f6a82c7ba97a1cc37b33f87730789e008da1200b6f851769
501362011,Harry's Truman Razor & Blade Navy Blue,Harry's,1,https://www.ocado.com/products/501362011,vegan,manufacturer,https://harrys-uk.gorgias.help/en-GB/do-you-test-any-of-your-products-on-animals-1057279,https://harrys-uk.gorgias.help/en-GB/do-you-test-any-of-your-products-on-animals-1057279,1a62495b9120fe14f482490a3321f2a5587ac91259448db27bf7b6a8f453bf41,80380652613806e11bb6cd948bd074a874ed354cd9f970fd276fb4b01e25ecb5 7aeb44f7d6ed344258e3c041363e78c0b88a16aaae98d9399532b8dad4fc0b6a 59a5bffc6b32fb86f6a82c7ba97a1cc37b33f87730789e008da1200b6f851769
502587011,Vitality CBD Berry Oral Drops 1200mg,Vitality CBD,1,https://www.ocado.com/products/502587011,vegan,manufacturer,https://vitalitycbd.co.uk/blogs/featured/cbd-faqs,https://vitalitycbd.co.uk/blogs/featured/cbd-faqs,c3b1d9b8827e557bbf127ff599b268969cb930bb5a03d449540dbb04fcb110c3,f149222865e3b11c677c3d4a703006596ae54c730e98e06b24143055988b8e00
502588011,Vitality CBD Berry Oral Drops 600mg,Vitality CBD,1,https://www.ocado.com/products/502588011,vegan,manufacturer,https://vitalitycbd.co.uk/blogs/featured/cbd-faqs,https://vitalitycbd.co.uk/blogs/featured/cbd-faqs,7d6104556f97d945b990139f51083339d7bbb1877579ff33f83de61bf7def121,f149222865e3b11c677c3d4a703006596ae54c730e98e06b24143055988b8e00
502589011,Vitality CBD Lemon Oral Spray 1200mg with MCT Oil,Vitality CBD,1,https://www.ocado.com/products/502589011,vegan,manufacturer,https://vitalitycbd.co.uk/blogs/featured/cbd-faqs,https://vitalitycbd.co.uk/blogs/featured/cbd-faqs,26d6d936e671e700664f57f8c64cb91ef6a236f382fc589b2289160114596f12,f149222865e3b11c677c3d4a703006596ae54c730e98e06b24143055988b8e00
502591011,Vitality CBD Berry Oral Spray 2400mg with MCT Oil,Vitality CBD,1,https://www.ocado.com/products/502591011,vegan,manufacturer,https://vitalitycbd.co.uk/blogs/featured/cbd-faqs,https://vitalitycbd.co.uk/blogs/featured/cbd-faqs,2378cc851bc9a55bd34571aed5e72b225520e449c45ea7cfce7a3906c2f9ee73,f149222865e3b11c677c3d4a703006596ae54c730e98e06b24143055988b8e00
502593011,Vitality CBD Berry Oral Spray 1200mg with MCT Oil,Vitality CBD,1,https://www.ocado.com/products/502593011,vegan,manufacturer,https://vitalitycbd.co.uk/blogs/featured/cbd-faqs,https://vitalitycbd.co.uk/blogs/featured/cbd-faqs,34a9401f4d05275209c658ab56bc6044bc2b05493e5a3444ed731b20c53e7be9,f149222865e3b11c677c3d4a703006596ae54c730e98e06b24143055988b8e00
502597011,Vitality CBD Natural Oral Drops 1200mg,Vitality CBD,1,https://www.ocado.com/products/502597011,vegan,manufacturer,https://vitalitycbd.co.uk/blogs/featured/cbd-faqs,https://vitalitycbd.co.uk/blogs/featured/cbd-faqs,d57d7f516b461e65c1721f9abbddaffe9788fd611bc7f657f3d8d25f4d255290,f149222865e3b11c677c3d4a703006596ae54c730e98e06b24143055988b8e00
502600011,Vitality CBD Lemon Spray 2400mg,Vitality CBD,1,https://www.ocado.com/products/502600011,vegan,manufacturer,https://vitalitycbd.co.uk/blogs/featured/cbd-faqs,https://vitalitycbd.co.uk/blogs/featured/cbd-faqs,565b22b1ceb9c236324e21369a25c2a686abc30798f84d6ef77b6cc00e59a0e0,f149222865e3b11c677c3d4a703006596ae54c730e98e06b24143055988b8e00
502901011,M&S Tomato Ketchup,M&S,1,https://www.ocado.com/products/502901011,vegan,manufacturer,https://www.marksandspencer.com/food/tomato-ketchup/p/fdp60014975,https://www.marksandspencer.com/food/tomato-ketchup/p/fdp60014975,ce0996b6a1dea317cfae9e7eb69795065fff89f70844c59b1d5ef535d40ef281,00577e312ddfa60e0ba1b46aca55d8bfb03c5420ee34fce7475a01f17c018fce
504781011,Kopparberg Alcohol Free Pear Cider,Kopparberg,1,https://www.ocado.com/products/504781011,vegan,manufacturer,https://kopparberg.co.uk/faqs/,https://kopparberg.co.uk/faqs/,b8757e0f0be60974c6f955e549a6bbb4567656b12bc259a3f7e2a7e6844cc86d,943fb09e7d3f2ec0dc7934c215ba784c7411db152528bc9e65d604af4a47dd06
505135011,Pip Organic Sparkling Apple Fizz,Pip Organic,1,https://www.ocado.com/products/505135011,vegan,manufacturer,https://piporganic.com/fizz/sparkling-apple/,https://piporganic.com/fizz/sparkling-apple/,b2afaabcb36b87cbd758ac0b90551a1575f1e4aadca99a368579e08e9c050607,eb7b785bf276382c7cef599705c7a663bcac28ab6fd3433f1053c7b07932128d f86b7e69899a92e582ee637d78d00e5f7fef1f9c8644eb425135ad345570d00a
505590011,Lil-lets Maternity Ultra Pads,Lil-lets,1,https://www.ocado.com/products/505590011,vegan,manufacturer,https://www.lil-lets.com/uk/sustainability/cruelty-free-periods/,https://www.lil-lets.com/uk/sustainability/cruelty-free-periods/,86c06675868ff83bea3e6d192af4f51dad70c9d02e59e734bd05af96b3af7ca2,3cf542296288215593a3e54a6036cd6671a866c4974a724afbc77bec866d85a5 b6c97e40f3f46f43542b78a3c4f999d17da248cb3ea54cfb6d36faa216a4d776
505591011,Lil-lets Maternity Breast Pads,Lil-lets,1,https://www.ocado.com/products/505591011,vegan,manufacturer,https://www.lil-lets.com/uk/sustainability/cruelty-free-periods/,https://www.lil-lets.com/uk/sustainability/cruelty-free-periods/,9efb46b097a7aa88476a28c206e7a895fdc3c5caad7bf4e9d2f90138b219285c,3cf542296288215593a3e54a6036cd6671a866c4974a724afbc77bec866d85a5 87686324c785d894e89362505dfe4095ba9b01bac436972f921b8aa9f3707a93
507361011,Lovechutney Spiced Mango,Love Pickle,1,https://www.ocado.com/products/507361011,vegan,manufacturer,https://love-pickle.com/,https://love-pickle.com/,5e2cb2da4629a4352952a2594956cd20f00765ccbe3b6baaaa00266b40c60f28,e69617f9a3bd9ba0cda238ffa473d86924b5be04a5fc0751e2101334ba4315c4 cf867ad6665df3c988f39231ce9cf5dc7dbd3615572f0185c1f8784c0aa14ad8 297e5eda7236cd17bd13cfb9a8b09a844d59b011a4f70dff48ca01d565bd7611
508070011,Pepsi Max Cherry,Pepsi,1,https://www.ocado.com/products/508070011,vegan,manufacturer,https://www.pepsi.co.uk/faq,https://www.pepsi.co.uk/faq,ca6ae39a3f1f4f4c17052b7d31c096b4e39a100a24b88c86dc2e44349acbbacc,39914e626e7900e5ab69a67c0f33872f5c5656c79e9b1434f4ddf34e654c860c
508919011,Fever-Tree Mexican Lime Soda,Fever-Tree,1,https://www.ocado.com/products/508919011,vegan,manufacturer,https://fever-tree.com/en-gb/faqs-contact-us,https://fever-tree.com/en-gb/faqs-contact-us,f28cdca3ca9d57355547fcf4c9cb943a6d93bf67328b31cdaf5ef23af0f972e3,b000aa556867dec084c2af5135fc21ab1776764b39d9ddde0cf045d6a8fb9964
508920011,Fever-Tree Italian Blood Orange Soda,Fever-Tree,1,https://www.ocado.com/products/508920011,vegan,manufacturer,https://fever-tree.com/en-gb/faqs-contact-us,https://fever-tree.com/en-gb/faqs-contact-us,aa67a4bb05ada902f898e5c79b84d650639de967c198ef8bafd3cd5a43d15372,b000aa556867dec084c2af5135fc21ab1776764b39d9ddde0cf045d6a8fb9964
508969011,M&S x Sheppy's Vintage Cider,M&S,1,https://www.ocado.com/products/508969011,vegan,manufacturer,https://www.sheppyscider.com/about-sheppys/faq-s/,https://www.sheppyscider.com/about-sheppys/faq-s/,2da4a3a0e88ca61540d08efcbebb51fa0a28d709a8ecfd00fcb66fefed224ae2,e1bd6ef35a9b917178dc59418ff73f15321fade9e27bdb79c695e67ec3f00032
509733011,Method Sweet Coconut Foaming Hand Wash,Method,1,https://www.ocado.com/products/509733011,vegan,manufacturer,https://methodproducts.co.uk/beyond-the-bottle/business-for-good-uk/,https://methodproducts.co.uk/about-us/faq/,2a0c80c684935a1875c98a8eee8ea63e536d21886a5c1a4d9f14de22c84b3145,746e77346138f37e5f7008edf1df397fd577b7a48ed80d68554f2247288a0e12 af56d2c5ebe196f060f2be37c35644dbed4abf1f9a6f9ee93ddb6e9b289ba122
509734011,Method Hibiscus Berry Foaming Hand Wash,Method,1,https://www.ocado.com/products/509734011,vegan,manufacturer,https://methodproducts.co.uk/beyond-the-bottle/business-for-good-uk/,https://methodproducts.co.uk/about-us/faq/,8ef09d132a0d115d4aa2274fb48486b3940d2fb58172821aac86275206e59774,746e77346138f37e5f7008edf1df397fd577b7a48ed80d68554f2247288a0e12 af56d2c5ebe196f060f2be37c35644dbed4abf1f9a6f9ee93ddb6e9b289ba122
510167011,Carex Moisture Antibacterial Handwash Refill,Carex,1,https://www.ocado.com/products/510167011,vegan,manufacturer,https://www.cussonscarex.com/uk/faqs/,https://www.cussonscarex.com/uk/faqs/,4e29a7ea85acfee0813175e2d572ae4008e6c46b1bf5bf8325f3af84f76518b4,47d0b03d712ff2ac97c916a8bd41d046dc78232a8832ad5d0f4cd7d31140a815
510188011,Bulldog Original Steel Razor Blades,Bulldog,1,https://www.ocado.com/products/510188011,vegan,manufacturer,https://bulldogskincare.com/pages/faq,https://bulldogskincare.com/pages/faq,0693902f8b8bf7268530d24bfee4c161a51270c74f991332005988299f99d13f,44b8a403572fbfbd10cda607311a88698b85a075c1682577dd7a9477274b9acc
510191011,Bulldog Shave Essentials Razor with Shave Gel & Moisturiser,Bulldog,1,https://www.ocado.com/products/510191011,vegan,manufacturer,https://bulldogskincare.com/pages/faq,https://bulldogskincare.com/pages/faq,717a50c436b5d48502bf5b28a9e2f2fc79589558e0da4b71f511c676d4fe65d3,44b8a403572fbfbd10cda607311a88698b85a075c1682577dd7a9477274b9acc
510233011,Bulldog Skincare - Energising Moisturiser,Bulldog,1,https://www.ocado.com/products/510233011,vegan,manufacturer,https://bulldogskincare.com/pages/faq,https://bulldogskincare.com/pages/faq,cb23da4d7450c38fa9609bed242da11aa793ee4db44ced51c19443a0b3e3e4ed,44b8a403572fbfbd10cda607311a88698b85a075c1682577dd7a9477274b9acc
510234011,Bulldog Skincare - Energising Face Wash,Bulldog,1,https://www.ocado.com/products/510234011,vegan,manufacturer,https://bulldogskincare.com/pages/faq,https://bulldogskincare.com/pages/faq,83af9584931a7c567b3760a31da34ce528f78e4c5847edc1be6bf58fa0bd812a,44b8a403572fbfbd10cda607311a88698b85a075c1682577dd7a9477274b9acc
510240011,Bulldog Skincare - Energising Face Scrub,Bulldog,1,https://www.ocado.com/products/510240011,vegan,manufacturer,https://bulldogskincare.com/pages/faq,https://bulldogskincare.com/pages/faq,df7bcc21d2db18aa533f3074457f61d05ef090d623cb0cf8bbea7815d75da8fe,44b8a403572fbfbd10cda607311a88698b85a075c1682577dd7a9477274b9acc
510681011,Adnams Copper House Pink Gin,Adnams,1,https://www.ocado.com/products/510681011,vegan,manufacturer,https://adnams.co.uk/collections/vegan-spirits,https://adnams.co.uk/collections/vegan-spirits,9272444145e3d4e0ec81e1a910f6128d842da96782990b69e562c21c64d82d5f,edb508c66de696a60ca0f34485fe167a951db67e57eafba5c6d73de2958b2112
510694011,Absolut Passionfruit Flavoured Swedish Vodka,Absolut,1,https://www.ocado.com/products/510694011,vegan,manufacturer,https://www.absolut.com/en/faq/,https://www.absolut.com/en/faq/,c2b8c94f5cdb12a713de6883eca887e376bb5333da3386c817a24a04d55e4b75,6d416f60c99bf304f6f4bfee92ec3c8f1d73f950bf55f2f62428762f49abbe6b
510722011,Mount Gay Black Barrel Double Cask Blend Barbados Golden Rum,Mount Gay,1,https://www.ocado.com/products/510722011,vegan,manufacturer,https://www.mountgayrum.com/faq/,https://www.mountgayrum.com/faq/,3ee7792d23451203077886e561b72cb040a1da75c71d77f9db5f7fde601e7887,f41fd1457e90170dca7cc42a833c7c95af241a26308bd473935e7173c786f65e
510723011,Mount Gay XO Triple Cask Blend Reserve Barbados Golden Rum,Mount Gay,1,https://www.ocado.com/products/510723011,vegan,manufacturer,https://www.mountgayrum.com/faq/,https://www.mountgayrum.com/faq/,9f88096c9d68a2e488561533679160b6681a6e76b84754bc2d793ba9a86cbeef,f41fd1457e90170dca7cc42a833c7c95af241a26308bd473935e7173c786f65e
511165011,Method Antibacterial All Purpose Cleaner Refill Rhubarb,Method,1,https://www.ocado.com/products/511165011,vegan,manufacturer,https://methodproducts.co.uk/beyond-the-bottle/business-for-good-uk/,https://methodproducts.co.uk/about-us/faq/,60bb8709bcaa228b74869a9fa8a0508a444640d1a7b5a6a019c8e4c44cbc2f13,746e77346138f37e5f7008edf1df397fd577b7a48ed80d68554f2247288a0e12 af56d2c5ebe196f060f2be37c35644dbed4abf1f9a6f9ee93ddb6e9b289ba122
511166011,Method Antibacterial All Purpose Cleaner Orange Yuzu,Method,1,https://www.ocado.com/products/511166011,vegan,manufacturer,https://methodproducts.co.uk/about-us/faq/,https://methodproducts.co.uk/about-us/faq/,7f872f011038cf4028438f8f9b96d53007a4a63d8ce17a5431acf3a73f69ced7,746e77346138f37e5f7008edf1df397fd577b7a48ed80d68554f2247288a0e12 af56d2c5ebe196f060f2be37c35644dbed4abf1f9a6f9ee93ddb6e9b289ba122
511167011,Method Bathroom Cleaner Refill,Method,1,https://www.ocado.com/products/511167011,vegan,manufacturer,https://methodproducts.co.uk/about-us/faq/,https://methodproducts.co.uk/about-us/faq/,7430916135f02b74d3f97a5ba9e3a3c321e50edfe25a3384ad78dff2e5d87025,746e77346138f37e5f7008edf1df397fd577b7a48ed80d68554f2247288a0e12 af56d2c5ebe196f060f2be37c35644dbed4abf1f9a6f9ee93ddb6e9b289ba122
511168011,Method Washing Up Liquid Refill Coconut Water,Method,1,https://www.ocado.com/products/511168011,vegan,manufacturer,https://methodproducts.co.uk/about-us/faq/,https://methodproducts.co.uk/about-us/faq/,133d51ca9731b105dfb2339600d2373f5fb2cbc5f7142ca4ef9c25e77847ebca,746e77346138f37e5f7008edf1df397fd577b7a48ed80d68554f2247288a0e12 af56d2c5ebe196f060f2be37c35644dbed4abf1f9a6f9ee93ddb6e9b289ba122
511169011,Method Washing Up Liquid Refill Peach & Pink Pepper,Method,1,https://www.ocado.com/products/511169011,vegan,manufacturer,https://methodproducts.co.uk/about-us/faq/,https://methodproducts.co.uk/about-us/faq/,67bba7d11b7e2437045ab32321bbc89592c990dbe60707f24d4b220a08f1e10d,746e77346138f37e5f7008edf1df397fd577b7a48ed80d68554f2247288a0e12 af56d2c5ebe196f060f2be37c35644dbed4abf1f9a6f9ee93ddb6e9b289ba122
511172011,Method Wood Floor Cleaner Refill,Method,1,https://www.ocado.com/products/511172011,vegan,manufacturer,https://methodproducts.co.uk/about-us/faq/,https://methodproducts.co.uk/about-us/faq/,466133ce844eafc1bf7a4b1fee223f1db3b4f1a86f494f979f4c36565ee12c8e,746e77346138f37e5f7008edf1df397fd577b7a48ed80d68554f2247288a0e12 af56d2c5ebe196f060f2be37c35644dbed4abf1f9a6f9ee93ddb6e9b289ba122
511175011,Method Washing Up Liquid Coconut Water,Method,1,https://www.ocado.com/products/511175011,vegan,manufacturer,https://methodproducts.co.uk/about-us/faq/,https://methodproducts.co.uk/about-us/faq/,a68c21e7fa33114f1b2c3b1433338dd9e848fd8c6058321aa1bb926990b197be,746e77346138f37e5f7008edf1df397fd577b7a48ed80d68554f2247288a0e12 af56d2c5ebe196f060f2be37c35644dbed4abf1f9a6f9ee93ddb6e9b289ba122
511177011,Method Washing Up Liquid Peach & Pink Pepper,Method,1,https://www.ocado.com/products/511177011,vegan,manufacturer,https://methodproducts.co.uk/about-us/faq/,https://methodproducts.co.uk/about-us/faq/,02ae6bb78f1d780b402faae04311e5654e9ec9f6f599787a98690963053a4bd0,746e77346138f37e5f7008edf1df397fd577b7a48ed80d68554f2247288a0e12 af56d2c5ebe196f060f2be37c35644dbed4abf1f9a6f9ee93ddb6e9b289ba122
512041011,Ecover Zero Non Bio Laundry Liquid Sensitive Skin 142 Washes,Ecover,1,https://www.ocado.com/products/512041011,vegan,manufacturer,https://uk.ecover.com/faq/are-ecover-products-vegan/,https://uk.ecover.com/faq/are-ecover-products-vegan/,33efd943877e5b337a487a28483966090d00a99796c1d83fa1e1d40b0ff2484d,103aa905691a3d06b62fde31fb3885cd18c3b1b00f8974d57c9290d4da99eea2
512042011,Ecover Non Bio Concentrated Laundry Liquid 28 Washes,Ecover,1,https://www.ocado.com/products/512042011,vegan,manufacturer,https://uk.ecover.com/faq/are-ecover-products-vegan/,https://uk.ecover.com/faq/are-ecover-products-vegan/,bf6fbc10ae27c1ffb7f2adf1d014ba09f2463185df18d248bd8d66d47ca05aed,103aa905691a3d06b62fde31fb3885cd18c3b1b00f8974d57c9290d4da99eea2
512710011,Fever-Tree Light Indian Tonic Water Cans,Fever-Tree,1,https://www.ocado.com/products/512710011,vegan,manufacturer,https://fever-tree.com/en-gb/faqs-contact-us,https://fever-tree.com/en-gb/faqs-contact-us,b727bb785b3e35b21fdeebe533c7f49247f4107cf3af7f8d7e720da1d1e33955,b000aa556867dec084c2af5135fc21ab1776764b39d9ddde0cf045d6a8fb9964
512711011,Fever-Tree Light Mediterranean Tonic Cans,Fever-Tree,1,https://www.ocado.com/products/512711011,vegan,manufacturer,https://fever-tree.com/en-gb/faqs-contact-us,https://fever-tree.com/en-gb/faqs-contact-us,d5ee015b0d1ef8774f9e8e318498ec232d355904418817c42e3f375d5ce0e307,b000aa556867dec084c2af5135fc21ab1776764b39d9ddde0cf045d6a8fb9964
513175011,M&S Bordeaux Merlot,M&S,1,https://www.ocado.com/products/513175011,vegan,manufacturer,https://www.marksandspencer.com/food/bordeaux-merlot/p/fdp20001889,https://www.marksandspencer.com/food/bordeaux-merlot/p/fdp20001889,a688b11d9ebda846bb6edbff0bc46014ed5efeb6f4bd8de8f13d1046050c753c,1a6f05cbee82052b866ca79ebdb86acd0c8fe85c6bce87d8d5c17b5eddd326ca
513188011,"Nip+Fab Glycolic Fix Day Pads, Supersize",Nip & Fab,1,https://www.ocado.com/products/513188011,vegan,manufacturer,https://www.nipandfab.com/blogs/blog/are-nip-fab-products-vegan-or-tested-on-animals,https://www.nipandfab.com/blogs/blog/are-nip-fab-products-vegan-or-tested-on-animals,c3d5f50ca75b86e70f151ed1798c176b8db3e2922348e8421a05a56ed577b0d9,2c84b810280d175898241c27a05c7f87cd21b4291119b4b5ee493d1706b3ac13
516085011,Neal's Yard White Tea Eye Gel,Neal's Yard Remedies,1,https://www.ocado.com/products/516085011,vegan,manufacturer,https://www.nealsyardremedies.com/products/reviving-white-tea-eye-gel-10ml,https://www.nealsyardremedies.com/products/reviving-white-tea-eye-gel-10ml,8716dc8deda721727ce5e5574281e05e2acdcb016481ea51a6eb82ccc5cb625e,3efcaa9302b49482d8d0a64600d3a616ed3b7922c1993dcd806a045902158ac8
517277011,Licor 43,Licor,1,https://www.ocado.com/products/517277011,vegan,manufacturer,https://licor43.com/faqs/,https://licor43.com/faqs/,e4b4c66a32fd9b779f7558b87c76d9ec6179675cb1c7fc705b52f7c1b0944d25,a88014dd2b359e4f1e840eaccd3aa918f6d968f60d45afbffc047f3257af0c8e
517295011,Little's French Vanilla Nespresso Compatible Capsules,Little's,1,https://www.ocado.com/products/517295011,vegan,manufacturer,https://wearelittles.com/pages/faqs,https://wearelittles.com/pages/faqs,c2a4e15a47bcac4f8dfdbf9395862d38fedbb9a2b97f2bf6d5f949db38bbb380,ccf46fc330a5c955cb3cc54cedc74e13fe2e583f1b5025ac75047f442134c18f
517296011,Little's Rich Hazelnut Nespresso Compatible Capsules,Little's,1,https://www.ocado.com/products/517296011,vegan,manufacturer,https://wearelittles.com/pages/faqs,https://wearelittles.com/pages/faqs,d7efdc03f36b56f69fa5f372b06c2589e1a46a1339b94efc982330323c04e409,ccf46fc330a5c955cb3cc54cedc74e13fe2e583f1b5025ac75047f442134c18f
517297011,Little's Creamy Caramel Nespresso Compatible Capsules,Little's,1,https://www.ocado.com/products/517297011,vegan,manufacturer,https://wearelittles.com/pages/faqs,https://wearelittles.com/pages/faqs,c4898e2633692208a190f446ebecf74e6442028f52847fa5c7a2fa681bf37307,ccf46fc330a5c955cb3cc54cedc74e13fe2e583f1b5025ac75047f442134c18f
517839011,Carex Aloe Vera Antibacterial Hand Sanitiser Gel,Carex,1,https://www.ocado.com/products/517839011,vegan,manufacturer,https://www.cussonscarex.com/uk/faqs/,https://www.cussonscarex.com/uk/faqs/,e808857b0bb3e041fd7fc14148ef40f9b95287c29d2cdbafefc8efda08108d94,47d0b03d712ff2ac97c916a8bd41d046dc78232a8832ad5d0f4cd7d31140a815
518074011,"Selenacare Washable Menstrual Pad, Normal",Selenacare,1,https://www.ocado.com/products/518074011,vegan,manufacturer,https://selenacare.com/en/about/production/,https://selenacare.com/en/about/production/,b46ae1b0b2e522a749283133e79320415b38d3ce9018f8f4325c07ff8b30c7d7,4b0bc7cdf7dd082d7518c76d2b16319bd0126b64069f5889a9413348c80e364c
518075011,"Selenacare Washable Menstrual Pad Night, Extra-Long",Selenacare,1,https://www.ocado.com/products/518075011,vegan,manufacturer,https://selenacare.com/en/about/production/,https://selenacare.com/en/about/production/,80c5777951d7834dcb26f22fbb92ab9ffdc6d825ec6aabec118df3240df3cbb5,4b0bc7cdf7dd082d7518c76d2b16319bd0126b64069f5889a9413348c80e364c
518126011,Green People Soothing Wash and Shave Gel Mens,Green People,1,https://www.ocado.com/products/518126011,vegan,manufacturer,https://www.greenpeople.co.uk/products/green-people-for-men-2-soothing-shaving-gel-100ml,https://www.greenpeople.co.uk/products/green-people-for-men-2-soothing-shaving-gel-100ml,aa8a0b6435dbc58b5781f1f95ddf0ed4a9a6d75193b23c6c70a4a46bef6d474d,2eadaca762f38ca998fa07c1eab1fc2b970fba307e61f7cc3d4af87fe7149e45
518500011,"WUKA Bikini Brief Period Pants Medium Flow, Black XS",WUKA,1,https://www.ocado.com/products/518500011,vegan,manufacturer,https://wuka.co.uk/blogs/periods-a-z/how-sustainable-are-wuka-period-pants-wuka,https://wuka.co.uk/blogs/periods-a-z/how-sustainable-are-wuka-period-pants-wuka,83ee09e5af1816e2211462697ff0d92af18c54a00c565c7f29127386c5bbfd58,949d32e6ef08d2dff370bffbed6f616fc33be00f6bb2db072825c53b00536b2a a93831908337261226b930ccb85fb2c7d1f9d53d962c2945ed5b77fef715171b 60144fd80fc677f630cc54efadbcdb30164215ea88faf0d64d48019591af6beb
518504011,"WUKA Bikini Brief Period Pants Medium Flow, Black XL",WUKA,1,https://www.ocado.com/products/518504011,vegan,manufacturer,https://wuka.co.uk/blogs/periods-a-z/how-sustainable-are-wuka-period-pants-wuka,https://wuka.co.uk/blogs/periods-a-z/how-sustainable-are-wuka-period-pants-wuka,f9a6c79a0fbae994b466a8cf60f41a6e641032756649ba8fcd698f8b957a0474,949d32e6ef08d2dff370bffbed6f616fc33be00f6bb2db072825c53b00536b2a a93831908337261226b930ccb85fb2c7d1f9d53d962c2945ed5b77fef715171b 60144fd80fc677f630cc54efadbcdb30164215ea88faf0d64d48019591af6beb
518511011,Cook With M&S Hot Chipotle Chilli Paste,M&S,1,https://www.ocado.com/products/518511011,vegan,manufacturer,https://www.marksandspencer.com/food/hot-chipotle-chilli-paste/p/fdp60071501,https://www.marksandspencer.com/food/hot-chipotle-chilli-paste/p/fdp60071501,9259471ebfbefcdcfbb16c3d14dc5f7e5bd615edb26967007bf419633d1a67b9,0be3115f48eb3c9143594c4257d95ee4b05bfcfa2ee4db9ead1f35af39124d93
519764011,Carex Advanced Care Shea Butter Antibacterial Handwash,Carex,1,https://www.ocado.com/products/519764011,vegan,manufacturer,https://www.cussonscarex.com/uk/faqs/,https://www.cussonscarex.com/uk/faqs/,85d29d4b0e1fb722c554067d0fa0e58c55f2e79a919780ea50916b9002538c63,47d0b03d712ff2ac97c916a8bd41d046dc78232a8832ad5d0f4cd7d31140a815
520556011,M&S Apothecary Restore Diffuser,M&S,0,https://www.ocado.com/products/520556011,vegan,manufacturer,https://www.marksandspencer.com/restore-diffuser/p/hbp60780851,https://www.marksandspencer.com/restore-diffuser/p/hbp60780851,0d5060e39e1dea3714e7517526c34a9f51f66a8f904509ce6c0c71d63fcdfa08,cc77bba33e0cb0c0b47ec3e87d1c1c1a10329534ab22cb5686012bfc7f3f8993
521826011,Purifide Daily Cleanser,Acnecide,1,https://www.ocado.com/products/521826011,vegan,manufacturer,https://acnecide.co.uk/faqs/,https://acnecide.co.uk/faqs/,712f28eb93b0ac4a88f080691e947cfdf23d753f1f5bd006f020fb3deee73317,8ada9d58276591ab04109b0b269ca9b6c28ffbbd3111062b0f1b27c3f840ed0e
521827011,Purifide Daily Moisturiser SPF30,Acnecide,1,https://www.ocado.com/products/521827011,vegan,manufacturer,https://acnecide.co.uk/faqs/,https://acnecide.co.uk/faqs/,5e0b5200fd3d1825dce934245a64a2b06bbefb50ee56831fba40df705ac04802,8ada9d58276591ab04109b0b269ca9b6c28ffbbd3111062b0f1b27c3f840ed0e
521828011,Acnecide Face Wash Treatment with Benzoyl Peroxide,Acnecide,1,https://www.ocado.com/products/521828011,vegan,manufacturer,https://acnecide.co.uk/faqs/,https://acnecide.co.uk/faqs/,ae85f777ac5b7257bf3a7c47f9e95a25d92f5f05210a285bc225edecad76383f,8ada9d58276591ab04109b0b269ca9b6c28ffbbd3111062b0f1b27c3f840ed0e
521829011,Acnecide Spot Treatment with Benzoyl Peroxide,Acnecide,1,https://www.ocado.com/products/521829011,vegan,manufacturer,https://acnecide.co.uk/faqs/,https://acnecide.co.uk/faqs/,b803fda0ed5f81dbef16fe1ebb3d987c999947cccd5228d6023cfed4612aa6b0,8ada9d58276591ab04109b0b269ca9b6c28ffbbd3111062b0f1b27c3f840ed0e
523421011,Twinings Raspberry & Lemon Fruit Tea,Twinings,1,https://www.ocado.com/products/523421011,vegan,manufacturer,https://twinings.co.uk/products/raspberry-lemon-20-tea-bags,https://twinings.co.uk/products/raspberry-lemon-20-tea-bags,9d214d221867907456e15e867c626452cb58ec8666adad76de83a6a47a19daf2,00a9a21828b0efb0624ff96abbf39a1a6328ea75928521606694c1e99e4463e7
523426011,Twinings Peppermint & Strawberry Fruit Tea,Twinings,0,https://www.ocado.com/products/523426011,vegan,manufacturer,https://twinings.co.uk/products/peppermint-strawberry-20-tea-bags,https://twinings.co.uk/products/peppermint-strawberry-20-tea-bags,43c5754e762fe73dc420af06c37c1b4d042932c8bdd3782443a0788a132079ee,a39f06173d02e599a7a485d5f346c908c8a4bcd02c3b379835ddb17cc20b78e7
523427011,Twinings Strawberry & Elderflower Fruit Tea,Twinings,1,https://www.ocado.com/products/523427011,vegan,manufacturer,https://twinings.co.uk/products/strawberry-elderflower-20-tea-bags,https://twinings.co.uk/products/strawberry-elderflower-20-tea-bags,a64c7cb4effffb082f32859cea7a41a5bce3e1d27ba3b9079306cf563bac3877,c49aac1ad88943731e1da438c942552c7440a3a8eb8b54c44a4ab3014092a4f7
523428011,Twinings Camomile & Orange Herbal Tea,Twinings,0,https://www.ocado.com/products/523428011,vegan,manufacturer,https://twinings.co.uk/products/camomile-orange-20-tea-bags,https://twinings.co.uk/products/camomile-orange-20-tea-bags,d4871ed408ae0e802ec4c3380d3163424b01a290951cd33929eec1ec346edcf8,5c58746043b90f68db2ddd23f70c720fae7dd97a54344da2b8082a8a7cc0fdd6
523431011,Twinings Liquorice & Spearmint Herbal Tea,Twinings,1,https://www.ocado.com/products/523431011,vegan,manufacturer,https://twinings.co.uk/products/liquorice-spearmint-20-tea-bags,https://twinings.co.uk/products/liquorice-spearmint-20-tea-bags,55446e86d22612cccae7b3c476043572dcf91675f46df54206f41029ccc85b9d,a33a2d138b73c9abd5f46de54663a32066ff641ba0656c30c5bf0678f0daab2e
523435011,Twinings Peach & Orange Fruit Tea,Twinings,1,https://www.ocado.com/products/523435011,vegan,manufacturer,https://twinings.co.uk/products/peach-orange-20-tea-bags,https://twinings.co.uk/products/peach-orange-20-tea-bags,7203d554fa1bc90678c4407151accdd3d0d7b5c2cc15f711e3d2b34303f4bdd3,0448090333eccac4a77d4672ed6e3118741f4a4575df65e248b828169401ae4d
524721011,Carex Original Antibacterial Handwash Refill,Carex,1,https://www.ocado.com/products/524721011,vegan,manufacturer,https://www.cussonscarex.com/uk/faqs/,https://www.cussonscarex.com/uk/faqs/,535863fa259ec318f764a1d6a987476dcda38a8068abf2ae8cdcb453060d89d7,47d0b03d712ff2ac97c916a8bd41d046dc78232a8832ad5d0f4cd7d31140a815
525147011,Proceive Men's Max Orange Fertility Supplement Conception Sachets,Proceive,1,https://www.ocado.com/products/525147011,vegan,manufacturer,https://proceive.com/pages/faqs,https://proceive.com/pages/faqs,9112efafdc91a3cbf2eb49d834ac084467fdfdf8aa735f5615d3efab56e17599,71c07750a565c0b2c1591aad822ec6db9a88adbf0d6895ab6f40976f4ae618f2
525148011,Proceive Women's Fertility Supplement Conception Capsules,Proceive,1,https://www.ocado.com/products/525148011,vegan,manufacturer,https://proceive.com/pages/faqs,https://proceive.com/pages/faqs,33f24fec6d83eb4c65f150458cf591fc42c529fc76bc65091d61db8e29f8421a,71c07750a565c0b2c1591aad822ec6db9a88adbf0d6895ab6f40976f4ae618f2
525149011,Proceive Men's Fertility Supplement Conception Capsules,Proceive,1,https://www.ocado.com/products/525149011,vegan,manufacturer,https://proceive.com/pages/faqs,https://proceive.com/pages/faqs,fd07f8a628efe67b479eccb6babac68cbd6dcecd62015e03f7a2fd3db29c62b8,71c07750a565c0b2c1591aad822ec6db9a88adbf0d6895ab6f40976f4ae618f2
525150011,Proceive Women's Max Orange Fertility Supplement Conception Sachets,Proceive,1,https://www.ocado.com/products/525150011,vegan,manufacturer,https://proceive.com/pages/faqs,https://proceive.com/pages/faqs,7cc78e86a1fcfc44fedcb7b22dc2c20abeabe61d486b3cd64c3ef7ec15ad67c6,71c07750a565c0b2c1591aad822ec6db9a88adbf0d6895ab6f40976f4ae618f2
525151011,Proceive Dual Pack,Proceive,1,https://www.ocado.com/products/525151011,vegan,manufacturer,https://proceive.com/pages/faqs,https://proceive.com/pages/faqs,e3d99b4c0366fe0b3aac8edebf725424bb51e32c6635966b10029f5d2647ab98,71c07750a565c0b2c1591aad822ec6db9a88adbf0d6895ab6f40976f4ae618f2
527019011,Cotswolds Wildflower No.1 Gin,Cotswold Distillery,1,https://www.ocado.com/products/527019011,vegan,manufacturer,https://www.cotswoldsdistillery.com/pages/faqs,https://www.cotswoldsdistillery.com/pages/faqs,b9dc4077b32996ac2fd3a200519b3b1a67434edaf52fa5887aff6e346ce21b99,07eea920036ecb06a9507e7aca11a4adf1208da1299bfecc43d7f85ebbd778de ae7f00a9e4ab7bcd3a24fe256dfa9365ada2d723e59563d160a8be868c0a7f9c 41b29a03c21357d61e8cf4bd3002ed1cb26e7f9847e217651d389674fd8df581
527021011,Warner's Pink Berry 0%,Warner's,1,https://www.ocado.com/products/527021011,vegan,manufacturer,https://www.warnersdistillery.com/pages/warners-zero-botanic-garden-spirits-faqs,https://www.warnersdistillery.com/pages/warners-zero-botanic-garden-spirits-faqs,fa8cc132e83fc0b8e4940abf82151b04e71dc41ca584c2e28a59dda0cc966d94,eaa2d987bf2bb0c6f7ed4f7bd4d95b676e497752238a12bb3aa5fe567f69b1f0
527022011,Warner's Juniper Double Dry 0%,Warner's,1,https://www.ocado.com/products/527022011,vegan,manufacturer,https://www.warnersdistillery.com/pages/warners-zero-botanic-garden-spirits-faqs,https://www.warnersdistillery.com/pages/warners-zero-botanic-garden-spirits-faqs,b75232985ce489ab1df3dac406c1e29efc4dbfdb71a21e7f2e7eb34cc0f0d2b8,eaa2d987bf2bb0c6f7ed4f7bd4d95b676e497752238a12bb3aa5fe567f69b1f0
527043011,McGuigan Zero Chardonnay,McGuigan,1,https://www.ocado.com/products/527043011,vegan,manufacturer,https://www.mcguiganwines.co.uk/our-table/zero-zone/mcguigan-zero-faqs.html,https://www.mcguiganwines.co.uk/our-table/zero-zone/mcguigan-zero-faqs.html,397215644face1ec328b03f979e98aad8c0bad67d83e7a994c1bc4f93dcb694e,4918a2245dddeb28669e23d8d20bbd365e6809272ae39310694bf8084c58ccdf
527044011,McGuigan Zero Sauvignon Blanc,McGuigan,1,https://www.ocado.com/products/527044011,vegan,manufacturer,https://www.mcguiganwines.co.uk/our-table/zero-zone/mcguigan-zero-faqs.html,https://www.mcguiganwines.co.uk/our-table/zero-zone/mcguigan-zero-faqs.html,598e1303dfba988931867a9cc741605bdf2e8a00373d7bc56c4f5b69e9af6416,4918a2245dddeb28669e23d8d20bbd365e6809272ae39310694bf8084c58ccdf
527047011,McGuigan Zero Shiraz,McGuigan,1,https://www.ocado.com/products/527047011,vegan,manufacturer,https://www.mcguiganwines.co.uk/our-table/zero-zone/mcguigan-zero-faqs.html,https://www.mcguiganwines.co.uk/our-table/zero-zone/mcguigan-zero-faqs.html,5a2dfbc3d79c604afe392f62f7d4b51a3867e2ece6abf9c177d805a4ed109020,4918a2245dddeb28669e23d8d20bbd365e6809272ae39310694bf8084c58ccdf
527649011,M&S Classics Cote De Provence Rose,M&S,1,https://www.ocado.com/products/527649011,vegan,manufacturer,https://www.marksandspencer.com/food/classics-cotes-de-provence/p/fdp60463893,https://www.marksandspencer.com/food/classics-cotes-de-provence/p/fdp60463893,973e975869ad7756134cce869fcfd071aaea0bdf3e154c4eea38d9b0c360b1e5,6da4a109be841b844e1854b204e066ad7cdf1e4143e88f291dff14288668ef14
527782011,M&S Classics Riesling,M&S,1,https://www.ocado.com/products/527782011,vegan,manufacturer,https://www.marksandspencer.com/food/mands-classics-riesling/p/fdp60472879,https://www.marksandspencer.com/food/mands-classics-riesling/p/fdp60472879,4c8bf70ea463461e68be928d0f2bbbea3ef5b88b97f0d94fb8b8ade9e1b23869,5cce4804cdafc83419504e3c3101df5bc9f6d35b80c8c838d6d05870acf7c8d2
531511011,Nature's Finest Fruit Pots Mango in Juice,Natures Finest,1,https://www.ocado.com/products/531511011,vegan,manufacturer,https://naturesfinestfoods.co.uk/healthy-vegan-snacks/,https://naturesfinestfoods.co.uk/healthy-vegan-snacks/,2a3ddc9fa8858ba22f58624c4848d0e32a420401bb5511e8c499c43e9d51ca40,aa1cdeb00f936ad3c92e12be8131f1913a78c626acfe35b1c6ac31144b578aa2 515c4e3731081a7b08011df292a4443eeec7580e436e87b8c07722fd2750902a e761e60d573f65b8538311c6615b83f2dc1d715e924d936b362711c79500bb96
536543011,Aveeno Daily Moisturising Body Lotion for Normal to Dry Skin,Aveeno,1,https://www.ocado.com/products/536543011,vegan,manufacturer,https://www.aveeno.co.uk/products/daily-moisturising-lotion,https://www.aveeno.co.uk/products/daily-moisturising-lotion,146b4c3d20660f9074a4029a2d47fadd76ec77dcda5b71fafe1dcba0da42b0d2,9d8a0488c23b51c85bdfdd8a25e54a54c5d460c908ef40d04ada361276e3eddf
539587011,Cotswolds Wildflower No.2 Gin,Cotswold Distillery,1,https://www.ocado.com/products/539587011,vegan,manufacturer,https://www.cotswoldsdistillery.com/pages/faqs,https://www.cotswoldsdistillery.com/pages/faqs,372a99ab567afe08d25c42c00a9baf0b3e7f03bdd93177a1b1c3825b1686b494,07eea920036ecb06a9507e7aca11a4adf1208da1299bfecc43d7f85ebbd778de ae7f00a9e4ab7bcd3a24fe256dfa9365ada2d723e59563d160a8be868c0a7f9c f5bebd5bb7e8b701b52e73d02b0984247d6daae67ee4740c2e91bde012dd72d4
540413011,Method Antibacterial All Purpose Cleaner Refill Orange Yuzu,Method,1,https://www.ocado.com/products/540413011,vegan,manufacturer,https://methodproducts.co.uk/about-us/faq/,https://methodproducts.co.uk/about-us/faq/,f461c9e5e6635c8da2934c0e0485fe8afb5d0e5e1ef172eed7eb2d7e62f5aba1,746e77346138f37e5f7008edf1df397fd577b7a48ed80d68554f2247288a0e12 af56d2c5ebe196f060f2be37c35644dbed4abf1f9a6f9ee93ddb6e9b289ba122
540418011,Cotswolds Old Tom Gin,Cotswold Distillery,0,https://www.ocado.com/products/540418011,vegan,manufacturer,https://www.cotswoldsdistillery.com/pages/faqs,https://www.cotswoldsdistillery.com/pages/faqs,9f2e911752ac73702e88b783f1bb68afdaa96610c6afd73363c7c65d18c5f985,07eea920036ecb06a9507e7aca11a4adf1208da1299bfecc43d7f85ebbd778de ae7f00a9e4ab7bcd3a24fe256dfa9365ada2d723e59563d160a8be868c0a7f9c 6bbe7c3ee544d6d767be02eb287754c034fad0842f7e4bbd63fbadf3f6716d5f
540423011,Rock Face Original Deodorant Body Spray,Rock Face,1,https://www.ocado.com/products/540423011,vegan,manufacturer,https://www.rockface4men.co.uk/pages/our-story,https://www.rockface4men.co.uk/pages/our-story,e35eee130fab63e66b51008061d15c8dce06f41fad98e6e307831b4b1944f4ca,bf5ddcca86c0c0e7bfe6b47f35b34a35db33f0f1602adcfff1cd812977141fc9
541269011,John Frieda Frizz Ease Miraculous Recovery Repairing Tropical Oil,John Frieda,1,https://www.ocado.com/products/541269011,vegan,manufacturer,https://www.johnfrieda.com/en-uk/products/frizz-ease/miraculous-recovery/miraculous-recovery-hair-oil/,https://www.johnfrieda.com/en-uk/products/frizz-ease/miraculous-recovery/miraculous-recovery-hair-oil/,e0b1a2bec9fa226cb3546cab3b73831b25e8b8091c2e356ce69dcc004d2f282d,9bdc43acf606df0b34b517d51f05362130fc4a4cc7cd4d99bd6b7a5b16fbf907
541971011,Ecover Laundry Liquid Bio 142 Wash,Ecover,1,https://www.ocado.com/products/541971011,vegan,manufacturer,https://uk.ecover.com/faq/are-ecover-products-vegan/,https://uk.ecover.com/faq/are-ecover-products-vegan/,75064bed3fc050ef747fe25843b2c5a38f4f3dfa935f17bf461df72ed18dd0de,103aa905691a3d06b62fde31fb3885cd18c3b1b00f8974d57c9290d4da99eea2
541978011,7UP Regular,7up,1,https://www.ocado.com/products/541978011,vegan,manufacturer,https://www.7up.co.uk/frequently-asked-question,https://www.7up.co.uk/frequently-asked-question,4a4e84a7ccbd478bd03d0083dcc3d6ef32cee0cc941af08687810940b3bb91e3,b6c45482dbfa22fbcf56c69c5236f2fa598721155884632ac56b45405e73db42
542065011,Cetaphil Moisturising Lotion,Cetaphil,1,https://www.ocado.com/products/542065011,vegan,manufacturer,https://www.cetaphil.co.uk/skin-concern/dull-%26-dehydrated/moisturising-lotion/5020465200437-1.html,https://www.cetaphil.co.uk/skin-concern/dull-%26-dehydrated/moisturising-lotion/5020465200437-1.html,75c406a41150f1e7c96e133165053adadc0e042191ef1e98fb9408a0c87521dd,9c3158c3c7c68fbf7b98932ffe1fc3e631ee2ea06452f8016e0f0282ea132a48
542066011,Cetaphil Pro Cleansing Facial Wash,Cetaphil,1,https://www.ocado.com/products/542066011,vegan,manufacturer,https://www.cetaphil.co.uk/cleansers/pro-redness-prone-skin-cleansing-facial-wash/5020465201816.html,https://www.cetaphil.co.uk/cleansers/pro-redness-prone-skin-cleansing-facial-wash/5020465201816.html,7ef8115df354234c19fc62590281403e2af2e7d0919ff9c1acd7f4c5858b04e8,9cad5c101d432c619ceb6c3d69fac28d7292c04bc2c1a4ef486ba66e438d024f
542067011,Cetaphil Pro Tinted Moisturising Day Cream SPF30,Cetaphil,1,https://www.ocado.com/products/542067011,vegan,manufacturer,https://www.cetaphil.co.uk/moisturisers/pro-redness-prone-skin-tinted-moisturising-day-cream-spf30/5020465201762.html,https://www.cetaphil.co.uk/moisturisers/pro-redness-prone-skin-tinted-moisturising-day-cream-spf30/5020465201762.html,27c756e08fc4acf03ec5b38cb0b695b876004904becd1cefb8072973f5606484,13a99af9434d0b3e9141f220c5613ebccc59ac3e19ecaba8c70f3d70d39da7f8
542582011,Cetaphil Oily Skin Cleanser,Cetaphil,1,https://www.ocado.com/products/542582011,vegan,manufacturer,https://www.cetaphil.co.uk/cleansers/oily-skin-cleanser/5020465200969.html,https://www.cetaphil.co.uk/cleansers/oily-skin-cleanser/5020465200969.html,7103e64e6bef3cd1dbb90ee84008e751e399f4eb381580f16385adb1df070069,1d541c04069e25d357a4c20186c11c3ddba63d707cc149fed2a86001f352d668
542919011,INEOS Anti Viral & Anti Bacterial Hand Sanitiser Gel,INEOS,1,https://www.ocado.com/products/542919011,vegan,manufacturer,https://www.ineoshygienics.com/pages/faq,https://www.ineoshygienics.com/pages/faq,f4224a3b67893a3282dc798caa728f211215d0baf4845e5ab3449f2e0c12d981,eb7ac2bc8b6e02c496489748dd77276e78ca79a6d236164ef35233b952033ea8
542921011,INEOS Anti Viral & Anti Bacterial Hand Sanitiser Gel,INEOS,1,https://www.ocado.com/products/542921011,vegan,manufacturer,https://www.ineoshygienics.com/pages/faq,https://www.ineoshygienics.com/pages/faq,d822b870a65019b52c5b637334efb998de837f4f7c899c55e5f158a35bc91292,eb7ac2bc8b6e02c496489748dd77276e78ca79a6d236164ef35233b952033ea8
542966011,M&S Essential Maxi Tealights,M&S,0,https://www.ocado.com/products/542966011,vegan,manufacturer,https://www.marksandspencer.com/10-maxi-tea-light-pack/p/hbp22432565,https://www.marksandspencer.com/10-maxi-tea-light-pack/p/hbp22432565,d295bba863b4f93ed0994b8b0f60b81a2a9ee6b8646ed73701c20a1b1a66dc0c,409200c52c1df5ead418a823d1eabcc8cb88df9503ce52d49fe9b8fa87455571
543090011,Brixton Brewery Coldharbour Lager,Brixton Brewery,1,https://www.ocado.com/products/543090011,vegan,manufacturer,https://brixtonbrewery.com/products/coldharbour-lager,https://brixtonbrewery.com/products/coldharbour-lager,474eaa14553774ac5f3ad9b155c108603485880773e560ee0aa00a9bb62ea65f,7397307e53fc5972281a2f7537106595f95dd2e10b55f4d3bf95fdd59e916a1a
543091011,Brixton Brewery Low Voltage Session IPA,Brixton Brewery,1,https://www.ocado.com/products/543091011,vegan,manufacturer,https://brixtonbrewery.com/products/low-voltage-session-ipa,https://brixtonbrewery.com/products/low-voltage-session-ipa,4895c0664a58fe3b4fd116a6b7bdddf9b563d31f8d14ccab3bbcfb759f1458a3,3102344f1b08da217b94210b63cc5c43b3e5eee5f19f715d76218cdde0419db9
543203011,Beavertown Neck Oil Session IPA 4.3%,Beavertown,0,https://www.ocado.com/products/543203011,vegan,manufacturer,https://beavertownbrewery.co.uk/pages/faqs,https://beavertownbrewery.co.uk/pages/faqs,b539f8b235d9c0d181d2a55de450bfa45d1e8194657e9e5c61484dbe7d102fee,f8e12d79026aba674bfac48df8dbf38ebdfbfa213804fa3cf7b7ed1d6f54d885 ef5e622254d4d4e78d51f83700c6684bf28cec759613e6bf8cc74ed079c33598
544998011,Method Pure Peace Body Wash,Method,1,https://www.ocado.com/products/544998011,vegan,manufacturer,https://methodproducts.co.uk/about-us/faq/,https://methodproducts.co.uk/about-us/faq/,bd981e5d8cdbe39397ce189f59fb4659734bd84275b7bd2e91b898e40d339041,746e77346138f37e5f7008edf1df397fd577b7a48ed80d68554f2247288a0e12 af56d2c5ebe196f060f2be37c35644dbed4abf1f9a6f9ee93ddb6e9b289ba122
545000011,Method Daily Zen Body Wash,Method,1,https://www.ocado.com/products/545000011,vegan,manufacturer,https://methodproducts.co.uk/about-us/faq/,https://methodproducts.co.uk/about-us/faq/,a85b174e4a574bcc9925ea8075419ffaa5129e575e91ddbd3444aacfb03f03f7,746e77346138f37e5f7008edf1df397fd577b7a48ed80d68554f2247288a0e12 af56d2c5ebe196f060f2be37c35644dbed4abf1f9a6f9ee93ddb6e9b289ba122
545315011,Method Antibacterial All Purpose Cleaner Peach Blossom,Method,1,https://www.ocado.com/products/545315011,vegan,manufacturer,https://methodproducts.co.uk/about-us/faq/,https://methodproducts.co.uk/about-us/faq/,ca9d34694bcd5bdbee2d7fb3642fe4851a88b06bc00b2867248a5a996a0229b9,746e77346138f37e5f7008edf1df397fd577b7a48ed80d68554f2247288a0e12 af56d2c5ebe196f060f2be37c35644dbed4abf1f9a6f9ee93ddb6e9b289ba122
545316011,Method Antibacterial All Purpose Cleaner Refill Peach Blossom,Method,1,https://www.ocado.com/products/545316011,vegan,manufacturer,https://methodproducts.co.uk/about-us/faq/,https://methodproducts.co.uk/about-us/faq/,273d68fb6de4cc1b5d75d610328db1acdef220266bbdcac9558ce26b8c918fa5,746e77346138f37e5f7008edf1df397fd577b7a48ed80d68554f2247288a0e12 af56d2c5ebe196f060f2be37c35644dbed4abf1f9a6f9ee93ddb6e9b289ba122
546282011,Lucozade Energy Drink Orange,Lucozade,1,https://www.ocado.com/products/546282011,vegan,manufacturer,https://lucozade.com/support/,https://lucozade.com/support/,b4ce044cb0485c573afe8a8641d4226441d47f65faf13c601eb83b3d1d9b1da7,a257d08bc97fba91f494f44c4f4681d072339e889857fdd25edbca357f45c139
546283011,Lucozade Energy Drink Original,Lucozade,1,https://www.ocado.com/products/546283011,vegan,manufacturer,https://lucozade.com/support/,https://lucozade.com/support/,8513b7f3572b5502d0f7eb1137cd9920721a2bad3949dcd36d168605f7a5e1cd,a257d08bc97fba91f494f44c4f4681d072339e889857fdd25edbca357f45c139
546288011,Lucozade Energy Zero Pink Lemonade,Lucozade,1,https://www.ocado.com/products/546288011,vegan,manufacturer,https://lucozade.com/support/,https://lucozade.com/support/,c274c83d12c8e09c0176fce38b8ec411c31d26e21782dd8a63537baa6473f846,a257d08bc97fba91f494f44c4f4681d072339e889857fdd25edbca357f45c139
546294011,Lucozade Energy Drink Orange,Lucozade,1,https://www.ocado.com/products/546294011,vegan,manufacturer,https://lucozade.com/support/,https://lucozade.com/support/,60431f1124e6067148b4fa96f9c4f2c7e933c519f1129777a60aed8866f19558,a257d08bc97fba91f494f44c4f4681d072339e889857fdd25edbca357f45c139
546295011,Lucozade Energy Drink Original,Lucozade,1,https://www.ocado.com/products/546295011,vegan,manufacturer,https://lucozade.com/support/,https://lucozade.com/support/,e33e9be0aed1c7130d9a7d1d4893b8720df3882dc00c1919997e150eca892902,a257d08bc97fba91f494f44c4f4681d072339e889857fdd25edbca357f45c139
546299011,Lucozade Energy Zero Pink Lemonade,Lucozade,1,https://www.ocado.com/products/546299011,vegan,manufacturer,https://lucozade.com/support/,https://lucozade.com/support/,378f03750a6283e70bfafc56130ae261c7f9cc8e6cc1d7c8afe160ca54c56b65,a257d08bc97fba91f494f44c4f4681d072339e889857fdd25edbca357f45c139
547040011,Fever-Tree Light Rhubarb & Raspberry Tonic,Fever-Tree,1,https://www.ocado.com/products/547040011,vegan,manufacturer,https://fever-tree.com/en-gb/faqs-contact-us,https://fever-tree.com/en-gb/faqs-contact-us,088138b85b73befcc8d753d954626a5f136f7866a4fd23b1ef149423206718d5,b000aa556867dec084c2af5135fc21ab1776764b39d9ddde0cf045d6a8fb9964
547042011,Pepsi Max Caffeine Free,Pepsi,1,https://www.ocado.com/products/547042011,vegan,manufacturer,https://www.pepsi.co.uk/faq,https://www.pepsi.co.uk/faq,e952739350f277ae364582109115e43c1459e120e3dd4dcdac093d25a3384dba,39914e626e7900e5ab69a67c0f33872f5c5656c79e9b1434f4ddf34e654c860c
547043011,Pepsi Max Caffeine Free,Pepsi,1,https://www.ocado.com/products/547043011,vegan,manufacturer,https://www.pepsi.co.uk/faq,https://www.pepsi.co.uk/faq,eb1426c94a52b4972d22c42a7a4848bd8999e67b7c6e552ed68abaf06349b0bf,39914e626e7900e5ab69a67c0f33872f5c5656c79e9b1434f4ddf34e654c860c
547307011,Higher Nature Everyday Essentials High Strength B Complex Vitamin Capsules,Higher Nature,1,https://www.ocado.com/products/547307011,vegan,manufacturer,https://www.highernature.com/collections/vegan,https://www.highernature.com/collections/vegan,cbec1b5046c72864ce908d237b49eb119c0c032bc19687421ba0c5b7dfb08d2c,178453d33064ebcb290c4746be4f21f1dbdc9b40434c189c2c374c49b8556195 0c5c9cc75eac68c92733b645e420e32854fcce94a00e76ad8e61a040bf28c439 aa7ce66de1c94143186a46ba122b5f33f5078413046da6764517e063cad242a9
548279011,Gaviscon Double Action Tabs Heartburn Indigestion Mixed Berry,Gaviscon,1,https://www.ocado.com/products/548279011,vegan,manufacturer,https://www.gaviscon.co.uk/products/gaviscon-double-action-tablets/,https://www.gaviscon.co.uk/products/gaviscon-double-action-tablets/,5e170e97932db648fe15e0cf7650ddec15d5666a84153f3003c48ed5d85d3f33,592467aaa54018ce75bbd9b967cb62d04c0b10084c1493c67b983db72e3138eb
548641011,NIVEA Naturally Good Organic Aloe Vera Face Cleansing Wipes,Nivea,1,https://www.ocado.com/products/548641011,vegan,manufacturer,https://www.nivea.co.uk/articles/brand/general-faqs,https://www.nivea.co.uk/articles/brand/general-faqs,73ef6ec3c9c4c40c56e65326161873f236644f11ff3035f9b4d51452f2c9a2cb,a6ec06f9508365f5d428df112e2662a08bebeddb67ec1e083be7dce2d78fabd8
550279011,M&S Apothecary Restore Large 3 Wick Scented Candle,M&S,0,https://www.ocado.com/products/550279011,vegan,manufacturer,https://www.marksandspencer.com/new-restore-3-wick-candle/p/hbp60780860,https://www.marksandspencer.com/new-restore-3-wick-candle/p/hbp60780860,d7c8d6a43104ab3afd802e99775dc272fd0c093595fe1c8291afafd0f5c229b6,c518d41fba85a1d74b8a70b4f48cba6507afbb907d1c437c935b584bb68918fd
550917011,Pet Head Quick Fix Spray,,1,https://www.ocado.com/products/550917011,vegan,manufacturer,https://companyofanimals.com/uk/brand-product/quick-fix-spray/,https://companyofanimals.com/uk/brand-product/quick-fix-spray/,2a21788d6261b36ca8ba929fd830b15b63173dd75081be7470febb4c1c41962d,a7ff4d3019e2df7f7d0a5a47587b9ceb4e2c0fac9894fdeb95b63971b499f732
551602011,PATCH Bamboo Sensitive Plasters Natural,Patch,1,https://www.ocado.com/products/551602011,vegan,manufacturer,https://patchstrips.com/pages/efaqs,https://patchstrips.com/pages/efaqs,f3dc9a5359dc67980857041f59f4d5dbfe9edc205a49e8381bdb7622772f6b53,3ce7e9d275629aa1b7f85e1a53b6be2e91f012e59c39cbcb1dbb3b9d6905c503
551603011,PATCH Kids Bamboo Sensitive Plasters Coconut Oil,Patch,1,https://www.ocado.com/products/551603011,vegan,manufacturer,https://patchstrips.com/pages/efaqs,https://patchstrips.com/pages/efaqs,121561803806ccd4d49128c54fbeeed08a748a470a8a5f25afaf6e6b2d29fad9,3ce7e9d275629aa1b7f85e1a53b6be2e91f012e59c39cbcb1dbb3b9d6905c503
551605011,PATCH PATCH Bamboo Sensitive Plasters Activated Charcoal,Patch,1,https://www.ocado.com/products/551605011,vegan,manufacturer,https://patchstrips.com/pages/efaqs,https://patchstrips.com/pages/efaqs,c78d7334369bf48a11be5925995885b7171fee7d38ba427b40a1ec30a31ac86b,3ce7e9d275629aa1b7f85e1a53b6be2e91f012e59c39cbcb1dbb3b9d6905c503
551656011,Method Ylang Ylang Shower Cleaner Refill,Method,1,https://www.ocado.com/products/551656011,vegan,manufacturer,https://methodproducts.co.uk/about-us/faq/,https://methodproducts.co.uk/about-us/faq/,08368b11aeccf9902bdd651cc8ee61486478c320d8fbdb19ac5cf553b41968f8,746e77346138f37e5f7008edf1df397fd577b7a48ed80d68554f2247288a0e12 af56d2c5ebe196f060f2be37c35644dbed4abf1f9a6f9ee93ddb6e9b289ba122
551835011,Adnams First Rate Gin,Adnams,1,https://www.ocado.com/products/551835011,vegan,manufacturer,https://adnams.co.uk/collections/vegan-spirits,https://adnams.co.uk/collections/vegan-spirits,2cb050e3fb04d7d450cb1a4d656a6649ce4b21b0a620725934f1a37a1710e0b5,edb508c66de696a60ca0f34485fe167a951db67e57eafba5c6d73de2958b2112
551838011,Adnams Single Malt Whisky,Adnams,1,https://www.ocado.com/products/551838011,vegan,manufacturer,https://adnams.co.uk/collections/vegan-spirits,https://adnams.co.uk/collections/vegan-spirits,138f93381c8690f214ed0fdcb974171819c9fcba94836603e13de1260c4e8f8e,edb508c66de696a60ca0f34485fe167a951db67e57eafba5c6d73de2958b2112
552228011,Kopparberg Cherry Rum & Cola,Kopparberg,0,https://www.ocado.com/products/552228011,vegan,manufacturer,https://kopparberg.co.uk/faqs/,https://kopparberg.co.uk/faqs/,4db5e3e1ec0c51ba8aa8f81b56bb23db712b641dbb581e216a62990d43d54384,943fb09e7d3f2ec0dc7934c215ba784c7411db152528bc9e65d604af4a47dd06
552345011,PATCH Kids Bamboo Sensitive Plasters Large,Patch,1,https://www.ocado.com/products/552345011,vegan,manufacturer,https://patchstrips.com/pages/efaqs,https://patchstrips.com/pages/efaqs,f30fd94522d2db883b148d2dc120835323de37db363360857545d631acefe2d5,3ce7e9d275629aa1b7f85e1a53b6be2e91f012e59c39cbcb1dbb3b9d6905c503
552346011,PATCH Bamboo Sensitive Plasters Aloe Vera Large,Patch,1,https://www.ocado.com/products/552346011,vegan,manufacturer,https://patchstrips.com/pages/efaqs,https://patchstrips.com/pages/efaqs,525bf0d8ae79130508aeef3404faa2da951b3709a779bee10931fd918743368b,3ce7e9d275629aa1b7f85e1a53b6be2e91f012e59c39cbcb1dbb3b9d6905c503
552347011,PATCH Bamboo Sensitive Plasters Activated Charcoal Large,Patch,1,https://www.ocado.com/products/552347011,vegan,manufacturer,https://patchstrips.com/pages/efaqs,https://patchstrips.com/pages/efaqs,1a99f8d8676065bc70913fcfddb936dd7bf95a266114e36d20cc25895e1d8253,3ce7e9d275629aa1b7f85e1a53b6be2e91f012e59c39cbcb1dbb3b9d6905c503
552348011,PATCH Bamboo Sensitive Plasters Natural Large,Patch,1,https://www.ocado.com/products/552348011,vegan,manufacturer,https://patchstrips.com/pages/efaqs,https://patchstrips.com/pages/efaqs,8f5ca8b8bedf991f20c324052f0e50926d0c836159765f9db99d518e6f555c99,3ce7e9d275629aa1b7f85e1a53b6be2e91f012e59c39cbcb1dbb3b9d6905c503
552914011,Doublebase Dry Skin Emollient,Doublebase,1,https://www.ocado.com/products/552914011,vegan,manufacturer,https://www.mydoublebase.co.uk/products/doublebase-dry-skin-emollient/,https://www.mydoublebase.co.uk/products/doublebase-dry-skin-emollient/,2d2d75d1f3862943ffa4c9e2ef8a2dae78818c033edc2194cbc64321297089b7,c54cddbd87d613c11ca178dcf45aa05a63e4e92c41044e6ee34aa023de54b9fc
552915011,Doublebase Dry Skin Emollient,Doublebase,1,https://www.ocado.com/products/552915011,vegan,manufacturer,https://www.mydoublebase.co.uk/products/doublebase-dry-skin-emollient/,https://www.mydoublebase.co.uk/products/doublebase-dry-skin-emollient/,82ed8dfbcf0e730ce5dd51725e57f201726fd2b954936844fec53d3e698e50e0,c54cddbd87d613c11ca178dcf45aa05a63e4e92c41044e6ee34aa023de54b9fc
552916011,Doublebase Flare Relief Emollient,Doublebase,1,https://www.ocado.com/products/552916011,vegan,manufacturer,https://www.mydoublebase.co.uk/products/doublebase-flare-relief-emollient/,https://www.mydoublebase.co.uk/products/doublebase-flare-relief-emollient/,033fc640edf50b2244e96d1dee03ed81423b2e12a76c9adb199dad22ad28dbf2,91c7ea892fea221c4a1a008209ec989f0c0160cd88fdc152dad76a5d69155402
552917011,Doublebase Flare Relief Emollient,Doublebase,1,https://www.ocado.com/products/552917011,vegan,manufacturer,https://www.mydoublebase.co.uk/products/doublebase-flare-relief-emollient/,https://www.mydoublebase.co.uk/products/doublebase-flare-relief-emollient/,d63e5b51e046f659c5e9fabf0075830055f6a0f338fb5b17cd94241a54109e49,91c7ea892fea221c4a1a008209ec989f0c0160cd88fdc152dad76a5d69155402
553386011,Mitchum Women Invisible Clear Fresh Roll On,Mitchum,1,https://www.ocado.com/products/553386011,vegan,manufacturer,https://www.mitchum.co.uk/products/mitchum-women-core-48h-roll-on-clear-fresh-invisible-100ml,https://www.mitchum.co.uk/products/mitchum-women-core-48h-roll-on-clear-fresh-invisible-100ml,ba79ecbbdeddced13ab08ad163cf51a91127a785873baf7650d64b0c05e70501,cf16ee5b22c5346cc96e0fe499b4711e2e0e2ddc752e343386d11ff28c3191a3
553387011,Mitchum Men Invisible Pure Energy Roll On,Mitchum,1,https://www.ocado.com/products/553387011,vegan,manufacturer,https://www.mitchum.co.uk/products/mitchum-men-core-48h-roll-on-pure-energy-invisible-100ml,https://www.mitchum.co.uk/products/mitchum-men-core-48h-roll-on-pure-energy-invisible-100ml,c9227285177dcdd3aa02a500135d911658a3abc4628a3e834f065a832baca2f1,e88848161ba5fe107239ebeb096d969f11616f43f901907c1ba505089066656a
554081011,Oatly Whippable Creamy Oat,Oatly,1,https://www.ocado.com/products/554081011,vegan,manufacturer,https://www.oatly.com/en-gb/random-answers,https://www.oatly.com/en-gb/random-answers,dbc0fdc5e1d99b3b131e9ff401e5a3994e16e21f7ce8893949c8348ba5a5973a,8a4820af2d8eb4ff7c5cb9e02eff1901ef1e57b63fbe48ba1366bb0ec9b9602f
555436011,Cetaphil PRO Dry Itchy Sensitive Skin Moisture Lipid Hydrating Body Wash,Cetaphil,1,https://www.ocado.com/products/555436011,vegan,manufacturer,https://www.cetaphil.co.uk/cleansers/pro-itch-prone-skin-body-wash/5020465201755.html,https://www.cetaphil.co.uk/cleansers/pro-itch-prone-skin-body-wash/5020465201755.html,fcd22b7ae72f79c56921735e7825a2592f7b901ee63412c026fac42ffbe579a2,ed42d38da79d0b6037265be1cd1701a91a9b6d29794d6b93161451fdcf12a5ee
555949011,Evolve Beauty Deep Clean Micellar Water,Evolve Beauty,1,https://www.ocado.com/products/555949011,vegan,manufacturer,https://www.evolvebeauty.com/pages/faq/1000,https://www.evolvebeauty.com/pages/faq/1000,02f057338c7dd6667e3acf289d6317dbdfddd23cb26d8c8d54ee05dd02c7ff08,1045e6b4ebb74f40d080564512a084841b673c48009bef0439a70236ad63e444
555950011,Evolve Beauty 360 Eye & Lip Contour Cream,Evolve Beauty,1,https://www.ocado.com/products/555950011,vegan,manufacturer,https://www.evolvebeauty.com/pages/faq/1000,https://www.evolvebeauty.com/pages/faq/1000,93f0a10075c1be89f8d22027019017f39fb7d6e503fbe424e097f586486448ec,1045e6b4ebb74f40d080564512a084841b673c48009bef0439a70236ad63e444
556310011,Price's French Vanilla Large Jar Candle,Prices,1,https://www.ocado.com/products/556310011,vegan,manufacturer,https://www.prices-candles.co.uk/shop/p/country-feast-set-3nybt-2pec4-3by37-c9f7c-t7a55-ckw85-75zfd-mxczm-94el2-8nlbn-b6wln-yja5r-cepcd-t5kp9,https://www.prices-candles.co.uk/shop/p/country-feast-set-3nybt-2pec4-3by37-c9f7c-t7a55-ckw85-75zfd-mxczm-94el2-8nlbn-b6wln-yja5r-cepcd-t5kp9,1bf1866afa79e632bb541c37f9c24f0f9f81162de70c1501e5079df996bcc5f4,63719f51f907cb10303de2d87bfe43270dd15ca9b3b13250e11453dba8c9bf96
556311011,Price's English Lavender Large Jar Candle,Prices,1,https://www.ocado.com/products/556311011,vegan,manufacturer,https://www.prices-candles.co.uk/shop/p/country-feast-set-3nybt-2pec4-3by37-c9f7c-t7a55-ckw85-75zfd-mxczm-94el2-8nlbn-b6wln-yja5r-cepcd-t5kp9,https://www.prices-candles.co.uk/shop/p/country-feast-set-3nybt-2pec4-3by37-c9f7c-t7a55-ckw85-75zfd-mxczm-94el2-8nlbn-b6wln-yja5r-cepcd-t5kp9,48750b55b0e0961c5d64ad24a88c4cdaf995e18faf5f1ba010f768fc239521f7,63719f51f907cb10303de2d87bfe43270dd15ca9b3b13250e11453dba8c9bf96
556313011,Price's Tropical Citrus Large Jar Candle,Prices,1,https://www.ocado.com/products/556313011,vegan,manufacturer,https://www.prices-candles.co.uk/shop/p/country-feast-set-3nybt-2pec4-3by37-c9f7c-t7a55-ckw85-75zfd-mxczm-94el2-8nlbn-b6wln-yja5r-cepcd-t5kp9,https://www.prices-candles.co.uk/shop/p/country-feast-set-3nybt-2pec4-3by37-c9f7c-t7a55-ckw85-75zfd-mxczm-94el2-8nlbn-b6wln-yja5r-cepcd-t5kp9,7f28157c137094e3149d419b9df2786ec9e8752bdfa234f253b2431337121b9d,63719f51f907cb10303de2d87bfe43270dd15ca9b3b13250e11453dba8c9bf96
556314011,Price's White Jasmine Large Jar Candle,Prices,1,https://www.ocado.com/products/556314011,vegan,manufacturer,https://www.prices-candles.co.uk/shop/p/country-feast-set-3nybt-2pec4-3by37-c9f7c-t7a55-ckw85-75zfd-mxczm-94el2-8nlbn-b6wln-yja5r-cepcd-t5kp9,https://www.prices-candles.co.uk/shop/p/country-feast-set-3nybt-2pec4-3by37-c9f7c-t7a55-ckw85-75zfd-mxczm-94el2-8nlbn-b6wln-yja5r-cepcd-t5kp9,939a7da491eaabbc875d796094e5f9bdda8a3606e2c157011e2e6d6046f4d442,63719f51f907cb10303de2d87bfe43270dd15ca9b3b13250e11453dba8c9bf96
558061011,A.Vogel Atrogel Muscle Aches & Pains Arnica Gel,A.Vogel,1,https://www.ocado.com/products/558061011,vegan,manufacturer,https://www.avogel.co.uk/herbal-remedies/arnica-skin-cream/index.php,https://www.avogel.co.uk/herbal-remedies/arnica-skin-cream/index.php,cc29597a6997afc06dc07ec117959f11f699f53c19ddab9041c48fb3ced3d28d,a20cca314d3c41e47877c554a1ca26c125a27fa7e7eb36d5f2f4b2774a589041 51c0f45293fc1718841f4d9b4af0b83fedb42ab9be4e15a7870c683cac08d73d
558789011,Green People Scent Free Cleanser & Makeup Remover,Green People,1,https://www.ocado.com/products/558789011,vegan,manufacturer,https://www.greenpeople.co.uk/products/sensitive-scent-free-cleanser-make-up-remover-150ml,https://www.greenpeople.co.uk/products/sensitive-scent-free-cleanser-make-up-remover-150ml,4ee87dcda6ff20c91fa009f5cafbeb24fcf57a37585f6070d331a0417d5136f1,0548af6c0ae53dec3058a4f473876b5de454cc892150d1b4fee1d3cf36c6217a
560190011,Green People Branded Jade Gua Sha,Green People,1,https://www.ocado.com/products/560190011,vegan,manufacturer,https://www.greenpeople.co.uk/products/jade-gua-sha?variant=39745384775725,https://www.greenpeople.co.uk/products/jade-gua-sha?variant=39745384775725,e1b8feaa8ae575273a6e8146a2d252ab387fd43f161206352d2088019f1351de,4b345182b955a5644dc677d3e02ef40e7707cf7100b89aad20f7e594307e4b10
560220011,Pepsi Max Lime,Pepsi,1,https://www.ocado.com/products/560220011,vegan,manufacturer,https://www.pepsi.co.uk/faq,https://www.pepsi.co.uk/faq,dd51674ad6436057bc6a82b640884005cdd0a09b919cda5130b3221a9a6e4055,39914e626e7900e5ab69a67c0f33872f5c5656c79e9b1434f4ddf34e654c860c
560457011,Le Petit Olivier Shower Gel Aloe Vera,Le Petit Olivier,1,https://www.ocado.com/products/560457011,vegan,manufacturer,https://lepetitolivier.fr/en/pages/faq,https://lepetitolivier.fr/en/pages/faq,d996076297bab40eb9d7a20b1ec1a0918827392614efb58bcbebbf34687b0c1c,7fd2ee67eec5b1e853b73d399146fea5ebfdeec36e729b55aed4a9a53360d02d
562662011,Good Earth Teabags Orange and Passionfruit,Good Earth,1,https://www.ocado.com/products/562662011,vegan,manufacturer,https://goodearth.co.uk/products/passionfruit-orange,https://goodearth.co.uk/products/passionfruit-orange,65e954dc9280808a542999abb8a54c7e290860eeea55bee8c0b81c22ecf61de7,6e1a42b0ce2c48a2375fee185fc001a73eaf7e3945416122f6484b5db18ca9f1
563095011,Dove Visible Glow Fair to medium self tan lotion,Dove,1,https://www.ocado.com/products/563095011,vegan,manufacturer,https://www.dove.com/uk/skin-care/dove-body-love-ingredient-led-body-lotions.sm.html,https://www.dove.com/uk/skin-care/dove-body-love-ingredient-led-body-lotions.sm.html,771a93d585779e848bbe042c6e237ec4dd23dbb81f49e14a9e81ed18ebfc5b84,fcb4024526ed70741b7e4cb146e72efa9c541bfb22318ee1a5f6d796aac45181
563096011,Dove Visible Glow Medium to Dark self tan lotion,Dove,1,https://www.ocado.com/products/563096011,vegan,manufacturer,https://www.dove.com/uk/skin-care/dove-body-love-ingredient-led-body-lotions.sm.html,https://www.dove.com/uk/skin-care/dove-body-love-ingredient-led-body-lotions.sm.html,55834051d4a3d90592d1845e26dc52a908de76a8f9b7e0976ea61bedf841f289,fcb4024526ed70741b7e4cb146e72efa9c541bfb22318ee1a5f6d796aac45181
563898011,Evolve Beauty Rose Quartz Facial Polish,Evolve Beauty,1,https://www.ocado.com/products/563898011,vegan,manufacturer,https://www.evolvebeauty.com/pages/faq/1000,https://www.evolvebeauty.com/pages/faq/1000,37a6d509c580dc9f0d92be4dbb912219191c878cf793728d0cdd13b75669cf5a,1045e6b4ebb74f40d080564512a084841b673c48009bef0439a70236ad63e444
564102011,Pentire Adrift Alcohol-Free,Pentire,1,https://www.ocado.com/products/564102011,vegan,manufacturer,https://pentiredrinks.com/pages/faqs,https://pentiredrinks.com/pages/faqs,c5fd2b8ccaca519773e81628d469049e683db92f949d39b5a382a97802d3f283,2687ca64a680903e22e03df36685028c37d30fa0b258add43b73d4552031ddb6 497c50eda340bf2f8cc55423981552bc4102b02600f413a0646f18beca26493c
564810011,HIGH5 Energy Gel Taster Pack,HIGH5,1,https://www.ocado.com/products/564810011,vegan,manufacturer,https://highfive.co.uk/pages/faqs,https://highfive.co.uk/pages/faqs,52d6ffa17c9b8799f3c185011082591922bcd2d6cf0c43b6300e258f8d7bd889,813c02fc917ddfee73cce924252723b46468a48e305068d306e511619e974691
564813011,HIGH5 Energy Gel Orange,HIGH5,1,https://www.ocado.com/products/564813011,vegan,manufacturer,https://highfive.co.uk/pages/faqs,https://highfive.co.uk/pages/faqs,aa726f8af05b37a28f2c67cbc804d7f436fec3deddbf975b0465085a344f1c22,813c02fc917ddfee73cce924252723b46468a48e305068d306e511619e974691
565586011,Twinings Mango & Strawberry Fruit Tea,Twinings,1,https://www.ocado.com/products/565586011,vegan,manufacturer,https://twinings.co.uk/products/mango-strawberry-20-tea-bags,https://twinings.co.uk/products/mango-strawberry-20-tea-bags,bedc82c331252f976d26089ac9a8e7e1141d5524b5f433b4e8e5c1e688fa4d84,8d5ce3e7a2dfe1300fdb4bc1f947369f4283ab19f6e0ac06c31c9cd6a6acd5c9
565587011,Twinings Blood Orange & Cranberry Fruit Tea,Twinings,1,https://www.ocado.com/products/565587011,vegan,manufacturer,https://twinings.co.uk/products/blood-orange-cranberry-20-tea-bags,https://twinings.co.uk/products/blood-orange-cranberry-20-tea-bags,fdc6cb77c958c90ff3df77d80b8af032e932483614f6b5dcfe9c4684179c2116,05f212fe17141d4f1e0cc28612831742b2e1c52d3d20f054953e6f628cc2276f
565768011,Caleno Dark & Spicy Alcohol-Free Spirit,Caleno,1,https://www.ocado.com/products/565768011,vegan,manufacturer,https://calenodrinks.com/product/dark-spicy/,https://calenodrinks.com/product/dark-spicy/,12c76185259a8695849c4435f3e7f0f6610799c295d04f19bd65eaad3520c8b6,5ded359c6ed006b71fe5290ca841b94e7929ad2584df60ecb45d20af355f5fb0
565769011,Caleno Light & Zesty Alcohol-Free Spirit,Caleno,1,https://www.ocado.com/products/565769011,vegan,manufacturer,https://calenodrinks.com/product/light-zesty/,https://calenodrinks.com/product/light-zesty/,3ebf3774d2b3daa568dde1f7e3a6dd06535f6f496ed8ba0632fe1de937af02e2,2fae8b63df1d610a2e1a9b94355bc44ad645beb7c26a3875569f9f212f2dff3e
565788011,Freederm Exfoliating Daily Wash,Freederm,1,https://www.ocado.com/products/565788011,vegan,manufacturer,https://www.freederm.co.uk/faqs/,https://www.freederm.co.uk/faqs/,e595a92a61f695d4d79205e6505afd70816e51e9c1565042851c76adc7b7610b,9f4df1cc4036b7ff3d751a6681e7603fc7500c6cd5786df8c33f5ccb0dad8334
565789011,Freederm Fast Track,Freederm,1,https://www.ocado.com/products/565789011,vegan,manufacturer,https://www.freederm.co.uk/faqs/,https://www.freederm.co.uk/faqs/,af68b9ccb81e7c77f2bf161abb1563dce2e5ee209d1c4d0c17eda79cd854ac65,9f4df1cc4036b7ff3d751a6681e7603fc7500c6cd5786df8c33f5ccb0dad8334
568387011,INEOS Cleansing Hygiene Wipes,INEOS,1,https://www.ocado.com/products/568387011,vegan,manufacturer,https://www.ineoshygienics.com/pages/faq,https://www.ineoshygienics.com/pages/faq,8e370d88ee9e1eae6a897e20788744dbcf55b169969905aafa67889b272c577c,eb7ac2bc8b6e02c496489748dd77276e78ca79a6d236164ef35233b952033ea8
568822011,Guinness Original Stout Beer,Guinness,1,https://www.ocado.com/products/568822011,vegan,manufacturer,https://www.guinness.com/en-gb/frequently-asked-questions,https://www.guinness.com/en-gb/frequently-asked-questions,a26eddcab1d5811a124fe76fdac04eb68696a28d82f54be39adf323f25d9c93d,e6634770cc21891abfc5f8be971c73bf67fcb85810c6ef092f62ae5944974075
570496011,Twinings Buttermint Herbal Tea,Twinings,1,https://www.ocado.com/products/570496011,vegan,manufacturer,https://twinings.co.uk/products/buttermint-20-tea-bags,https://twinings.co.uk/products/buttermint-20-tea-bags,f5e96c09a11e8f2eecefc27559159761a74cb61c505e8ee6c57e645dff110057,d0eb6412cb53c09fed8795942fcbc1eb6c500bc8ff39ce6ed23b4a25e051424f
571058011,Vitality CBD Natural Spray with MCT Oil 2400mg,Vitality CBD,1,https://www.ocado.com/products/571058011,vegan,manufacturer,https://vitalitycbd.co.uk/blogs/featured/cbd-faqs,https://vitalitycbd.co.uk/blogs/featured/cbd-faqs,27d1df4fc113c446871a56f7b69fa44c15559433538fec959122164951c6898f,f149222865e3b11c677c3d4a703006596ae54c730e98e06b24143055988b8e00
571059011,Vitality CBD Berry Spray with MCT Oil 4800mg,Vitality CBD,1,https://www.ocado.com/products/571059011,vegan,manufacturer,https://vitalitycbd.co.uk/blogs/featured/cbd-faqs,https://vitalitycbd.co.uk/blogs/featured/cbd-faqs,33b2f88bc395e9b0c1093485a8c8037e4f0be3a46abe67794da5964d20f38b30,f149222865e3b11c677c3d4a703006596ae54c730e98e06b24143055988b8e00
571060011,Vitality CBD Lemon Spray with MCT Oil 4800mg,Vitality CBD,1,https://www.ocado.com/products/571060011,vegan,manufacturer,https://vitalitycbd.co.uk/blogs/featured/cbd-faqs,https://vitalitycbd.co.uk/blogs/featured/cbd-faqs,5a31ca6427e9baa3480b1e06d8b33d426a9d26aa186dd0d87d4571db4375293e,f149222865e3b11c677c3d4a703006596ae54c730e98e06b24143055988b8e00
571061011,Vitality CBD Natural Spray with MCT Oil 4800mg,Vitality CBD,1,https://www.ocado.com/products/571061011,vegan,manufacturer,https://vitalitycbd.co.uk/blogs/featured/cbd-faqs,https://vitalitycbd.co.uk/blogs/featured/cbd-faqs,c4bcbc820fba8dc76eb5bcdfc590f7acc38a57c48c7f8018e81142a24495b1e3,f149222865e3b11c677c3d4a703006596ae54c730e98e06b24143055988b8e00
571097011,Nip & Fab Salicylic Fix Spot Patches,Nip & Fab,1,https://www.ocado.com/products/571097011,vegan,manufacturer,https://www.nipandfab.com/blogs/blog/are-nip-fab-products-vegan-or-tested-on-animals,https://www.nipandfab.com/blogs/blog/are-nip-fab-products-vegan-or-tested-on-animals,72bf26fa15dfada07a39645f5244fe93a75bf900a3b5fd061bba96ebd29221a4,2c84b810280d175898241c27a05c7f87cd21b4291119b4b5ee493d1706b3ac13
571140011,Nip+Fab Vitamin C Fix Facial Scrub,Nip & Fab,1,https://www.ocado.com/products/571140011,vegan,manufacturer,https://www.nipandfab.com/blogs/blog/are-nip-fab-products-vegan-or-tested-on-animals,https://www.nipandfab.com/blogs/blog/are-nip-fab-products-vegan-or-tested-on-animals,954c599d38b1a12f9ddd1843c99a325038296ad2a8255ff185e3b496c6cf3459,2c84b810280d175898241c27a05c7f87cd21b4291119b4b5ee493d1706b3ac13
571725011,Klorane Shampoo with Quinine and Organic Edelweiss for Thinning Hair,Klorane,1,https://www.ocado.com/products/571725011,vegan,manufacturer,https://www.klorane.com/uk-en/frequently-asked-questions,https://www.klorane.com/uk-en/frequently-asked-questions,9dd41b0380ea4879b37ea292c697c718fb9690840cc6dbbf7308311d3fcf9010,4313d814031b11893f803a5c3a6a363573237018e8715c895674f986105126d5
571726011,Klorane Shampoo with Quinine and Organic Edelweiss for Thinning Hair,Klorane,1,https://www.ocado.com/products/571726011,vegan,manufacturer,https://www.klorane.com/uk-en/frequently-asked-questions,https://www.klorane.com/uk-en/frequently-asked-questions,05d6c6e20d2596ab355129429a5b6eba164316eca34b16a19d82d15a425460dc,4313d814031b11893f803a5c3a6a363573237018e8715c895674f986105126d5
571727011,Klorane ANTI-HAIR LOSS strengthening & stimulating Conditioner with Quinine,Klorane,1,https://www.ocado.com/products/571727011,vegan,manufacturer,https://www.klorane.com/uk-en/frequently-asked-questions,https://www.klorane.com/uk-en/frequently-asked-questions,42222ad8e13b0f0a4a4fbfe31ebcf6cecf7c5fa2fd439c71950be6676ec316f1,4313d814031b11893f803a5c3a6a363573237018e8715c895674f986105126d5
571772011,Green People Age Defy+ Soothing Anti-Redness Oil Serum,Green People,0,https://www.ocado.com/products/571772011,vegan,manufacturer,https://www.greenpeople.co.uk/products/age-defy-anti-redness-booster-drops-10ml,https://www.greenpeople.co.uk/products/age-defy-anti-redness-booster-drops-10ml,c77d6600a6416059935bd0f9e6d8b3756dcfdf55b4a211d518d58facbcb2003e,bb3df8132a9acef8dc847ad055fb9ae0cf71417e63a765fc4455239d3404a562
572520011,Served Hard Seltzer Variety Pack,Served,1,https://www.ocado.com/products/572520011,vegan,manufacturer,https://www.serveddrinks.co.uk/,https://www.serveddrinks.co.uk/,89bd3be594597f66d453021c15540718f32e53fdc4dfdcecde6b93f7d242d01a,4fb179fb09abb048b6fd79a3f64fe2e90ed7d6660e25b9ccac415fc559da5e78 a6643befe533fd8e6b471c548ac138c9b685a2f832545812c3bcecab31d879a3
572943011,VOTARY Super Seed Facial Oil - Fragrance Free,Votary,1,https://www.ocado.com/products/572943011,vegan,manufacturer,https://votary.co.uk/collections/all,https://votary.co.uk/collections/all,5cd3c8c4d132f17e8782369d50622ae73fbe63b2879a1c8342f0038580fa4ec1,abab59e347eda8a4b778675c74f54a394d6c368ac31cf2d4fe7330d98d1e54e3
574053011,Bulldog Skincare - Sensitive Bamboo Razor,Bulldog,1,https://www.ocado.com/products/574053011,vegan,manufacturer,https://bulldogskincare.com/pages/faq,https://bulldogskincare.com/pages/faq,7d086a6c8b224279b6aba2069979ffd43041853ffb0340329758ecfed21318f0,44b8a403572fbfbd10cda607311a88698b85a075c1682577dd7a9477274b9acc
574054011,Bulldog Skincare - Sensitive Steel Razor Blades,Bulldog,1,https://www.ocado.com/products/574054011,vegan,manufacturer,https://bulldogskincare.com/pages/faq,https://bulldogskincare.com/pages/faq,8b8985934906de2e14751cdb73d98eca9dc9e7d0c1b23dbaa665a5bb6812531b,44b8a403572fbfbd10cda607311a88698b85a075c1682577dd7a9477274b9acc
574070011,Klorane Softening Conditioner with Oat Milk for the Whole Family,Klorane,1,https://www.ocado.com/products/574070011,vegan,manufacturer,https://www.klorane.com/uk-en/frequently-asked-questions,https://www.klorane.com/uk-en/frequently-asked-questions,80415d7ea9ebb951b6f76e1ad0fda16b4a4e1ff09d6225aa389fc8a055d45a03,4313d814031b11893f803a5c3a6a363573237018e8715c895674f986105126d5
574083011,Klorane Brightening Shampoo with Camomile for Blonde Hair,Klorane,1,https://www.ocado.com/products/574083011,vegan,manufacturer,https://www.klorane.com/uk-en/frequently-asked-questions,https://www.klorane.com/uk-en/frequently-asked-questions,7df69e6dce60ee3991319212bbfc4efea6c1b566afe287dfa44b0322b56bc4aa,4313d814031b11893f803a5c3a6a363573237018e8715c895674f986105126d5
574084011,Klorane Brightening Shampoo with Camomile for Blonde Hair,Klorane,1,https://www.ocado.com/products/574084011,vegan,manufacturer,https://www.klorane.com/uk-en/frequently-asked-questions,https://www.klorane.com/uk-en/frequently-asked-questions,243b40d8772e6c031f252826278535db631ed71b17d22d77b40ca81a9ee8f2ca,4313d814031b11893f803a5c3a6a363573237018e8715c895674f986105126d5
574085011,Klorane Brightening Conditioner with Camomile for Blonde Hair,Klorane,1,https://www.ocado.com/products/574085011,vegan,manufacturer,https://www.klorane.com/uk-en/frequently-asked-questions,https://www.klorane.com/uk-en/frequently-asked-questions,05eaaeaedfe5aaffce64e9b3011c5ba61d182054e084c9498213c8b6eaf510b3,4313d814031b11893f803a5c3a6a363573237018e8715c895674f986105126d5
574100011,Klorane Soothing Shampoo with Organic Peony for Sensitive Scalps,Klorane,1,https://www.ocado.com/products/574100011,vegan,manufacturer,https://www.klorane.com/uk-en/frequently-asked-questions,https://www.klorane.com/uk-en/frequently-asked-questions,beabbc724e9f6888b548aacf0e53663224acd38a63c7ba915772b229259ec3e4,4313d814031b11893f803a5c3a6a363573237018e8715c895674f986105126d5
574342011,Cetaphil Gentle Skin Cleanser,Cetaphil,1,https://www.ocado.com/products/574342011,vegan,manufacturer,https://www.cetaphil.co.uk/cleansers/gentle-skin-cleanser/5020465202554.html,https://www.cetaphil.co.uk/cleansers/gentle-skin-cleanser/5020465202554.html,d3af61921f279fd921dab8c9494ac1c24822683e243f62af90e912434bf3cb0c,a52941ea93801da14499edfc4f48f87a19b7e78a45d3fa9d144d027a3bf4b968
574350011,Umberto Giannini Banana Butter Shampoo,Umberto Giannini,1,https://www.ocado.com/products/574350011,vegan,manufacturer,https://www.umbertogiannini.com/pages/faqs,https://www.umbertogiannini.com/pages/faqs,1bc6559a7cefebfd28473e540671e63415f3f354e794513a615dcdd10d250998,5acdfce115af1d446e9d26d66082e0269f86099a4a55b2e48326db068750acfb
574352011,Umberto Giannini Banana Butter Conditioner,Umberto Giannini,1,https://www.ocado.com/products/574352011,vegan,manufacturer,https://www.umbertogiannini.com/pages/faqs,https://www.umbertogiannini.com/pages/faqs,a24bd3e2f764c1ab04cbe249924cd052b0f0443957f93ae7f1ee4d7a8b5508cf,5acdfce115af1d446e9d26d66082e0269f86099a4a55b2e48326db068750acfb
574581011,Evolve Beauty Kalahari Dream Cleansing Oil,Evolve Beauty,1,https://www.ocado.com/products/574581011,vegan,manufacturer,https://www.evolvebeauty.com/pages/faq/1000,https://www.evolvebeauty.com/pages/faq/1000,e383dde93870192c4c9ddf99c4d3ff6eb4be09b87918a7e78d33e18a3888375c,1045e6b4ebb74f40d080564512a084841b673c48009bef0439a70236ad63e444
577544011,Ribena Blackcurrant Juice Drink Multipack,Ribena,1,https://www.ocado.com/products/577544011,vegan,manufacturer,https://ribena.co.uk/support/faqs/,https://ribena.co.uk/support/faqs/,25f2b65fae95a21c25429a0e584a2c7f7f303fff81768a3f5e503b07c7d858f2,f46e7de61add12247301a5ca6d89b0735fa21b35a58619526f3a21ad9b56c477
577552011,Pepsi Max Cherry,Pepsi,1,https://www.ocado.com/products/577552011,vegan,manufacturer,https://www.pepsi.co.uk/faq,https://www.pepsi.co.uk/faq,4b8ce5e03d35b629368777341a7765fbbf4748fe290f7aaeb7004799cab04842,39914e626e7900e5ab69a67c0f33872f5c5656c79e9b1434f4ddf34e654c860c
577634011,Oatly Oat Drink Vanilla Long Life,Oatly,1,https://www.ocado.com/products/577634011,vegan,manufacturer,https://www.oatly.com/en-gb/random-answers,https://www.oatly.com/en-gb/random-answers,e5e4eff4a735d199eb65bab25bacb36d96535afad6e543d353ff3a5f0a7d8efc,8a4820af2d8eb4ff7c5cb9e02eff1901ef1e57b63fbe48ba1366bb0ec9b9602f
577895011,TRUYU Fingernail Clippers,Truyu,1,https://www.ocado.com/products/577895011,vegan,manufacturer,https://www.truyubeauty.com/pages/faqs,https://www.truyubeauty.com/pages/faqs,a6b6150f6ee7feb5740fb44f9c134fc3966671e2a3aa3e6135f944e2ba9fe507,5368bbf3973556d373b2ace477cfb821b91e5c649e35120a1ca009519d021330
577896011,TRUYU Toenail Clippers Straight Blade,Truyu,1,https://www.ocado.com/products/577896011,vegan,manufacturer,https://www.truyubeauty.com/pages/faqs,https://www.truyubeauty.com/pages/faqs,c5c476897e5f706d1fec5fdc2dfe0eab6414a157d53e44a1085e93b2029db13b,5368bbf3973556d373b2ace477cfb821b91e5c649e35120a1ca009519d021330
577915011,TRUYU Facial Cleansing Sponges,Truyu,1,https://www.ocado.com/products/577915011,vegan,manufacturer,https://www.truyubeauty.com/pages/faqs,https://www.truyubeauty.com/pages/faqs,e8ad91f056aad1862a536feda708e190ed4202be47708a3d008344b18cf36778,5368bbf3973556d373b2ace477cfb821b91e5c649e35120a1ca009519d021330
577950011,TRUYU Blending Duo,Truyu,1,https://www.ocado.com/products/577950011,vegan,manufacturer,https://www.truyubeauty.com/pages/faqs,https://www.truyubeauty.com/pages/faqs,55d67a92f18fcaf26e3c210c40bf68199813a0414bf407e5d103444bd13ca67f,5368bbf3973556d373b2ace477cfb821b91e5c649e35120a1ca009519d021330
577951011,TRUYU Nail Scissors Curved Blades,Truyu,1,https://www.ocado.com/products/577951011,vegan,manufacturer,https://www.truyubeauty.com/pages/faqs,https://www.truyubeauty.com/pages/faqs,49d8cfd45508636fede5a017dae22375712343af92345fb7f7ab6b4ec95d2b48,5368bbf3973556d373b2ace477cfb821b91e5c649e35120a1ca009519d021330
577954011,TRUYU Straight Nail Scissors,Truyu,1,https://www.ocado.com/products/577954011,vegan,manufacturer,https://www.truyubeauty.com/pages/faqs,https://www.truyubeauty.com/pages/faqs,19de87bc5c9cd246480c4aa444c181b5b99510601e3923ad41c23731d9310781,5368bbf3973556d373b2ace477cfb821b91e5c649e35120a1ca009519d021330
578205011,"Baylis & Harding Royale Garden Rose, Poppy & Vanilla Hand Wash",Baylis & Harding,1,https://www.ocado.com/products/578205011,vegan,manufacturer,https://baylisandharding.com/about-us/kind-animals,https://baylisandharding.com/about-us/kind-animals,388015d8f23274fc1d4e16226556644241cd6360aa6d7038dfd2debcb82f2b71,89b8bb9ed9a4a8bcc1b91768d44421c8f13922c84673da156dc15b23542070fa 05872af136517af8ca8e7049477f5c28b69350012c9e3658406953ec153ce4db
578213011,Baylis & Harding Goodness Sleep Pillow Mist,Baylis & Harding,1,https://www.ocado.com/products/578213011,vegan,manufacturer,https://baylisandharding.com/about-us/kind-animals,https://baylisandharding.com/about-us/kind-animals,4e960c7b87c7a3c90db0bb19ba122936a2e054882d0f25169c4b60660e04d2d0,89b8bb9ed9a4a8bcc1b91768d44421c8f13922c84673da156dc15b23542070fa 6ac3c49705ca9bfc5e183b03403daf5c2d14acf3aff18b590f81005f3b6df28d
578283011,TRUYU Ceramic Stone Pedicure File,Truyu,1,https://www.ocado.com/products/578283011,vegan,manufacturer,https://www.truyubeauty.com/pages/faqs,https://www.truyubeauty.com/pages/faqs,454193b58a3360cf33657411ae6ddabcc8f2fc900afb48d54d9de644f34de4a3,5368bbf3973556d373b2ace477cfb821b91e5c649e35120a1ca009519d021330
578284011,TRUYU Tweezer Triple Set,Truyu,1,https://www.ocado.com/products/578284011,vegan,manufacturer,https://www.truyubeauty.com/pages/faqs,https://www.truyubeauty.com/pages/faqs,28b0b5438f0b28e52c748184c3054fcb9c037203b8ee7b48b3fc5687f5f6a82d,5368bbf3973556d373b2ace477cfb821b91e5c649e35120a1ca009519d021330
578336011,Pepsi Max,Pepsi,1,https://www.ocado.com/products/578336011,vegan,manufacturer,https://www.pepsi.co.uk/faq,https://www.pepsi.co.uk/faq,e78e3525ab8311183bd28eb7002c21a5aac71d426dded4d2d6c0ca1de911c028,39914e626e7900e5ab69a67c0f33872f5c5656c79e9b1434f4ddf34e654c860c
578337011,Pepsi Max Cherry,Pepsi,1,https://www.ocado.com/products/578337011,vegan,manufacturer,https://www.pepsi.co.uk/faq,https://www.pepsi.co.uk/faq,69c3e7300bb082b4243fddc550e652ef876b03cf91faeb92d3ba8bbea76e8d78,39914e626e7900e5ab69a67c0f33872f5c5656c79e9b1434f4ddf34e654c860c
578599011,Fever-Tree Light Rhubarb & Raspberry Tonic Cans,Fever-Tree,1,https://www.ocado.com/products/578599011,vegan,manufacturer,https://fever-tree.com/en-gb/faqs-contact-us,https://fever-tree.com/en-gb/faqs-contact-us,de60e72a471fad826831e1351a71edb2b088ad71b0a90a67a537ec00af111132,b000aa556867dec084c2af5135fc21ab1776764b39d9ddde0cf045d6a8fb9964
578600011,Fever-Tree Light Spanish Clementine Tonic Water,Fever-Tree,1,https://www.ocado.com/products/578600011,vegan,manufacturer,https://fever-tree.com/en-gb/faqs-contact-us,https://fever-tree.com/en-gb/faqs-contact-us,745747a54d2537a9219cef3932eba2b73f89d468a769d09140027abaa6ac4023,b000aa556867dec084c2af5135fc21ab1776764b39d9ddde0cf045d6a8fb9964
578951011,St Moriz Advanced Express Tan Foaming Water,St Moriz,1,https://www.ocado.com/products/578951011,vegan,manufacturer,https://www.stmoriz.com/blogs/portfolio/advanced,https://www.stmoriz.com/blogs/portfolio/advanced,065de561585d4f15e40a80fa33d047e13c0f9177dfc5aceb4e73cda0e79277f8,e3baa88094228d96eaf0b556abae78d9ae2ed83bcc6d9f3ce9a1ae8ca293ee44 7ee5f4214c8c57d8aa65931a64a143dfdbb2ab91c8239d7a529a174ceec0b059
579253011,Rock Face Power 48 HR Antiperspirant Deodorant,Rock Face,1,https://www.ocado.com/products/579253011,vegan,manufacturer,https://www.rockface4men.co.uk/pages/our-story,https://www.rockface4men.co.uk/pages/our-story,05e3f836f2f6783359ca52e700f71351cf0671fccafe951970eb614e7c87c009,bf5ddcca86c0c0e7bfe6b47f35b34a35db33f0f1602adcfff1cd812977141fc9
580096011,Simple Hyaluronic Acid Serum +,Simple,1,https://www.ocado.com/products/580096011,vegan,manufacturer,https://www.simple.co.uk/products/serums.html,https://www.simple.co.uk/products/serums.html,84db1dfad82840a022764a59f1f5522aabae54a431f938b8359185f296f941a0,40affecae336adf973e264b1c54f8b2f52a3429dd50a95f3001dd42d115acb12 103749aab4b450e9b0134c152353b6c589b8cd89bd0bef30fbb29e731af8c1bc
580097011,Simple Niacinamide Serum +,Simple,1,https://www.ocado.com/products/580097011,vegan,manufacturer,https://www.simple.co.uk/products/serums.html,https://www.simple.co.uk/products/serums.html,72663d07395f6a93aa645f5433c64961098d5f857b4d44c70581e4e41d1063a5,40affecae336adf973e264b1c54f8b2f52a3429dd50a95f3001dd42d115acb12 103749aab4b450e9b0134c152353b6c589b8cd89bd0bef30fbb29e731af8c1bc
581124011,Ultrasun SPF 50 Face & Scalp Sunscreen Mist,Ultrasun,1,https://www.ocado.com/products/581124011,vegan,manufacturer,https://www.ultrasun.co.uk/pages/product-faqs,https://www.ultrasun.co.uk/pages/product-faqs,97974f271cd70b71e8a5e94606247c718aa48fd654d51798e2b365edc8399f5d,9a320cf740d5c745ef422362a613a67d28081c30330fdf3a1bd752a3d4e47c93
581125011,Ultrasun SPF 50+ Face Tinted Sunscreen,Ultrasun,1,https://www.ocado.com/products/581125011,vegan,manufacturer,https://www.ultrasun.co.uk/pages/product-faqs,https://www.ultrasun.co.uk/pages/product-faqs,2ef51a329af199572f5a1f07b1adba20f471291ecc1619c36acfdde45637e009,9a320cf740d5c745ef422362a613a67d28081c30330fdf3a1bd752a3d4e47c93
581126011,Ultrasun SPF 30 Body Tan Activator,Ultrasun,1,https://www.ocado.com/products/581126011,vegan,manufacturer,https://www.ultrasun.co.uk/pages/product-faqs,https://www.ultrasun.co.uk/pages/product-faqs,a77b47bc16b8e073add970f3ac7659841d1ca6d7a906e6c622362e09ec25529e,9a320cf740d5c745ef422362a613a67d28081c30330fdf3a1bd752a3d4e47c93
581324011,Brushworks Reusable Silicone Nipple Covers,Brushworks,1,https://www.ocado.com/products/581324011,vegan,manufacturer,https://soinvogue.com/product/brushworks-reusable-silicone-nipple-covers/,https://soinvogue.com/product/brushworks-reusable-silicone-nipple-covers/,84b5af5f0548710c8c5f68ad5d82b5522a2e5a4cad9902f5d7f6ac6a437e7e52,8706dd1c3dfd7c96532eb045cbf7cd4fe6081bad40800438297b62c64f4a0652
581516011,Vitality CBD Muscle and Joint Gel,Vitality CBD,1,https://www.ocado.com/products/581516011,vegan,manufacturer,https://vitalitycbd.co.uk/blogs/featured/cbd-faqs,https://vitalitycbd.co.uk/blogs/featured/cbd-faqs,c176c237d8dc8dbe992490ff7b03958415ec84604424859ab3db998e7f13330b,f149222865e3b11c677c3d4a703006596ae54c730e98e06b24143055988b8e00
581595011,M&S Fino Lemon Sorbet,M&S,0,https://www.ocado.com/products/581595011,vegan,manufacturer,https://www.marksandspencer.com/food/l/frozen-food/ice-cream/sorbet,https://www.marksandspencer.com/food/l/frozen-food/ice-cream/sorbet,7d4c7b0320e90f9eb9816accb8ba368f5f9a1273c1576d1677d0f153ebf5783c,e76ef559a463bb672fac0d0628427411ad261fc28ec1051e9a7521cf8b607785
581752011,Peroni Nastro Azzurro 0% Alcohol-Free Beer Lager Bottles,Peroni,1,https://www.ocado.com/products/581752011,vegan,manufacturer,https://uk.asahibeer.co.uk/products/peroni-nastro-azzuro-00,https://uk.asahibeer.co.uk/products/peroni-nastro-azzuro-00,0f4d96427d8a38c565afcf3f22b5eec0ca0ac2f26746272c2f031213d3607ae0,dc5b71508753443e6943e073b21e8f2cc6650e783315c77fd3d330582fad1365
582195011,Jasons Tiger rolls,Jasons,1,https://www.ocado.com/products/582195011,vegan,manufacturer,https://www.jasonssourdough.co.uk/pages/every-day-tiger-rolls,https://www.jasonssourdough.co.uk/pages/every-day-tiger-rolls,e9b27b2e6721a63a53a44bc791052ab2d047547b33f60bf83a89f3caa1d0d451,09074903fcbd614530a856e2b45d2b420dc389e2c5273b91c787bf2b59b2c682 b0232245c067f2a89f3d22ba32ef9fe4d862a041219340587a82b0f932c316a7
582295011,Ultrasun SPF 50 Sports Gel Sunscreen,Ultrasun,1,https://www.ocado.com/products/582295011,vegan,manufacturer,https://www.ultrasun.co.uk/pages/product-faqs,https://www.ultrasun.co.uk/pages/product-faqs,26196a47c75befb146370871e00e231a35b30770c144e7faa82eb19a3d4b96b6,9a320cf740d5c745ef422362a613a67d28081c30330fdf3a1bd752a3d4e47c93
583021011,M&S Restore Mini Scenting Set,M&S,1,https://www.ocado.com/products/583021011,vegan,manufacturer,https://www.marksandspencer.com/restore-mini-scenting-gift-set/p/hbp61222376,https://www.marksandspencer.com/restore-mini-scenting-gift-set/p/hbp61222376,d68bb0c3dc395b29292b9cfb421bc4bbca66a3dddeaa3d6c55713f7638772472,cadc6a1674a50ed8164a5df171d14377fda6e19ef9f2063d565c2f42ceef91f1
583221011,Klorane ANTI-HAIR LOSS intense strengthening serum with Quinine,Klorane,1,https://www.ocado.com/products/583221011,vegan,manufacturer,https://www.klorane.com/uk-en/frequently-asked-questions,https://www.klorane.com/uk-en/frequently-asked-questions,9e1a8479c294ca15913f2ffbed8894a1676454fbee7372b1802a72d54c23f6a8,4313d814031b11893f803a5c3a6a363573237018e8715c895674f986105126d5
583386011,Mr. Singh's Hand Cooked Chilli Cheese & Onion Luxury Crisps,,1,https://www.ocado.com/products/583386011,vegan,manufacturer,https://mrsinghsonline.com/products/chilli-cheese-and-onion-40g-bag,https://mrsinghsonline.com/products/chilli-cheese-and-onion-40g-bag,c3a483dc57c5b4359da3d70e24d2e051320155131476185e6e3a5d40462c820e,b54c8596b1df27cc3220d68d763be8d33217587bb35a3873fedf67f44fd548e2
583387011,"Mr. Singh's Hand Cooked Chilli, Lemon & Cracked Salt Luxury Crisps",,1,https://www.ocado.com/products/583387011,vegan,manufacturer,https://mrsinghsonline.com/products/chilli-lemon-and-cracked-salt-crisps,https://mrsinghsonline.com/products/chilli-lemon-and-cracked-salt-crisps,0a7e36739f36405285883df8c4990c7c3dcb19f20caf34350ca21d7796a6bea2,371e398fbefc5ee71c81fbb66249735b8efb46cd106831db88ff10830477c600
583749011,Crussh 5 Veggie Sandwich,,1,https://www.ocado.com/products/583749011,vegan,manufacturer,https://web.archive.org/web/20221209132829id_/https://crussh.com/wp-content/uploads/2022/10/CRUSSH-Allergy-Guide-V13-03.10.22.pdf,https://web.archive.org/web/20221209132829id_/https://crussh.com/wp-content/uploads/2022/10/CRUSSH-Allergy-Guide-V13-03.10.22.pdf,6cc8fafa6e083b67f20d5f4b05d8a0b2191703d757dc921b0bd81bf1ebb6165c,3a5634a3981a7203d74b9d722bb84083c7e2ad81f84345dd8baa15c19efba793
583756011,Crussh Bang Bang Sweet Potato Salad Box,,1,https://www.ocado.com/products/583756011,vegan,manufacturer,https://web.archive.org/web/20221209132829id_/https://crussh.com/wp-content/uploads/2022/10/CRUSSH-Allergy-Guide-V13-03.10.22.pdf,https://web.archive.org/web/20221209132829id_/https://crussh.com/wp-content/uploads/2022/10/CRUSSH-Allergy-Guide-V13-03.10.22.pdf,815e3ba345e59c8c9a5894fc98af276e2aefb1801d4e4f4dce14fc8e0d11bbd7,3a5634a3981a7203d74b9d722bb84083c7e2ad81f84345dd8baa15c19efba793
583768011,East London Liquor Kew Gin & Tonic,,1,https://www.ocado.com/products/583768011,vegan,manufacturer,https://eastlondonliquorcompany.com/products/12-cans-of-east-london-kew-gin-tonic-5-abv-copy,https://eastlondonliquorcompany.com/products/12-cans-of-east-london-kew-gin-tonic-5-abv-copy,9907b86d95284bd04b2be7509a2c01a601a12267c4c27e36972156a920965599,2113a9da8deaa22211e6bae297a1cd78c33b0d701c7ebec23f794294786013f6
585279011,Fever-Tree Italian Blood Orange Soda,Fever-Tree,1,https://www.ocado.com/products/585279011,vegan,manufacturer,https://fever-tree.com/en-gb/faqs-contact-us,https://fever-tree.com/en-gb/faqs-contact-us,0deab154b6a325c6d8b9d125ef1f3e8435a8252c5038d2db7be2ec9ff88b786a,b000aa556867dec084c2af5135fc21ab1776764b39d9ddde0cf045d6a8fb9964
585280011,Fever-Tree Mexican Lime Soda,Fever-Tree,1,https://www.ocado.com/products/585280011,vegan,manufacturer,https://fever-tree.com/en-gb/faqs-contact-us,https://fever-tree.com/en-gb/faqs-contact-us,f1528936eea55894542c8f1b43d2ee103550a8795f5b7cbd258fb316cadc1e91,b000aa556867dec084c2af5135fc21ab1776764b39d9ddde0cf045d6a8fb9964
585353011,M&S Sparkling Summer Berries Water,M&S,1,https://www.ocado.com/products/585353011,vegan,manufacturer,https://www.marksandspencer.com/food/summer-berries-sparkling-water/p/fdp60551151,https://www.marksandspencer.com/food/summer-berries-sparkling-water/p/fdp60551151,e683ae665ea53187e873404eaef779c3807bd49d0ba3f55812a6941875249c79,a59c323832acbab2939f39be2b861a6dc998c89283a4ad56897e0e907bbd548e
585669011,Purifide Blackhead Control Scrub,Cetaphil,1,https://www.ocado.com/products/585669011,vegan,manufacturer,https://acnecide.co.uk/faqs/,https://acnecide.co.uk/faqs/,103d69d9887acf0e827e99125715dc169aee672c9aff90c29659c5c37fab2d85,0d50f6e0919f654a5a234a5b5af35dd20122b22b5e23858409a158dac7ffb5bf c93f252a32d38f8dafa62fdb11e0bd943b71ca85393f3ce8bd655f709c148bb5
585682011,Hawkins & Brimble Beard Shampoo Eco-Refillable,Hawkins & Brimble,1,https://www.ocado.com/products/585682011,vegan,manufacturer,https://www.hawkinsandbrimble.co.uk/pages/faqs,https://www.hawkinsandbrimble.co.uk/pages/faqs,95678988cdac339700ad81153514e7d135082d4b08283232eddd8cf7051daeb4,cdfffa2634bf778911bc9452122a2a9870cce62c348379c9d5d1478753034d5f
585727011,Oatly Oat Drink Barista Long Life,Oatly,1,https://www.ocado.com/products/585727011,vegan,manufacturer,https://www.oatly.com/en-gb/random-answers,https://www.oatly.com/en-gb/random-answers,802e7d968763801435ab9defcfa233422f216a4ed876fae17d964f5f2b7f4158,8a4820af2d8eb4ff7c5cb9e02eff1901ef1e57b63fbe48ba1366bb0ec9b9602f
586213011,Carlsberg Export Lager Beer Cans,Carlsberg,1,https://www.ocado.com/products/586213011,vegan,manufacturer,https://www.carlsberg.com/en-gb/better-answers/is-carlsberg-vegan/,https://www.carlsberg.com/en-gb/better-answers/is-carlsberg-vegan/,a2d3846fd1ab872ce0e7c44b7ec1fe55dd3434d991737018da43be8d01eb8827,94a59917fa6a2289c6a133f866ce5d98bb309412ea8b8c561308c37af53e16e2
587715011,Simple Kind to Skin Biodegradable Face Wipes,Simple,1,https://www.ocado.com/products/587715011,vegan,manufacturer,https://www.simple.co.uk/products/face-wipes.html,https://www.simple.co.uk/products/face-wipes.html,50d803066811c415fbcf560c870a76f732e1b63f34761b088b893d9c7e1f7878,1c9bce73390bc10008711f7eefe08572429e9522c20ac72005c62ebd269cb092
587716011,Simple Kind to Skin Biodegradable Face Wipes,Simple,1,https://www.ocado.com/products/587716011,vegan,manufacturer,https://www.simple.co.uk/products/face-wipes.html,https://www.simple.co.uk/products/face-wipes.html,c44b28b6145efd2b62d8077b1b555e58053005c11410315a4e2f200daa25e7b1,1c9bce73390bc10008711f7eefe08572429e9522c20ac72005c62ebd269cb092
588113011,VOTARY Intense Night Oil - Rosehip and Retinoid,Votary,1,https://www.ocado.com/products/588113011,vegan,manufacturer,https://votary.co.uk/collections/all,https://votary.co.uk/collections/all,ad796c804e2516539d52d245af68c609fbeaa6def47ab0a247e202858382be4a,abab59e347eda8a4b778675c74f54a394d6c368ac31cf2d4fe7330d98d1e54e3
588801011,Umberto Giannini Scalp Refresh Dry Shampoo,Umberto Giannini,1,https://www.ocado.com/products/588801011,vegan,manufacturer,https://www.umbertogiannini.com/pages/faqs,https://www.umbertogiannini.com/pages/faqs,ac1c9a8570245ad9c74bfef0205fdd9f2c19fd4b568d86448bf3f27addfbfe1f,5acdfce115af1d446e9d26d66082e0269f86099a4a55b2e48326db068750acfb
588903011,Courvoisier VSOP Cognac Brandy,Courvoisier,1,https://www.ocado.com/products/588903011,vegan,manufacturer,https://www.courvoisier.com/en-gb/tours-and-experiences/book-cognac-tasting-tour/,https://www.courvoisier.com/en-gb/tours-and-experiences/book-cognac-tasting-tour/,10f8f32e6675da52edadc6ec308464f0925cad05d66f960165ec4e8d781f0a69,2bfcbeedd65b9a618079f3d6fb5f10dee1f65a22278cd6f87e7ed0385cd66245
589565011,Heineken Silver 150ml Sample Can,,1,https://www.ocado.com/products/589565011,vegan,manufacturer,https://www.heineken.com/global/en/our-products/heineken-silver/,https://www.heineken.com/global/en/our-products/heineken-silver/,8b04607e3d1d7e6f2718b863754dfc17f0d3f3bf54331f7b0630c5ea3bff312f,75bcc009c2596cedfc361663414cae8ad14cbbb51a27641f4987d698bfff2704
589912011,M&S Diet Pink Lemonade,M&S,1,https://www.ocado.com/products/589912011,vegan,manufacturer,https://www.marksandspencer.com/food/diet-pink-lemonade/p/fdp60568351,https://www.marksandspencer.com/food/diet-pink-lemonade/p/fdp60568351,1ae6a2c6ed9df2caaf9b31d48e2f7a2d643875959475e5dc8f8a1b27d5b834fd,85dc802862e43b7d2ab5aef5b27c559330c65a6f6640bc109e6241212da878fa
590601011,Carex Fun Editions Cherry On Top Antibacterial Handwash,Carex,1,https://www.ocado.com/products/590601011,vegan,manufacturer,https://www.cussonscarex.com/uk/faqs/,https://www.cussonscarex.com/uk/faqs/,48d6ef27be7cb12181c53cdaa3fadfe0dcaddbe2ba20cc845ec3af8e920f91f2,47d0b03d712ff2ac97c916a8bd41d046dc78232a8832ad5d0f4cd7d31140a815
591264011,NOCCO Blood Orange Del Sol,Nocco,1,https://www.ocado.com/products/591264011,vegan,manufacturer,https://nocco.co.uk/product/nocco-limon-del-sol/,https://nocco.co.uk/product/nocco-limon-del-sol/,e49fffd54f1ee1f1fe5bad2e2e33f3590e11d5b6548099158dafe83126504423,405f51014c5bd475b9de41b2a7b2987015885a71746e146dd6521342ddd84ada
591491011,"M&S Restore Refillable Candle, Amber",M&S,1,https://www.ocado.com/products/591491011,vegan,manufacturer,https://www.marksandspencer.com/restore-refillable-candle/p/hbp60780855,https://www.marksandspencer.com/restore-refillable-candle/p/hbp60780855,3c0b1689b5e27371ea20ec9cfd7ba46c7867b3062e7256dc3f030e5bdbced4d2,9d3402f2ea3b986882366ac4f7f0e966094833ec9333f0394ea9aeb04aa72b3c
591668011,Who Gives A Crap Kitchen Roll,Who Gives a Crap,1,https://www.ocado.com/products/591668011,vegan,manufacturer,https://support.whogivesacrap.org/hc/en-gb/articles/11902182808217-Are-your-products-vegan,https://support.whogivesacrap.org/hc/en-gb/articles/11902182808217-Are-your-products-vegan,9fe214efe69c962d8fcc0dee921f638db9d80401a687ae52421a210bb47b45fd,d39c87775670d686d45cffbf4d8670dddeff53aa1e754dae33d63e3ae341572b
591929011,Hendrick's Gin Gift Pack,Hendrick's,0,https://www.ocado.com/products/591929011,vegan,manufacturer,https://hendricksgin.com/uk/faqs/,https://hendricksgin.com/uk/faqs/,cc0ca432c9a9197850e57241434d9bb2e6a727c43266d7761ca2d1d25145f18a,0c133627383dde4dd4f09c81eb38665bb7d023fb80498ddecc6f1d5093249428
593082011,Charles Worthington Thicker and Fuller Shampoo,Charles Worthington,1,https://www.ocado.com/products/593082011,vegan,manufacturer,https://charlesworthington.com/product/thicker-fuller-densifying-shampoo-250ml/,https://charlesworthington.com/product/thicker-fuller-densifying-shampoo-250ml/,77a119358eedeee1dd8c8b67e38186dd30b6710d721571d638580f091d1cdf70,7a5f2c06ea74a85a06f4c1d487b59c6d80898593c85e124904a249f45841fea3
593131011,Charles Worthington Grow Strong Scalp Tonic,Charles Worthington,1,https://www.ocado.com/products/593131011,vegan,manufacturer,https://charlesworthington.com/product/grow-strong-scalp-tonic-100ml/,https://charlesworthington.com/product/grow-strong-scalp-tonic-100ml/,fa850faa40fc6fbc3e0369ed6c1592b01e4247e102f2a5f0d90ddada8e8d93dc,b5bcbdae4ab9cffa50da04edb4bf2f4c7b3c0407fd28ff45ec082aa865aba781
593410011,Covonia All-In-One Chesty Cough Oral Solution,Covonia,1,https://www.ocado.com/products/593410011,vegan,manufacturer,https://www.covonia.co.uk/products/all-in-one-oral-solution,https://www.covonia.co.uk/products/all-in-one-oral-solution,c2ac61b0e8d13618337b730b8edeabcebcda55c47a6526623f3544f90c286ab4,178ecf71cc613b55eba2d3caf072df6285d6d353cdb2b1e26d0185075dc0f7b1
594581011,Galipette Rose French Cidre,Galipette,1,https://www.ocado.com/products/594581011,vegan,manufacturer,https://galipettecidre.com/,https://galipettecidre.com/,170d4450df443eb539c799362bb9324df622f65c29a248874ff6e819fe7bbd95,cdef09357d8533a9d348e868c169636bc0cc47d476aa5aeabd299de04ac22e72 039a00bec767d2c7183189d0e445b73cca66d0e08d0732f11335ac090184f054
595318011,Nails.INC 45 Second Speedy Gloss Knightsbridge Nights Out Nail Polish,Nails Inc.,0,https://www.ocado.com/products/595318011,vegan,manufacturer,https://nailsinc.com/products/knightsbridge-nights-out-quick-drying-nail-polish,https://nailsinc.com/products/knightsbridge-nights-out-quick-drying-nail-polish,288a33c8c20c2e184e8924d9cd74d87810e86b8bbb6b9d465c2a959e852532ae,c56381e5f2643696f2e053c202887f9786f8d63d17cea3037ae42a9ae16bcd43 fef8415a1e4660e1ca98bda30a2d6ed87eaf28c302deb36126ba1f587dc0334a
595319011,Nails.INC 45 Second Speedy Gloss House Hunting in Holland Park Nail Polish,Nails Inc.,1,https://www.ocado.com/products/595319011,vegan,manufacturer,https://nailsinc.com/products/house-hunting-in-holland-park-quick-drying-nail-polish,https://nailsinc.com/products/house-hunting-in-holland-park-quick-drying-nail-polish,e55a81f78b912e0a00928520fbbe3cc11d6d24e8da2ca73eaf9a714c27569749,09ab4bde72f4241124c0fd9048f3f096130412a6e4ce17c451845963585ecf7a fef8415a1e4660e1ca98bda30a2d6ed87eaf28c302deb36126ba1f587dc0334a
595321011,Nails.INC 45 Second Speedy Gloss Paddington Peace Out Nail Polish,Nails Inc.,0,https://www.ocado.com/products/595321011,vegan,manufacturer,https://nailsinc.com/products/paddington-peace-out-quick-drying-nail-polish,https://nailsinc.com/products/paddington-peace-out-quick-drying-nail-polish,dc87727188d77702db9e03be5f6126d9e545ec43b98a93e666ce09d4414f661b,6152e18f63b5981cfc10b0f9577115f14a570fbe6a1642aca4ed07935f164828 fef8415a1e4660e1ca98bda30a2d6ed87eaf28c302deb36126ba1f587dc0334a
595323011,Nails.INC 45 Second Speedy Gloss No Bad Days in Notting Hill Nail Polish,Nails Inc.,0,https://www.ocado.com/products/595323011,vegan,manufacturer,https://nailsinc.com/products/no-bad-days-in-notting-hill-quick-drying-nail-polish,https://nailsinc.com/products/no-bad-days-in-notting-hill-quick-drying-nail-polish,d4836d1b89f8e43158aac678cf15d83b37cf3b3d69cae8676a3bb5efc4e7d365,5b5e5205bf42115414920067b997e9c1c3558ef41b0c88f323471407834d047e fef8415a1e4660e1ca98bda30a2d6ed87eaf28c302deb36126ba1f587dc0334a
595327011,Nails.INC French Mani Hack Duo Nail Polish,Nails Inc.,1,https://www.ocado.com/products/595327011,vegan,manufacturer,https://nailsinc.com/products/french-mani-hack-nail-polish-set,https://nailsinc.com/products/french-mani-hack-nail-polish-set,bc8ff3b0f85f54dd5b806c200a0f7d0512b06d3f0e4678408845fe6fd5a6a228,8f507e23f0087b13726acd3074184956cdc872bd9cec548f9d411a81ad86e9e3 fef8415a1e4660e1ca98bda30a2d6ed87eaf28c302deb36126ba1f587dc0334a
596172011,Fever-Tree Light Sicilian Lemonade,Fever-Tree,1,https://www.ocado.com/products/596172011,vegan,manufacturer,https://fever-tree.com/en-gb/faqs-contact-us,https://fever-tree.com/en-gb/faqs-contact-us,6ac85e7ffd82717b25eb383b82a4686a374c116b27defdaededb23cc1b29d287,b000aa556867dec084c2af5135fc21ab1776764b39d9ddde0cf045d6a8fb9964
596173011,Fever-Tree Sparkling Mexican Lime,Fever-Tree,1,https://www.ocado.com/products/596173011,vegan,manufacturer,https://fever-tree.com/en-gb/faqs-contact-us,https://fever-tree.com/en-gb/faqs-contact-us,185b823ed5a90485eded33b4434509c954e3a23ceb257004f49dc55e76791ed5,b000aa556867dec084c2af5135fc21ab1776764b39d9ddde0cf045d6a8fb9964
596174011,Fever-Tree Light Ginger Beer,Fever-Tree,1,https://www.ocado.com/products/596174011,vegan,manufacturer,https://fever-tree.com/en-gb/faqs-contact-us,https://fever-tree.com/en-gb/faqs-contact-us,576e89415da693dcff4646fd35a813af78645787da5566e238e8bd9b1f5da689,b000aa556867dec084c2af5135fc21ab1776764b39d9ddde0cf045d6a8fb9964
596965011,Ribena Blackcurrant No Added Sugar Juice cartons,Ribena,1,https://www.ocado.com/products/596965011,vegan,manufacturer,https://ribena.co.uk/support/faqs/,https://ribena.co.uk/support/faqs/,dd5b2b6f457a47c3c2746ec3dc19106538c84d82ed45d2033d47be2035423573,f46e7de61add12247301a5ca6d89b0735fa21b35a58619526f3a21ad9b56c477
598741011,The Lab Co. Delicates Concentrated Non Bio Laundry Detergent 32 Washes,The Lab Co.,1,https://www.ocado.com/products/598741011,vegan,manufacturer,https://www.thelabco.com/,https://www.thelabco.com/,58e1ae04687e2ddc4d6e309cb785d374919c6cd825c216c982148ebcb70c3002,1a06b406f34217633520d376c7053abfe763646d2370f8aaaa35852fac9ed594 f2049e889d4eb7c00bd0bc25852bf1e8765d25de467235cabd7226a3bb60b65f 9818a621d81cc5de9b70d2a4bcf137b619a466944d914051c7fbdeb3dfde1ad6 1e8bedb298d9a915a40e8a788e37a9dba282627c35d5308d608afcee16ce5b40
598744011,The Lab Co. Signature Fabric Mist Laundry Freshener Orange & Lavender,The Lab Co.,1,https://www.ocado.com/products/598744011,vegan,manufacturer,https://www.thelabco.com/,https://www.thelabco.com/,074ed1e81965413279f3b9630d48e7a8986b71c0f72c704027ab042530030af6,1a06b406f34217633520d376c7053abfe763646d2370f8aaaa35852fac9ed594 f2049e889d4eb7c00bd0bc25852bf1e8765d25de467235cabd7226a3bb60b65f 9818a621d81cc5de9b70d2a4bcf137b619a466944d914051c7fbdeb3dfde1ad6 1e8bedb298d9a915a40e8a788e37a9dba282627c35d5308d608afcee16ce5b40
598779011,The Lab Co. Sports and Swimwear Non Bio Laundry Detergent 32 Washes,The Lab Co.,1,https://www.ocado.com/products/598779011,vegan,manufacturer,https://www.thelabco.com/,https://www.thelabco.com/,b536ce6d782ed7c719975d26b9acfc5d5dab9f6e8c8dfe7932285f91feb714da,1a06b406f34217633520d376c7053abfe763646d2370f8aaaa35852fac9ed594 f2049e889d4eb7c00bd0bc25852bf1e8765d25de467235cabd7226a3bb60b65f 9818a621d81cc5de9b70d2a4bcf137b619a466944d914051c7fbdeb3dfde1ad6 1e8bedb298d9a915a40e8a788e37a9dba282627c35d5308d608afcee16ce5b40
599660011,Soopa Apple & Blueberry Dental Sticks,Soopa,1,https://www.ocado.com/products/599660011,vegan,manufacturer,https://soopapets.com/blogs/dog-health/human-grade-dog-food-guide,https://soopapets.com/blogs/dog-health/human-grade-dog-food-guide,eece3a6b078df49683a3c7fc4177e4ec34cf7cda7d7ec1c7057328c4bac4094e,57302c7cf8dac1baa78ce7a4022e0d8489c297d6084749a980b7bae4d81428eb
599664011,Soopa Apple & Blueberry Healthy Bites,Soopa,1,https://www.ocado.com/products/599664011,vegan,manufacturer,https://soopapets.com/blogs/dog-health/human-grade-dog-food-guide,https://soopapets.com/blogs/dog-health/human-grade-dog-food-guide,4419013b1bfb14490e36041b3575081fabf17ca6ef39b76d03b756e7ba8e0897,57302c7cf8dac1baa78ce7a4022e0d8489c297d6084749a980b7bae4d81428eb
599689011,Soopa Banana & Pumpkin Senior Dental Sticks,Soopa,1,https://www.ocado.com/products/599689011,vegan,manufacturer,https://soopapets.com/blogs/dog-health/human-grade-dog-food-guide,https://soopapets.com/blogs/dog-health/human-grade-dog-food-guide,a657babffc1950c93eb397ef6efd99bacc4fb1b2add658cf502f85852683b037,57302c7cf8dac1baa78ce7a4022e0d8489c297d6084749a980b7bae4d81428eb
599890011,"VOTARY Daily Apple Toner, Malic Acid and Prebiotic",Votary,1,https://www.ocado.com/products/599890011,vegan,manufacturer,https://votary.co.uk/collections/all,https://votary.co.uk/collections/all,e25fc5772ee8d6d34f65d1be6c2880328b374f39320b56ad1496c5a4ae91f9ea,abab59e347eda8a4b778675c74f54a394d6c368ac31cf2d4fe7330d98d1e54e3
599963011,Klorane Anti-yellowing Shampoo with ORGANIC Centaury,Klorane,1,https://www.ocado.com/products/599963011,vegan,manufacturer,https://www.klorane.com/uk-en/frequently-asked-questions,https://www.klorane.com/uk-en/frequently-asked-questions,4fecdf3c87239cf181d41a3051132658eca3379a04ad76e0a9304afe8c291297,4313d814031b11893f803a5c3a6a363573237018e8715c895674f986105126d5
599992011,Umberto Giannini Texture Boost Volumising Dry Texture Spray,Umberto Giannini,1,https://www.ocado.com/products/599992011,vegan,manufacturer,https://www.umbertogiannini.com/pages/faqs,https://www.umbertogiannini.com/pages/faqs,2b1f2c2bc52afc3e6b9fd6bb5980a7a8d9d13cc2ded4b5fd633b19e8a3012d0b,5acdfce115af1d446e9d26d66082e0269f86099a4a55b2e48326db068750acfb
600157011,Wash with Leaf Concentrated Laundry Detergent Sheets,Wash with leaf,0,https://www.ocado.com/products/600157011,vegan,manufacturer,https://washwithleaf.com/pages/faqs,https://washwithleaf.com/pages/faqs,523b9da40d1b90958516d3e619f55f5cc49580e8635e7169358b55fe081c72a9,261cc7f847fed8215c67b1d4950c879ffa90259b0e81ed74009f260b00899c52
600243011,Wash with Leaf Non Bio Laundry Sheets 50,Wash with leaf,1,https://www.ocado.com/products/600243011,vegan,manufacturer,https://washwithleaf.com/pages/faqs,https://washwithleaf.com/pages/faqs,26005fd7c674ba3dd5477f34bc31ec920bef7b233f1e09c151e1a0b6241cb4f5,261cc7f847fed8215c67b1d4950c879ffa90259b0e81ed74009f260b00899c52
600244011,Wash with Leaf Brilliant White 50 Sheets,Wash with leaf,1,https://www.ocado.com/products/600244011,vegan,manufacturer,https://washwithleaf.com/pages/faqs,https://washwithleaf.com/pages/faqs,2fc195a56cce5b2a9c9054ae634dcb938c38bfc1ec3f6bdf36b1b176c0985543,261cc7f847fed8215c67b1d4950c879ffa90259b0e81ed74009f260b00899c52
600944011,NIVEA Glow Eye Make-up Remover,Nivea,1,https://www.ocado.com/products/600944011,vegan,manufacturer,https://www.nivea.co.uk/products/nivea-double-effect-radiance-eye-make-up-remover-125ml-40059008983880045.html,https://www.nivea.co.uk/products/nivea-double-effect-radiance-eye-make-up-remover-125ml-40059008983880045.html,43dc43ed1a80c53a6513e3d0fc5b94ec21aeeae5d2b31e20b06b474669c19806,03a559171ccb59582e6140cea5ec70fa3fb9f37449a46b6906d8fc0b851aeb18
601024011,Method Lavender Hand Soap Refill,Method,0,https://www.ocado.com/products/601024011,vegan,manufacturer,https://methodproducts.co.uk/about-us/faq/,https://methodproducts.co.uk/about-us/faq/,84f94570922df5510c4c27cea61312fffb03aea36fc259d0190b36e0f917dd7f,746e77346138f37e5f7008edf1df397fd577b7a48ed80d68554f2247288a0e12 af56d2c5ebe196f060f2be37c35644dbed4abf1f9a6f9ee93ddb6e9b289ba122
601025011,Method Sweet Water Hand Soap Refill,Method,0,https://www.ocado.com/products/601025011,vegan,manufacturer,https://methodproducts.co.uk/about-us/faq/,https://methodproducts.co.uk/about-us/faq/,a7301e9cea14a2ddc7a53e19372ba2bca25d99b4286e7843b81ded8c7c3f8747,746e77346138f37e5f7008edf1df397fd577b7a48ed80d68554f2247288a0e12 af56d2c5ebe196f060f2be37c35644dbed4abf1f9a6f9ee93ddb6e9b289ba122
601401011,Le Petit Olivier Extra mild soap bars Cherry Blossom,Le Petit Olivier,1,https://www.ocado.com/products/601401011,vegan,manufacturer,https://lepetitolivier.fr/en/pages/faq,https://lepetitolivier.fr/en/pages/faq,34e7ddbd43a68b39616dcc1f5ee2d87d4e1d2826b0f29a93f7f7edbd91afbf8f,7fd2ee67eec5b1e853b73d399146fea5ebfdeec36e729b55aed4a9a53360d02d
602333011,Nails.INC Better On Top Quick-Drying Top Coat,Nails Inc.,1,https://www.ocado.com/products/602333011,vegan,manufacturer,https://nailsinc.com/products/better-on-top-quick-drying-top-coat,https://nailsinc.com/products/better-on-top-quick-drying-top-coat,82e29ab6cd0e20a1209da4270f6fcf1989390ee37e2e1ac9fb7b137c074ed820,bcdfc11a2172c83a8826b5ad3b3b5e6a05c3bb28103bcf3352c2359eec4cfdaf fef8415a1e4660e1ca98bda30a2d6ed87eaf28c302deb36126ba1f587dc0334a
602335011,Nails.INC Get Hard Hardening Base Coat,Nails Inc.,1,https://www.ocado.com/products/602335011,vegan,manufacturer,https://nailsinc.com/products/get-hard-hardening-base-coat,https://nailsinc.com/products/get-hard-hardening-base-coat,89fdcbb422bf17f538d736d1df875ea91387c2bc4f85ce013b2d25d2a84f6394,a5ddfe4cc9440faec042413f482b4806e195c11f77c6dfcd5762e5d674f0343d fef8415a1e4660e1ca98bda30a2d6ed87eaf28c302deb36126ba1f587dc0334a
602336011,Nails.INC Glow and Grow,Nails Inc.,1,https://www.ocado.com/products/602336011,vegan,manufacturer,https://nailsinc.com/products/glow-and-grow-nail-growth-treatment,https://nailsinc.com/products/glow-and-grow-nail-growth-treatment,78aa057679d3bf52eed25e24d740d01f0e44c5a877ee279f66aca4b23e3c82bd,8611fe017677c114c6627ed885fb9e92d6135672909ba212823b07f06e109f10 fef8415a1e4660e1ca98bda30a2d6ed87eaf28c302deb36126ba1f587dc0334a
602337011,Nails.INC Vit C Please Vitamin C Cuticle Oil,Nails Inc.,1,https://www.ocado.com/products/602337011,vegan,manufacturer,https://nailsinc.com/products/vit-c-please-nourishing-cuticle-oil,https://nailsinc.com/products/vit-c-please-nourishing-cuticle-oil,11dc1802a893b959300083c14b632d28cb80e7e1e84f06629f54370096ba1f62,ac70606b774fce4c5322b5da225ed05de6c437da5c33a546092f002e77a51ff1 fef8415a1e4660e1ca98bda30a2d6ed87eaf28c302deb36126ba1f587dc0334a
602836011,Fever-Tree Premium Lemonade,Fever-Tree,1,https://www.ocado.com/products/602836011,vegan,manufacturer,https://fever-tree.com/en-gb/faqs-contact-us,https://fever-tree.com/en-gb/faqs-contact-us,678efd116c1ecb1a8dbfd83bec34d5d0011f9f76d5a7808afc8f0f01952a0be0,b000aa556867dec084c2af5135fc21ab1776764b39d9ddde0cf045d6a8fb9964
602838011,Fever-Tree Pink Grapefruit Soda,Fever-Tree,1,https://www.ocado.com/products/602838011,vegan,manufacturer,https://fever-tree.com/en-gb/faqs-contact-us,https://fever-tree.com/en-gb/faqs-contact-us,bb5836334ffb8e69480435f5e266e4a08c0e028a83fc015a19e29f4434142646,b000aa556867dec084c2af5135fc21ab1776764b39d9ddde0cf045d6a8fb9964
603420011,Naked Paper Unbleached Super Soft Extra Long Bamboo Toilet Paper,Naked Paper,1,https://www.ocado.com/products/603420011,vegan,manufacturer,https://uk.nakedpaper.com/blogs/news/are-toilet-rolls-vegan,https://uk.nakedpaper.com/blogs/news/are-toilet-rolls-vegan,5467a70cd8ccb88092640d49d03c0885ba9ab25020d5f2464a9a00aad31203ac,bf4bd7cd4984258193c35b822154aa1df6cb03f38a602e2fb9eba95ab53ff48e
603474011,Naked Paper Unbleached Super Absorbent Bamboo Kitchen Roll,Naked Paper,1,https://www.ocado.com/products/603474011,vegan,manufacturer,https://uk.nakedpaper.com/blogs/news/are-toilet-rolls-vegan,https://uk.nakedpaper.com/blogs/news/are-toilet-rolls-vegan,9ecdae7de0bf8442221130d233ca6e775cbdc458b6cc597d1fd70e6fc57ea6b7,bf4bd7cd4984258193c35b822154aa1df6cb03f38a602e2fb9eba95ab53ff48e
603508011,Naked Paper Unbleached Bamboo Facial Tissues 100 Sheets,Naked Paper,1,https://www.ocado.com/products/603508011,vegan,manufacturer,https://uk.nakedpaper.com/blogs/news/are-toilet-rolls-vegan,https://uk.nakedpaper.com/blogs/news/are-toilet-rolls-vegan,e256fc1b9056fb834accd505ec29876b889bd78bba93574cbf87c005fb70051b,bf4bd7cd4984258193c35b822154aa1df6cb03f38a602e2fb9eba95ab53ff48e
604496011,Dove Women Advanced Antiperspirant Deodorant Roll on Original,Dove,1,https://www.ocado.com/products/604496011,vegan,manufacturer,https://www.dove.com/uk/deodorants.sm.html,https://www.dove.com/uk/deodorants.sm.html,6223243399cdeaf53d96d6cf20b8af379d9854de89eab794aea4928a5c487d4e,263ee7fa383f0caf943b173d73c8134c1f6afba6c0005e87ab4c5bdb9dd4607e
604498011,Dove Women Advanced Antiperspirant Deodorant Roll on Invisible Dry,Dove,1,https://www.ocado.com/products/604498011,vegan,manufacturer,https://www.dove.com/uk/deodorants.sm.html,https://www.dove.com/uk/deodorants.sm.html,a3b381693701634798287407957fbcb4a7d84cea34069e8fdf86b6b519c38fe6,263ee7fa383f0caf943b173d73c8134c1f6afba6c0005e87ab4c5bdb9dd4607e
604510011,Beavertown Lunar Haze Hazy IPA,Beavertown,1,https://www.ocado.com/products/604510011,vegan,manufacturer,https://beavertownbrewery.co.uk/pages/faqs,https://beavertownbrewery.co.uk/pages/faqs,674db460a358e9d6803de24bfa020458242bc65c8522ed745b1306b38622d76b,f8e12d79026aba674bfac48df8dbf38ebdfbfa213804fa3cf7b7ed1d6f54d885 ef5e622254d4d4e78d51f83700c6684bf28cec759613e6bf8cc74ed079c33598
604861011,Courvoisier XO Cognac,Courvoisier,1,https://www.ocado.com/products/604861011,vegan,manufacturer,https://www.courvoisier.com/en-gb/tours-and-experiences/book-cognac-tasting-tour/,https://www.courvoisier.com/en-gb/tours-and-experiences/book-cognac-tasting-tour/,4cdc38abfa33647af2c048723e918795f3d3bbcb44e8e1c19e7b18e1335045e8,2bfcbeedd65b9a618079f3d6fb5f10dee1f65a22278cd6f87e7ed0385cd66245
604912011,Dove Women Antiperspirant Deodorant Powder Aerosol,Dove,1,https://www.ocado.com/products/604912011,vegan,manufacturer,https://www.dove.com/uk/deodorants.sm.html,https://www.dove.com/uk/deodorants.sm.html,510da46054e77bd338526b6efc3ed82eced010e6d6e3393c646653cc739bd1ec,263ee7fa383f0caf943b173d73c8134c1f6afba6c0005e87ab4c5bdb9dd4607e
604913011,Dove Women Antiperspirant Deodorant Classic Aerosol,Dove,1,https://www.ocado.com/products/604913011,vegan,manufacturer,https://www.dove.com/uk/deodorants.sm.html,https://www.dove.com/uk/deodorants.sm.html,075de1412387c85c21db8031fc4482bd82384039338713a6a0873b653d37a8b9,263ee7fa383f0caf943b173d73c8134c1f6afba6c0005e87ab4c5bdb9dd4607e
605282011,Hendrick's Limited Edition Flora Adora Gin,Hendrick's,1,https://www.ocado.com/products/605282011,vegan,manufacturer,https://hendricksgin.com/uk/faqs/,https://hendricksgin.com/uk/faqs/,ca5be117976d79faf816ae35e42786423634ffb0f9fdeca66106a362f4700189,0c133627383dde4dd4f09c81eb38665bb7d023fb80498ddecc6f1d5093249428
605928011,Peroni Nastro Azzurro Beer Lager Bottle,Peroni,1,https://www.ocado.com/products/605928011,vegan,manufacturer,https://uk.asahibeer.co.uk/products/peroni-nastro-azzurro,https://uk.asahibeer.co.uk/products/peroni-nastro-azzurro,9134f053c2c41797f46eacef8179a45c5bd76495b6abccaf01d2b33387851e0c,13b241b82ff2b67bb28374ec6840b5b6569585c56ec621c0e95994f6f6aa521d
606169011,Twinings Lady Grey Tea,Twinings,1,https://www.ocado.com/products/606169011,vegan,manufacturer,https://twinings.co.uk/products/lady-grey-40-tea-bags,https://twinings.co.uk/products/lady-grey-40-tea-bags,b2fa2fed780309dd7c76a45919305368c1d3828df3d7fdc5a25fadfc9ed53fd4,ff4e68e3aaa5784fe0de9003f54a420a63b747391bddd46f4f4b2509c8f7ac60
606171011,Twinings Decaffeinated Earl Grey Tea 40 Tea Bags,Twinings,1,https://www.ocado.com/products/606171011,vegan,manufacturer,https://twinings.co.uk/products/earl-grey-decaffeinated-40-tea-bags,https://twinings.co.uk/products/earl-grey-decaffeinated-40-tea-bags,5e2f27c8f1ecfaae2e5a56e2ac121228f964c67c2c5cf328738227b991cae513,46b7e110d18a37d5533752ab98c056ef41296ad7f3807b58cb138505490ee95f
606172011,Twinings Earl Grey Tea,Twinings,1,https://www.ocado.com/products/606172011,vegan,manufacturer,https://twinings.co.uk/products/earl-grey-40-tea-bags,https://twinings.co.uk/products/earl-grey-40-tea-bags,a2b306ed6577b86e15acad45e4bc77378e1664dcce9aaf9630c57f7ec5849257,49d6146cc6e27d5680bd22b1757d59e2ef9fee21bed4f0409afd419d08edb103
606182011,Twinings Lady Grey Tea,Twinings,1,https://www.ocado.com/products/606182011,vegan,manufacturer,https://twinings.co.uk/products/lady-grey-80-tea-bags,https://twinings.co.uk/products/lady-grey-80-tea-bags,344a0d421cbd030f17b600804e354a8bb83fd3999661e33beb1b4db535332bad,40ffcf0d5824e4f9392e8c9f99440d182e723c296447019b0d444bdc4b88749e
606183011,Twinings Earl Grey Tea 80 Tea Bags,Twinings,1,https://www.ocado.com/products/606183011,vegan,manufacturer,https://twinings.co.uk/products/earl-grey-80-tea-bags,https://twinings.co.uk/products/earl-grey-80-tea-bags,4af0e1d268e6c6112827ecbf3dcaa100600c9ea7a3355559155db99a7e74551b,9ece989da9fa3ab582c67eda31fe7c1a5c2092227205bf09f27a985b94352cc2
606191011,Twinings Earl Grey Tea,Twinings,1,https://www.ocado.com/products/606191011,vegan,manufacturer,https://twinings.co.uk/products/earl-grey-120-tea-bags,https://twinings.co.uk/products/earl-grey-120-tea-bags,12d02a387c4ffb37d8cf2e47f413ede878086328fb6a26d8d03e729e57b46cec,327d240d3e38b50206a46a3cc2fdeda341d4ed1a6f94272bc5ef4ec10aadf65e
606259011,Fever-Tree Indian Tonic Water,Fever-Tree,1,https://www.ocado.com/products/606259011,vegan,manufacturer,https://fever-tree.com/en-gb/faqs-contact-us,https://fever-tree.com/en-gb/faqs-contact-us,8da632f7026e3bf9dce40ceaa4a0a47f2032deca5929485acfa433206f16d0b5,b000aa556867dec084c2af5135fc21ab1776764b39d9ddde0cf045d6a8fb9964
606260011,Fever-Tree Espresso Martini Mixer,Fever-Tree,1,https://www.ocado.com/products/606260011,vegan,manufacturer,https://fever-tree.com/en-gb/faqs-contact-us,https://fever-tree.com/en-gb/faqs-contact-us,ea06d02435891f11d454e4c6d66c344a9f88bf999439ce78da0ef70a55c21ead,b000aa556867dec084c2af5135fc21ab1776764b39d9ddde0cf045d6a8fb9964
606261011,Fever-Tree Classic Mojito Mixer,Fever-Tree,1,https://www.ocado.com/products/606261011,vegan,manufacturer,https://fever-tree.com/en-gb/faqs-contact-us,https://fever-tree.com/en-gb/faqs-contact-us,cb3d704ebf7de3c0fa3fc7c19b6d3c47b12f785e2de24cb005421c241d9164ea,b000aa556867dec084c2af5135fc21ab1776764b39d9ddde0cf045d6a8fb9964
606262011,Fever-Tree Classic Margarita Mixer,Fever-Tree,1,https://www.ocado.com/products/606262011,vegan,manufacturer,https://fever-tree.com/en-gb/faqs-contact-us,https://fever-tree.com/en-gb/faqs-contact-us,88cd9afda5920045c7be07eb6fd7c1e69eb1ed86925803de3fd5b1fd115ce638,b000aa556867dec084c2af5135fc21ab1776764b39d9ddde0cf045d6a8fb9964
606397011,Sanex Expert Skin Health Moisturising Body Wash Shower Gel Refill,Sanex,1,https://www.ocado.com/products/606397011,vegan,manufacturer,https://www.sanex.co.uk/products/shower/sanex-expert-skin-health-moisturising-shower-cream-refill,https://www.sanex.co.uk/products/shower/sanex-expert-skin-health-moisturising-shower-cream-refill,2e689cb83d1d486c5586421d16130fac4e79d4eebca842fac664319325ea3ca4,63256aab46f761e58fa368ee83faff592f18bbadc5d1fe59d66efda5b2640c3d
606760011,"SELENACARE, TEENS, Period Knickers, Sporty, Black, Size 12-13 years",Selenacare,1,https://www.ocado.com/products/606760011,vegan,manufacturer,https://selenacare.com/en/about/production/,https://selenacare.com/en/about/production/,0431abf39ed550926d693d4745c8df081ffc13dd8cf59de84d3f9cfba1622724,4b0bc7cdf7dd082d7518c76d2b16319bd0126b64069f5889a9413348c80e364c
606761011,"SELENACARE, TEENS, Period Knickers, Sporty, Black, Size 11-12 years",Selenacare,1,https://www.ocado.com/products/606761011,vegan,manufacturer,https://selenacare.com/en/about/production/,https://selenacare.com/en/about/production/,bf152f33411c6c315c29d1ebe93d45c163b63956e845574a6ee350d8e62929bb,4b0bc7cdf7dd082d7518c76d2b16319bd0126b64069f5889a9413348c80e364c
606763011,"SELENACARE, Menstrual Undies, CLASSIC, Black, Size S",Selenacare,1,https://www.ocado.com/products/606763011,vegan,manufacturer,https://selenacare.com/en/about/production/,https://selenacare.com/en/about/production/,03315743a836e79f8b48bcf0f2ca95b753cf8c7067de3289c1947eeba95e3e33,4b0bc7cdf7dd082d7518c76d2b16319bd0126b64069f5889a9413348c80e364c
606764011,"SELENACARE, Menstrual Undies, CLASSIC, Black, Size L",Selenacare,1,https://www.ocado.com/products/606764011,vegan,manufacturer,https://selenacare.com/en/about/production/,https://selenacare.com/en/about/production/,5b9f4a9444fdfecdef28d7ec77453cf1167f9283e2256614c81435124cfca460,4b0bc7cdf7dd082d7518c76d2b16319bd0126b64069f5889a9413348c80e364c
606765011,"SELENACARE, TEENS, Period Knickers, Sporty, Blue, Size 11 - 12 Years",Selenacare,1,https://www.ocado.com/products/606765011,vegan,manufacturer,https://selenacare.com/en/about/production/,https://selenacare.com/en/about/production/,8e96c044b941f4d21dbc50eb3a3d377bca4e835c23eb29a12c9b15ebc896cf60,4b0bc7cdf7dd082d7518c76d2b16319bd0126b64069f5889a9413348c80e364c
606766011,"SELENACARE, Menstrual Undies, CLASSIC, Black, Size XL",Selenacare,1,https://www.ocado.com/products/606766011,vegan,manufacturer,https://selenacare.com/en/about/production/,https://selenacare.com/en/about/production/,f7b74de94eb16a77f46a75f04ab1910ae8bdd928e04a0b766203d7457b350167,4b0bc7cdf7dd082d7518c76d2b16319bd0126b64069f5889a9413348c80e364c
606767011,"SELENACARE, Menstrual Undies, CLASSIC, Black, Size M",Selenacare,1,https://www.ocado.com/products/606767011,vegan,manufacturer,https://selenacare.com/en/about/production/,https://selenacare.com/en/about/production/,521e4d13c510b98da3f9583c43bbe1e15cf2f5155de932258b63760e2a53cb44,4b0bc7cdf7dd082d7518c76d2b16319bd0126b64069f5889a9413348c80e364c
606769011,"SELENACARE, TEENS, Period Knickers, Sporty, Blue, Size 13-14 years",Selenacare,1,https://www.ocado.com/products/606769011,vegan,manufacturer,https://selenacare.com/en/about/production/,https://selenacare.com/en/about/production/,d70e7f487edc82b14f55ce74f246201894d8afedbc2393dc193e74d53d733dee,4b0bc7cdf7dd082d7518c76d2b16319bd0126b64069f5889a9413348c80e364c
606770011,"SELENACARE, TEENS, Period Knickers, Sporty, Black, Size 13-14 years",Selenacare,1,https://www.ocado.com/products/606770011,vegan,manufacturer,https://selenacare.com/en/about/production/,https://selenacare.com/en/about/production/,5ea3e749350b228cc78d9d9243831580cba376e2d95c2e1eb18e75fd0ae58685,4b0bc7cdf7dd082d7518c76d2b16319bd0126b64069f5889a9413348c80e364c
606771011,"SELENACARE, TEENS, Period Knickers, Sporty, Blue, Size 12-13 years",Selenacare,1,https://www.ocado.com/products/606771011,vegan,manufacturer,https://selenacare.com/en/about/production/,https://selenacare.com/en/about/production/,f986f6c2173795941db4b43a5ec941c9c8f870af4c884c865ebf873fc116aa2f,4b0bc7cdf7dd082d7518c76d2b16319bd0126b64069f5889a9413348c80e364c
606786011,"SELENACARE, Menstrual Undies, CLASSIC, Black, Size 2XL",Selenacare,1,https://www.ocado.com/products/606786011,vegan,manufacturer,https://selenacare.com/en/about/production/,https://selenacare.com/en/about/production/,e9e30c05c1f4e8127ac4bfa235fcd6d56cf58814679fe828434427e98b930938,4b0bc7cdf7dd082d7518c76d2b16319bd0126b64069f5889a9413348c80e364c
607062011,Courvoisier VS Cognac Brandy,Courvoisier,0,https://www.ocado.com/products/607062011,vegan,manufacturer,https://www.courvoisier.com/en-gb/tours-and-experiences/book-cognac-tasting-tour/,https://www.courvoisier.com/en-gb/tours-and-experiences/book-cognac-tasting-tour/,93f52046ea173df5a141a1320fc952ce6377f99cdb8d5cb3ac7954f810a053d9,2bfcbeedd65b9a618079f3d6fb5f10dee1f65a22278cd6f87e7ed0385cd66245
608112011,Pepsi Regular,Pepsi,1,https://www.ocado.com/products/608112011,vegan,manufacturer,https://www.pepsi.co.uk/faq,https://www.pepsi.co.uk/faq,45c08bfc7ade13259fa2f78e6905538b583742d808b04a178473834959962a92,39914e626e7900e5ab69a67c0f33872f5c5656c79e9b1434f4ddf34e654c860c
608271011,Price's French Vanilla Medium Jar Candle,Prices,1,https://www.ocado.com/products/608271011,vegan,manufacturer,https://www.prices-candles.co.uk/shop/p/country-feast-set-3nybt-2pec4-3by37-c9f7c-t7a55-ckw85-75zfd-mxczm-94el2-8nlbn-b6wln-yja5r-cepcd-t5kp9,https://www.prices-candles.co.uk/shop/p/country-feast-set-3nybt-2pec4-3by37-c9f7c-t7a55-ckw85-75zfd-mxczm-94el2-8nlbn-b6wln-yja5r-cepcd-t5kp9,c759b94b1617f6b084251404879716657c67c17630163d02b5bba4d22b642305,63719f51f907cb10303de2d87bfe43270dd15ca9b3b13250e11453dba8c9bf96
608273011,Price's English Lavender Medium Jar Candle,Prices,1,https://www.ocado.com/products/608273011,vegan,manufacturer,https://www.prices-candles.co.uk/shop/p/country-feast-set-3nybt-2pec4-3by37-c9f7c-t7a55-ckw85-75zfd-mxczm-94el2-8nlbn-b6wln-yja5r-cepcd-t5kp9,https://www.prices-candles.co.uk/shop/p/country-feast-set-3nybt-2pec4-3by37-c9f7c-t7a55-ckw85-75zfd-mxczm-94el2-8nlbn-b6wln-yja5r-cepcd-t5kp9,371c6935adf8689d65310d88e656c6809816c717b9cb77a86db73a2cfe77fd2d,63719f51f907cb10303de2d87bfe43270dd15ca9b3b13250e11453dba8c9bf96
608274011,Price's Tropical Citrus Medium Jar Candle,Prices,1,https://www.ocado.com/products/608274011,vegan,manufacturer,https://www.prices-candles.co.uk/shop/p/country-feast-set-3nybt-2pec4-3by37-c9f7c-t7a55-ckw85-75zfd-mxczm-94el2-8nlbn-b6wln-yja5r-cepcd-t5kp9,https://www.prices-candles.co.uk/shop/p/country-feast-set-3nybt-2pec4-3by37-c9f7c-t7a55-ckw85-75zfd-mxczm-94el2-8nlbn-b6wln-yja5r-cepcd-t5kp9,cc8621e2cc06e678604488db454531bc00b7b0c187133d4a76fc4b5d1f1ae088,63719f51f907cb10303de2d87bfe43270dd15ca9b3b13250e11453dba8c9bf96
608275011,Price's White Jasmine Medium Jar Candle,Prices,1,https://www.ocado.com/products/608275011,vegan,manufacturer,https://www.prices-candles.co.uk/shop/p/country-feast-set-3nybt-2pec4-3by37-c9f7c-t7a55-ckw85-75zfd-mxczm-94el2-8nlbn-b6wln-yja5r-cepcd-t5kp9,https://www.prices-candles.co.uk/shop/p/country-feast-set-3nybt-2pec4-3by37-c9f7c-t7a55-ckw85-75zfd-mxczm-94el2-8nlbn-b6wln-yja5r-cepcd-t5kp9,6519edacf9e9faf5d0aeacf6b00f55eae326443e9fbfb665e12eb68b186879ba,63719f51f907cb10303de2d87bfe43270dd15ca9b3b13250e11453dba8c9bf96
608439011,Westland Big Tom Tomato Food,Westland,1,https://www.ocado.com/products/608439011,vegan,manufacturer,https://www.gardenhealth.com/vegetarian-and-vegan-gardening,https://www.gardenhealth.com/vegetarian-and-vegan-gardening,40d0cff4b0fa7e2471c5b7c08553495875fc5bcaad811f92e733dba297241eec,8a0ac4fe77eb56bd6699d283aa6b2acd48a57eac53d30079bfb5b0001abd5a9c 087084968c685f998eee25d6819ba335513b4bdb4e0d2c989a497125bd3242c1
609385011,Waken Rechargeable Sonic Toothbrush - Mint Blue,Waken,1,https://www.ocado.com/products/609385011,vegan,manufacturer,https://wakencare.com/blogs/news/the-waken-way-what-thoughtful-oral-care-looks-like,https://wakencare.com/blogs/news/the-waken-way-what-thoughtful-oral-care-looks-like,af3c9937669818ffaf965a1fb3925553e083e9a7523427a3f38828a62047b816,d0d5f56681350a0befcd2ab4cc959572f53d77756a9a7fff640e9896f3ee33f3
609386011,Waken Rechargeable Sonic Toothbrush - Graphite Grey,Waken,1,https://www.ocado.com/products/609386011,vegan,manufacturer,https://wakencare.com/blogs/news/the-waken-way-what-thoughtful-oral-care-looks-like,https://wakencare.com/blogs/news/the-waken-way-what-thoughtful-oral-care-looks-like,0f186b4edfc9a7ec12815bb41eedc91621439e7bf8b1172f8fef73a0a16ed1e8,d0d5f56681350a0befcd2ab4cc959572f53d77756a9a7fff640e9896f3ee33f3
609387011,Waken Rechargeable Sonic Toothbrush - Dusty Rose,Waken,1,https://www.ocado.com/products/609387011,vegan,manufacturer,https://wakencare.com/blogs/news/the-waken-way-what-thoughtful-oral-care-looks-like,https://wakencare.com/blogs/news/the-waken-way-what-thoughtful-oral-care-looks-like,ff935440cdbb6654ff2961ff75f5c01d9444cbddc51a312326bf4c12d7280669,d0d5f56681350a0befcd2ab4cc959572f53d77756a9a7fff640e9896f3ee33f3
609418011,Waken Sonic Toothbrush Heads Refills White,Waken,1,https://www.ocado.com/products/609418011,vegan,manufacturer,https://wakencare.com/blogs/news/the-waken-way-what-thoughtful-oral-care-looks-like,https://wakencare.com/blogs/news/the-waken-way-what-thoughtful-oral-care-looks-like,6466713c24e6f6105484430efa45b1c83036cb7b65b41b11679ee884af14b724,d0d5f56681350a0befcd2ab4cc959572f53d77756a9a7fff640e9896f3ee33f3
609455011,Pepsi Max No Caffeine,Pepsi,1,https://www.ocado.com/products/609455011,vegan,manufacturer,https://www.pepsi.co.uk/faq,https://www.pepsi.co.uk/faq,8534ba1d505c489c13e177523ab5cdc37c0225cce9a01e1bf7f6740cd60538e5,39914e626e7900e5ab69a67c0f33872f5c5656c79e9b1434f4ddf34e654c860c
609469011,Iglu Mouth Pain Relief Pastilles,Iglu,1,https://www.ocado.com/products/609469011,vegan,manufacturer,https://www.iglugel.co.uk/iglu-sugar-free-pastilles/,https://www.iglugel.co.uk/iglu-sugar-free-pastilles/,9e9a56441205c5d621d15571c073adf0d813cdba1f8c464868f842b8275b8e8a,2ff0117edd02e0a7ef92ebd24868b003a767481fdc2bec665dabfc21fdd5a0d4
609959011,Nails.INC Keep It Tonal Quad,Nails Inc.,0,https://www.ocado.com/products/609959011,vegan,manufacturer,https://nailsinc.com/products/keep-it-tonal-4-piece-ombre-nail-polish-set,https://nailsinc.com/products/keep-it-tonal-4-piece-ombre-nail-polish-set,f4989711954f42424317dc61d1c1ddb50a0883384b793cf5cf8477b5fadcb406,6fa42eacfcce7641acc24c320ac8ea88816eff8a7d06fc38a75534adb13f9351
610130011,Dalston's Sparkling Peach,Dalston's,1,https://www.ocado.com/products/610130011,vegan,manufacturer,https://dalstons.com/pages/faq,https://dalstons.com/pages/faq,fdb74cddfe27f3678790f0f4f540392cc3b14d73679fcb57d4179f1595c4c671,d2c05de26f724e75c32ee5f56a38db1bff5b359de2406f15f10a2670ce10cd8b
610506011,Green People Facial SPF15 Moisturiser Scent Free,Green People,1,https://www.ocado.com/products/610506011,vegan,manufacturer,https://www.greenpeople.co.uk/products/scent-free-facial-spf15-sun-cream%20,https://www.greenpeople.co.uk/products/scent-free-facial-spf15-sun-cream%20,80b60e84e3fad91421649d7246ea20d81fa6d0e9273ce7b41ae973e45be64c54,a6e72330cf6675e0a38153460eb81121e8e362238e2909fb6fb8f60022725a25
610507011,Green People Hyaluronic Booster Serum Nordic Roots,Green People,1,https://www.ocado.com/products/610507011,vegan,manufacturer,https://www.greenpeople.co.uk/products/scent-free-hyaluronic-booster-serum-28ml?variant=34696129609773,https://www.greenpeople.co.uk/products/scent-free-hyaluronic-booster-serum-28ml?variant=34696129609773,84bef9e71fe5518b6d287f0224e2c06a926d80a29cef6c76112b70929853432a,cd210189dfc7b5043208834a5ef5ac447505cdb357ab0eee0cd1512d44cd37ce
610512011,Green People Nordic Truffle Night Cream,Green People,1,https://www.ocado.com/products/610512011,vegan,manufacturer,https://www.greenpeople.co.uk/products/scent-free-truffle-night-cream-50ml,https://www.greenpeople.co.uk/products/scent-free-truffle-night-cream-50ml,d82548c5d78d2d805e661ffa7823ed6631ae3f7574240cdc57835c72d6f6fa6f,bc7209efa59b52df0e4473ae736f997869951c6fbbb3f6cef23ad23b817aeb35
611286011,Beavertown Neck Oil Session IPA,Beavertown,1,https://www.ocado.com/products/611286011,vegan,manufacturer,https://beavertownbrewery.co.uk/pages/faqs,https://beavertownbrewery.co.uk/pages/faqs,35d21288c77514851d1dd02965025293dbdd3fa3ff4b26e59b88378da72b8eb4,f8e12d79026aba674bfac48df8dbf38ebdfbfa213804fa3cf7b7ed1d6f54d885 ef5e622254d4d4e78d51f83700c6684bf28cec759613e6bf8cc74ed079c33598
612027011,Pepsi Regular,Pepsi,1,https://www.ocado.com/products/612027011,vegan,manufacturer,https://www.pepsi.co.uk/faq,https://www.pepsi.co.uk/faq,2b3632f1b9441b3e0d751d3329fa066ce0848cf2ce77d9d7db8c8a063f08aed2,39914e626e7900e5ab69a67c0f33872f5c5656c79e9b1434f4ddf34e654c860c
612029011,Pepsi Regular,Pepsi,1,https://www.ocado.com/products/612029011,vegan,manufacturer,https://www.pepsi.co.uk/faq,https://www.pepsi.co.uk/faq,fd8ac6ff7a7dc9df82f4501621f96fc034f4cbac540529fe83ef1b0cafd77b2e,39914e626e7900e5ab69a67c0f33872f5c5656c79e9b1434f4ddf34e654c860c
612458011,Orly Nail Polish - Kiss The Bride,Orly,1,https://www.ocado.com/products/612458011,vegan,manufacturer,https://www.orlybeauty.co.uk/pages/vegan-nail-polish,https://www.orlybeauty.co.uk/pages/vegan-nail-polish,1fe8b59b6b871f7758716932ffb0ee5e3a257db2a337318692eb8771fc7c4f1f,46aea2ee6813ff1954bbd739406cf760a143b1edba7f81792ea54836776978d3
612459011,Orly 4 in 1 Breathable Treatment & Colour Nail Polish - Almond Milk,Orly,0,https://www.ocado.com/products/612459011,vegan,manufacturer,https://www.orlybeauty.co.uk/pages/vegan-nail-polish,https://www.orlybeauty.co.uk/pages/vegan-nail-polish,b52d19858a0befd1847c7461227eb56f78e59fad74986b9c1bb24f4995475d29,46aea2ee6813ff1954bbd739406cf760a143b1edba7f81792ea54836776978d3
612610011,Carex Moisture Antibacterial Handwash Refill,Carex,1,https://www.ocado.com/products/612610011,vegan,manufacturer,https://www.cussonscarex.com/uk/faqs/,https://www.cussonscarex.com/uk/faqs/,ee137eccfb687007857539b3cb17eef17762ec0d1ab84e96a6e4d8916f0130ca,47d0b03d712ff2ac97c916a8bd41d046dc78232a8832ad5d0f4cd7d31140a815
612651011,Beavertown Satellite Super Session IPA 2.8% 330ml Can,Beavertown,1,https://www.ocado.com/products/612651011,vegan,manufacturer,https://beavertownbrewery.co.uk/pages/faqs,https://beavertownbrewery.co.uk/pages/faqs,6f55a283997614fdc02519c65596178e9ac4c4d107b44f38920d22e51fc23273,f8e12d79026aba674bfac48df8dbf38ebdfbfa213804fa3cf7b7ed1d6f54d885 ef5e622254d4d4e78d51f83700c6684bf28cec759613e6bf8cc74ed079c33598
612944011,Femfresh 0% Sensitive Wipes,Femfresh,1,https://www.ocado.com/products/612944011,vegan,manufacturer,https://www.femfresh.eu/en/our-range/0-sensitive-wipes/,https://www.femfresh.eu/en/our-range/0-sensitive-wipes/,0f29ecc6817289b64630642f95953fe5839553eb103da50566568ff7a0b97e8e,c8b246c8abbcc7206a99642a70a0e37e9adcd4c8a4f8e2d0e7aaefdc4e2447b1 c9ee688ea4b255fc4777250cc49dd607ac903c1da52f75ecc9da4331d83d18f3
614373011,Klorane Extra-Gentle Dry Shampoo - All Hair Types - with Oat & CeramideLIKE,Klorane,1,https://www.ocado.com/products/614373011,vegan,manufacturer,https://www.klorane.com/uk-en/frequently-asked-questions,https://www.klorane.com/uk-en/frequently-asked-questions,07a20ec3a257693309bd3c83ff04597403fb8269df2743f67525e8ad08a9db1c,4313d814031b11893f803a5c3a6a363573237018e8715c895674f986105126d5
614374011,Klorane Extra-Gentle Tinted Dry Shampoo Oat & CeramideLIKE,Klorane,1,https://www.ocado.com/products/614374011,vegan,manufacturer,https://www.klorane.com/uk-en/frequently-asked-questions,https://www.klorane.com/uk-en/frequently-asked-questions,3dad3be0573c73cec55169d6c8594b49e54ce5a31eff2e48c487e0ceec540e71,4313d814031b11893f803a5c3a6a363573237018e8715c895674f986105126d5
614375011,Klorane Extra-Gentle Dry Shampoo - All Hair Types - with Oat & CeramideLIKE,Klorane,1,https://www.ocado.com/products/614375011,vegan,manufacturer,https://www.klorane.com/uk-en/frequently-asked-questions,https://www.klorane.com/uk-en/frequently-asked-questions,c6d3673046f15ae8a4b3d255303366e10cad083cda107aedec4225279b6c25fc,4313d814031b11893f803a5c3a6a363573237018e8715c895674f986105126d5
615388011,"M&S Kids Spencer Bear Slippers, Size 6, Light Brown",M&S,0,https://www.ocado.com/products/615388011,vegan,manufacturer,https://www.marksandspencer.com/kids-bear-slippers-4-small-7-large-/p/clp60561118,https://www.marksandspencer.com/kids-bear-slippers-4-small-7-large-/p/clp60561118,a30222fbb480bdb0349676256b2b9a9c31abceb62210a48e8f35731364372602,ddc27fca71e9f7f3368d4346b22007ec3898c93ec92737a416d0c646eb4d34f4
615428011,"M&S Restore Fragrance Oil, Amber",M&S,1,https://www.ocado.com/products/615428011,vegan,manufacturer,https://www.marksandspencer.com/restore-fragrance-oil/p/hbp60477958,https://www.marksandspencer.com/restore-fragrance-oil/p/hbp60477958,6bcc066416c1f8710afa214a120d36bcda2a59ec40c8a1fcb468476e277e246f,dcf20d6413a2fd1ff0272c2597106611a0af0dc21b314bd1034657ff0e287977
619352011,Pepsi Max Mango,Pepsi,0,https://www.ocado.com/products/619352011,vegan,manufacturer,https://www.pepsi.co.uk/faq,https://www.pepsi.co.uk/faq,c6cf0185722ae4dd0693ab35ebffe41e69d0ba8b7835e49bc6f5772c422cbdb0,39914e626e7900e5ab69a67c0f33872f5c5656c79e9b1434f4ddf34e654c860c
619353011,Pepsi Max Mango,Pepsi,0,https://www.ocado.com/products/619353011,vegan,manufacturer,https://www.pepsi.co.uk/faq,https://www.pepsi.co.uk/faq,fe8581bcfb0ddcefa788532db13d21bfe3e1db957536ce642ac2679aa4de5961,39914e626e7900e5ab69a67c0f33872f5c5656c79e9b1434f4ddf34e654c860c
619453011,Carex Advanced Care Sea Minerals Antibacterial Handwash,Carex,1,https://www.ocado.com/products/619453011,vegan,manufacturer,https://www.cussonscarex.com/uk/faqs/,https://www.cussonscarex.com/uk/faqs/,76c8a966b1d602849bdff4a4d6c4f68d940a2f8800c11793f7e86a55648cd792,47d0b03d712ff2ac97c916a8bd41d046dc78232a8832ad5d0f4cd7d31140a815
619454011,Carex Advanced Care Coconut Oil Antibacterial Handwash,Carex,1,https://www.ocado.com/products/619454011,vegan,manufacturer,https://www.cussonscarex.com/uk/faqs/,https://www.cussonscarex.com/uk/faqs/,1076410688cde96415f0643de684f10c5bc675d37ea6dea4889f0288251ab7dc,47d0b03d712ff2ac97c916a8bd41d046dc78232a8832ad5d0f4cd7d31140a815
620187011,Neal's Yard Remedies Organic Rosehip Oil,Neal's Yard Remedies,1,https://www.ocado.com/products/620187011,vegan,manufacturer,https://www.nealsyardremedies.com/products/organic-rosehip-oil-25ml,https://www.nealsyardremedies.com/products/organic-rosehip-oil-25ml,17b0aace1bfb226cfb6ac02a7e2ad250525fcaae7fc1567b906884e9e0146bc0,8ba94fc8bf915acc2d5466cb0116761e944fdc66d65e59db86e5c0b71fbb941a
620188011,Neal's Yard Remedies Hyaluronic Acid Booster,Neal's Yard Remedies,1,https://www.ocado.com/products/620188011,vegan,manufacturer,https://www.nealsyardremedies.com/products/hyaluronic-acid-hydrating-booster,https://www.nealsyardremedies.com/products/hyaluronic-acid-hydrating-booster,5aaa9214607afa303f2de1cf8dbac68bcdbf49a87ef82bbcfde151441f9107ee,3f2cad007d4be6c31842d4b96863b71e15a82ce19252677ef2ee94b5ec67393f
620189011,Neal's Yard Remedies Vitamin C Booster,Neal's Yard Remedies,1,https://www.ocado.com/products/620189011,vegan,manufacturer,https://www.nealsyardremedies.com/products/vitamin-c-brightening-booster-25ml,https://www.nealsyardremedies.com/products/vitamin-c-brightening-booster-25ml,5bee3630981789f41963911bc17f8f8b2b96bb298774d12984b491d694c61a03,77767a70a3a81fc84e137822ec02813e77c2bfdb09f3afbe60420769437a5c1b
620248011,Price's Frosted Cherries Large Jar Candle,Prices,1,https://www.ocado.com/products/620248011,vegan,manufacturer,https://www.prices-candles.co.uk/shop/p/country-feast-set-3nybt-2pec4-3by37-c9f7c-t7a55-ckw85-75zfd-mxczm-94el2-8nlbn-b6wln-yja5r-cepcd-t5kp9,https://www.prices-candles.co.uk/shop/p/country-feast-set-3nybt-2pec4-3by37-c9f7c-t7a55-ckw85-75zfd-mxczm-94el2-8nlbn-b6wln-yja5r-cepcd-t5kp9,c109f33cf5fed86f883bbbae6200c1ebfe8902f8717962138ffeb5e93cb8cf34,63719f51f907cb10303de2d87bfe43270dd15ca9b3b13250e11453dba8c9bf96
620249011,Price's Spiced Orange Large Jar Candle,Prices,1,https://www.ocado.com/products/620249011,vegan,manufacturer,https://www.prices-candles.co.uk/shop/p/country-feast-set-3nybt-2pec4-3by37-c9f7c-t7a55-ckw85-75zfd-mxczm-94el2-8nlbn-b6wln-yja5r-cepcd-t5kp9,https://www.prices-candles.co.uk/shop/p/country-feast-set-3nybt-2pec4-3by37-c9f7c-t7a55-ckw85-75zfd-mxczm-94el2-8nlbn-b6wln-yja5r-cepcd-t5kp9,5ff7ae5e907ba2138762244f644214957a7ad83ac31c423783187753fbc77639,63719f51f907cb10303de2d87bfe43270dd15ca9b3b13250e11453dba8c9bf96
620613011,M&S Light Ginger Ale,M&S,1,https://www.ocado.com/products/620613011,vegan,manufacturer,https://www.marksandspencer.com/food/light-ginger-ale/p/fdp60576910,https://www.marksandspencer.com/food/light-ginger-ale/p/fdp60576910,7b8f9741835dbfdc3457c646d71868ae0b7d357be93d194a3d4bc62b63b7c909,959f05b4fb37874e414381bd03f80abe67341b3370818ac5dfe352f466c664c8
621148011,Beavertown Sun God Tropical IPA 6.3%,Beavertown,0,https://www.ocado.com/products/621148011,vegan,manufacturer,https://beavertownbrewery.co.uk/pages/faqs,https://beavertownbrewery.co.uk/pages/faqs,7324387cabef9ff52ac12e54b9af2e7778758a677c92dcb8d5157ae04fdfad46,f8e12d79026aba674bfac48df8dbf38ebdfbfa213804fa3cf7b7ed1d6f54d885 ef5e622254d4d4e78d51f83700c6684bf28cec759613e6bf8cc74ed079c33598
621330011,Brushworks Microfibre Wrist Washband Set,Brushworks,1,https://www.ocado.com/products/621330011,vegan,manufacturer,https://soinvogue.com/product/help-brushworks-microfibre-wrist-wash-bands-2-pack/,https://soinvogue.com/product/help-brushworks-microfibre-wrist-wash-bands-2-pack/,b26a7d93e534f3b2cfdde79a9924e4b5f2e95e3b93d14d689ce65810c54bf866,55582094144adc923dfa7d57b68108d11ec96473758c841e19f2edb33a708bc4
621331011,Brushworks HD Reusable Makeup Remover Pads - 3 Pack,Brushworks,1,https://www.ocado.com/products/621331011,vegan,manufacturer,https://soinvogue.com/product/brushworks-reusable-makeup-remover-pads-pack-of-3/,https://soinvogue.com/product/brushworks-reusable-makeup-remover-pads-pack-of-3/,8edf6ae1795c3952bb62d84ac4cef61aa849688006518c456d1a2302fe8ec7c8,87d5a57b02e82a0c3650fdc146b91208750a2726088fc880bc07bc273f6fd51a
622562011,Peroni Nastro Azzurro 0% Alcohol-Free Beer Lager Bottles,Peroni,1,https://www.ocado.com/products/622562011,vegan,manufacturer,https://uk.asahibeer.co.uk/products/peroni-nastro-azzuro-00,https://uk.asahibeer.co.uk/products/peroni-nastro-azzuro-00,6a3071a84bf7bc8e977f34c99764c92bff536420fd6258ebd64f37f6e5e1fc81,dc5b71508753443e6943e073b21e8f2cc6650e783315c77fd3d330582fad1365
623647011,Grind Caramel Coffee Pods,Grind,1,https://www.ocado.com/products/623647011,vegan,manufacturer,https://grind.co.uk/collections/christmas-coffee,https://grind.co.uk/collections/christmas-coffee,80a34751bd6f992c9da60489e01f022a31d8e13ea92dae996e41ed6a2db2c482,b52eb6ee552461da890033702618abb82807b4cb0941f23411d5fa977995d906
623648011,Grind Hazelnut Coffee Pods,Grind,1,https://www.ocado.com/products/623648011,vegan,manufacturer,https://grind.co.uk/collections/christmas-coffee,https://grind.co.uk/collections/christmas-coffee,c3d9da55792c1df0fff58ce5f37894b27b026773d1b1d664d2ad8e977032d666,b52eb6ee552461da890033702618abb82807b4cb0941f23411d5fa977995d906
623649011,Grind Vanilla Coffee Pods,Grind,1,https://www.ocado.com/products/623649011,vegan,manufacturer,https://grind.co.uk/collections/christmas-coffee,https://grind.co.uk/collections/christmas-coffee,dc9293553e39ccda3ca495d19417e8f61a92d3c02cb75791fe6e790e8277f4e0,b52eb6ee552461da890033702618abb82807b4cb0941f23411d5fa977995d906
623677011,Served Cocktail Variety Pack,Served,1,https://www.ocado.com/products/623677011,vegan,manufacturer,https://www.serveddrinks.co.uk/pages/faqs,https://www.serveddrinks.co.uk/,627da11ced8d86137736b45240c6cf48a0be0d676de782440022ae9ea5500e06,4fb179fb09abb048b6fd79a3f64fe2e90ed7d6660e25b9ccac415fc559da5e78 a6643befe533fd8e6b471c548ac138c9b685a2f832545812c3bcecab31d879a3
623906011,Fever-Tree Ginger Beer,Fever-Tree,1,https://www.ocado.com/products/623906011,vegan,manufacturer,https://fever-tree.com/en-gb/faqs-contact-us,https://fever-tree.com/en-gb/faqs-contact-us,2ff385aa9fc2132e89bddbaaa39284f63bfd6fa17b58b5b7d502e391d8f6072c,b000aa556867dec084c2af5135fc21ab1776764b39d9ddde0cf045d6a8fb9964
623910011,Fever-Tree Lemonade,Fever-Tree,1,https://www.ocado.com/products/623910011,vegan,manufacturer,https://fever-tree.com/en-gb/faqs-contact-us,https://fever-tree.com/en-gb/faqs-contact-us,16914d65f23bde8a6d0588ee370714ba1e437e633880c80d50b0bf3390770dc6,b000aa556867dec084c2af5135fc21ab1776764b39d9ddde0cf045d6a8fb9964
624995011,Carex The Gruffalo Forest Fruits Antibacterial Handwash,Carex,1,https://www.ocado.com/products/624995011,vegan,manufacturer,https://www.cussonscarex.com/uk/faqs/,https://www.cussonscarex.com/uk/faqs/,3c9e5a6314d0f981d9aac4a6256c187e9fb71d5b2c860d2ad781a57d31695e65,47d0b03d712ff2ac97c916a8bd41d046dc78232a8832ad5d0f4cd7d31140a815
625053011,AromaWorks Reed Diffuser Lemongrass & Bergamot,Wax Lyrical,1,https://www.ocado.com/products/625053011,vegan,manufacturer,https://us.aroma-works.com/pages/about-us,https://us.aroma-works.com/pages/about-us,15ec204877aea58a0d8ef20a9667e658fecc8718a651f3da3cd033f1b76504b2,a2c77bb7289525439ee05b142b1db701859b7bda0b9fed0eaeff191af1293ad2 1a3c5876e4e3432a22ffc591d40500e8e128ac6a3ea5dfbd5c8cf6d9a6c9475d 93cf432c9aaa1da711e155235b1672a5193f112e4bd99eb7a57d5e4be0ab4e86 10a200f18a131e6e3bc2fad4ec4cda64910cec055d0d2c0e64712b63ebcefc5e
625054011,AromaWorks Candle Lemongrass & Bergamot,Wax Lyrical,1,https://www.ocado.com/products/625054011,vegan,manufacturer,https://us.aroma-works.com/pages/about-us,https://us.aroma-works.com/pages/about-us,a4b37e1eac4c501f97962095159e02f7a81ab943cd3b8e8e2d0d64a68f5da1c4,a2c77bb7289525439ee05b142b1db701859b7bda0b9fed0eaeff191af1293ad2 93cf432c9aaa1da711e155235b1672a5193f112e4bd99eb7a57d5e4be0ab4e86
625055011,AromaWorks Reed Diffuser Spearmint & Lime,Wax Lyrical,1,https://www.ocado.com/products/625055011,vegan,manufacturer,https://us.aroma-works.com/pages/about-us,https://us.aroma-works.com/pages/about-us,66cdd7099590f6ec183b1b39c6b83bfc0a1f59f646cfd8b04a682ac57a46fb64,a2c77bb7289525439ee05b142b1db701859b7bda0b9fed0eaeff191af1293ad2 1a3c5876e4e3432a22ffc591d40500e8e128ac6a3ea5dfbd5c8cf6d9a6c9475d 93cf432c9aaa1da711e155235b1672a5193f112e4bd99eb7a57d5e4be0ab4e86 731aa03f3738af4525635afa86b06e6c89e59db4992843c0a9ae34aca3035602
625056011,AromaWorks Candle Spearmint & Lime,Wax Lyrical,1,https://www.ocado.com/products/625056011,vegan,manufacturer,https://us.aroma-works.com/pages/about-us,https://us.aroma-works.com/pages/about-us,d746f8d13dbb71eed4815cf130817e51100e6cd9cc92faf938bc431f8eb91e57,a2c77bb7289525439ee05b142b1db701859b7bda0b9fed0eaeff191af1293ad2 5a2ebf9acfa3d1aa5aa60f16af7929b0e22d9190cb71519b75c150c28af6e3c1 93cf432c9aaa1da711e155235b1672a5193f112e4bd99eb7a57d5e4be0ab4e86
625057011,AromaWorks Reed Diffuser Mandarin & Vertivert,Wax Lyrical,1,https://www.ocado.com/products/625057011,vegan,manufacturer,https://us.aroma-works.com/pages/about-us,https://us.aroma-works.com/pages/about-us,a1974d455ff774dbd09270e495986ed1410f4deb78803b4973b4e7df5b34deff,a2c77bb7289525439ee05b142b1db701859b7bda0b9fed0eaeff191af1293ad2 5a2ebf9acfa3d1aa5aa60f16af7929b0e22d9190cb71519b75c150c28af6e3c1 93cf432c9aaa1da711e155235b1672a5193f112e4bd99eb7a57d5e4be0ab4e86
625058011,AromaWorks Candle Mandarin & Vetivert,Wax Lyrical,1,https://www.ocado.com/products/625058011,vegan,manufacturer,https://us.aroma-works.com/pages/about-us,https://us.aroma-works.com/pages/about-us,978cc11f696eac02c4a2db094616108463643ce2922e75ffccd7ac505e78ec89,a2c77bb7289525439ee05b142b1db701859b7bda0b9fed0eaeff191af1293ad2 1a3c5876e4e3432a22ffc591d40500e8e128ac6a3ea5dfbd5c8cf6d9a6c9475d 93cf432c9aaa1da711e155235b1672a5193f112e4bd99eb7a57d5e4be0ab4e86
625059011,AromaWorks Reed Diffuser Basil & Lime,Wax Lyrical,1,https://www.ocado.com/products/625059011,vegan,manufacturer,https://us.aroma-works.com/pages/about-us,https://us.aroma-works.com/pages/about-us,4fab37549de0d0692a51d732a014ed8ddcd8694a6ecf134535bce9597f7ceb63,a2c77bb7289525439ee05b142b1db701859b7bda0b9fed0eaeff191af1293ad2 1a3c5876e4e3432a22ffc591d40500e8e128ac6a3ea5dfbd5c8cf6d9a6c9475d 93cf432c9aaa1da711e155235b1672a5193f112e4bd99eb7a57d5e4be0ab4e86
625060011,AromaWorks Candle Basil & Lime,Wax Lyrical,1,https://www.ocado.com/products/625060011,vegan,manufacturer,https://us.aroma-works.com/pages/about-us,https://us.aroma-works.com/pages/about-us,60b7f0b50d903fa01ea4b07d603201950c8a8b73d0cc4ca4ad3fe3762489ec50,a2c77bb7289525439ee05b142b1db701859b7bda0b9fed0eaeff191af1293ad2 5a2ebf9acfa3d1aa5aa60f16af7929b0e22d9190cb71519b75c150c28af6e3c1 93cf432c9aaa1da711e155235b1672a5193f112e4bd99eb7a57d5e4be0ab4e86
625134011,Beavertown Lupuloid Classic IPA 440ml 6.7%,Beavertown,1,https://www.ocado.com/products/625134011,vegan,manufacturer,https://beavertownbrewery.co.uk/pages/faqs,https://beavertownbrewery.co.uk/pages/faqs,a0a3afbcf985a810b58c1c5d671d4138887e70e84ac6d5c541ddf843db0b3a76,f8e12d79026aba674bfac48df8dbf38ebdfbfa213804fa3cf7b7ed1d6f54d885 ef5e622254d4d4e78d51f83700c6684bf28cec759613e6bf8cc74ed079c33598
625169011,Coffeeway Vanilla Hazelnut Single Serve Flavoured Coffee Bags,Coffeeway,1,https://www.ocado.com/products/625169011,vegan,manufacturer,https://beaniesflavourco.co.uk/faqs/,https://beaniesflavourco.co.uk/faqs/,38950a9043b020507ce30c7fc64bfd98f6bc981df2793a87fdd3715b15fc0602,49aeabdab3895ff7175d7ccd4bb2b1760eadac513822b006fba274630704cb3f 1b3d31567fe2bb7d86f32a9d38bf99bdd393b9e44fae51fc0cdba4e41fa7a542 0bc010d4776f77270a10954ce1177d44dd30bbbf4961432dac5faf5a2500e012 6a08b498b2d556caec7385dd9f3245eb0f429b57b6aa81adf20da98dd1fd4813
625170011,Coffeeway Salted Caramel Single Serve Flavoured Coffee Bags,Coffeeway,1,https://www.ocado.com/products/625170011,vegan,manufacturer,https://beaniesflavourco.co.uk/faqs/,https://beaniesflavourco.co.uk/faqs/,8bb50a315956a25fc560c6147019a425adaa7fa6be8f582042924fa41e94be2b,49aeabdab3895ff7175d7ccd4bb2b1760eadac513822b006fba274630704cb3f 1b3d31567fe2bb7d86f32a9d38bf99bdd393b9e44fae51fc0cdba4e41fa7a542 0bc010d4776f77270a10954ce1177d44dd30bbbf4961432dac5faf5a2500e012 6a08b498b2d556caec7385dd9f3245eb0f429b57b6aa81adf20da98dd1fd4813
626518011,TRIP CBD Infused Raspberry Orange Blossom,Trip,1,https://www.ocado.com/products/626518011,vegan,manufacturer,https://tripdrinks.co.uk/,https://tripdrinks.co.uk/,ce41c5278ad470eb847f129c32f623ec35fce6a5825c5e8bb7a3299991cd5d19,97b5fd852918c28e7af433102ef01d778afcbf40ffb7923a63db02fd46b9fb38
626520011,TRIP CBD Infused Raspberry Orange Blossom,Trip,1,https://www.ocado.com/products/626520011,vegan,manufacturer,https://tripdrinks.co.uk/,https://tripdrinks.co.uk/,29f8fe11b7f0c334ca2fa92fb5d3a85450fb60c5d98a0d42e8e015d2998856cb,97b5fd852918c28e7af433102ef01d778afcbf40ffb7923a63db02fd46b9fb38
626870011,Ultrasun SPF 50+ Face Fluid Sunscreen,Ultrasun,1,https://www.ocado.com/products/626870011,vegan,manufacturer,https://www.ultrasun.co.uk/pages/product-faqs,https://www.ultrasun.co.uk/pages/product-faqs,24b27fe2dd4d1a7ce0a5db8480944241016df4604f320cb0f87e8ce4c86f9703,9a320cf740d5c745ef422362a613a67d28081c30330fdf3a1bd752a3d4e47c93
627028011,Dove Fruity Nourish Body Wash Shower Gel,Dove,1,https://www.ocado.com/products/627028011,vegan,manufacturer,https://www.dove.com/uk/collections/body-wash-collection.sm.html,https://www.dove.com/uk/collections/body-wash-collection.sm.html,3a153b603a9f3021d2626bdfc3a9d77ac0a7971b6f455448a5bf897773d82eb9,e073196d5b816997a79ccfbf59d3bcfcd3165cc5a4eb0e33a29db92ad8476fae
627029011,Dove Nourishing Body Wash Shower Gel,Dove,1,https://www.ocado.com/products/627029011,vegan,manufacturer,https://www.dove.com/uk/collections/body-wash-collection.sm.html,https://www.dove.com/uk/collections/body-wash-collection.sm.html,747798105e0c3a44179b15b3e296900ae236e38ef9a65c1458447055473773c5,e073196d5b816997a79ccfbf59d3bcfcd3165cc5a4eb0e33a29db92ad8476fae
627030011,Dove Velvet Glow Body Wash Shower Gel,Dove,1,https://www.ocado.com/products/627030011,vegan,manufacturer,https://www.dove.com/uk/collections/body-wash-collection.sm.html,https://www.dove.com/uk/collections/body-wash-collection.sm.html,06764eb080afb244d728eeb269623c4ca4e0380350c514b0b8d45a0f424f111e,e073196d5b816997a79ccfbf59d3bcfcd3165cc5a4eb0e33a29db92ad8476fae
627032011,Dove Velvet Glow Body Wash Shower Gel,Dove,1,https://www.ocado.com/products/627032011,vegan,manufacturer,https://www.dove.com/uk/collections/body-wash-collection.sm.html,https://www.dove.com/uk/collections/body-wash-collection.sm.html,9f3f8150a0db147ddc7d8ce7e69bff50f6fef258e2f03ecf1b192f7296165f8c,e073196d5b816997a79ccfbf59d3bcfcd3165cc5a4eb0e33a29db92ad8476fae
627033011,Dove Hydrate Body Wash Shower Gel,Dove,1,https://www.ocado.com/products/627033011,vegan,manufacturer,https://www.dove.com/uk/collections/body-wash-collection.sm.html,https://www.dove.com/uk/collections/body-wash-collection.sm.html,aa00489f779638e500776e6e2f45f2d3c7c6040bb6a0e4289cc53607e6fad232,e073196d5b816997a79ccfbf59d3bcfcd3165cc5a4eb0e33a29db92ad8476fae
627035011,Dove Pro Age Advanced Care Body Wash Shower Gel,Dove,1,https://www.ocado.com/products/627035011,vegan,manufacturer,https://www.dove.com/uk/collections/body-wash-collection.sm.html,https://www.dove.com/uk/collections/body-wash-collection.sm.html,1f63f54938f0dff1db5bce31145221e67e7631c16f0c676b62a4f5812dc42463,e073196d5b816997a79ccfbf59d3bcfcd3165cc5a4eb0e33a29db92ad8476fae
627036011,Dove Hydrating Advanced Care Body Wash Shower Gel Aloe Vera & Birch Water,Dove,1,https://www.ocado.com/products/627036011,vegan,manufacturer,https://www.dove.com/uk/collections/body-wash-collection.sm.html,https://www.dove.com/uk/collections/body-wash-collection.sm.html,c00865eeb9be21bbaabbd3ae269bd21ea8b331aff2232dd4f4bc45042c37b2a3,e073196d5b816997a79ccfbf59d3bcfcd3165cc5a4eb0e33a29db92ad8476fae
627037011,Dove Reviving Advanced Care Body Wash Shower Gel Pomegranate & Hibiscus,Dove,1,https://www.ocado.com/products/627037011,vegan,manufacturer,https://www.dove.com/uk/collections/body-wash-collection.sm.html,https://www.dove.com/uk/collections/body-wash-collection.sm.html,fae5b39318bbbef46756cc093c1670def4696893bb302b1ad8b3395faac4138d,e073196d5b816997a79ccfbf59d3bcfcd3165cc5a4eb0e33a29db92ad8476fae
627038011,Dove Pampering Advanced Care Body Wash Shower Gel Shea Butter & Vanilla,Dove,1,https://www.ocado.com/products/627038011,vegan,manufacturer,https://www.dove.com/uk/collections/body-wash-collection.sm.html,https://www.dove.com/uk/collections/body-wash-collection.sm.html,b749652bcfba69ccafcaea979e1bd8cc420661494f05eba3b20a48085178ead1,e073196d5b816997a79ccfbf59d3bcfcd3165cc5a4eb0e33a29db92ad8476fae
627039011,Dove Anti Stress Advanced Care Body Wash Shower Gel Chamomile & Oat Milk,Dove,1,https://www.ocado.com/products/627039011,vegan,manufacturer,https://www.dove.com/uk/collections/body-wash-collection.sm.html,https://www.dove.com/uk/collections/body-wash-collection.sm.html,5a76c7a8cad1c05ea24eccfee8cb016fe841582e6b98fb5d48f78a359ae41ac7,e073196d5b816997a79ccfbf59d3bcfcd3165cc5a4eb0e33a29db92ad8476fae
627040011,Dove Deeply Nourishing Advanced Care Body Wash Shower Gel,Dove,1,https://www.ocado.com/products/627040011,vegan,manufacturer,https://www.dove.com/uk/collections/body-wash-collection.sm.html,https://www.dove.com/uk/collections/body-wash-collection.sm.html,3da521faef41f7a14f2b265a359fce3c9befa8d3a11740483e714a7752e493ae,e073196d5b816997a79ccfbf59d3bcfcd3165cc5a4eb0e33a29db92ad8476fae
627041011,Dove Pampering Advanced Care Body Wash Shower Gel Shea Butter & Vanilla,Dove,1,https://www.ocado.com/products/627041011,vegan,manufacturer,https://www.dove.com/uk/collections/body-wash-collection.sm.html,https://www.dove.com/uk/collections/body-wash-collection.sm.html,c612db60f4a3ce74df16acc63c410008a7f84b7c63b3ccc332a18571231591a1,e073196d5b816997a79ccfbf59d3bcfcd3165cc5a4eb0e33a29db92ad8476fae
627042011,Dove Reviving Advanced Care Body Wash Shower Gel Pomegranate & Hibiscus,Dove,1,https://www.ocado.com/products/627042011,vegan,manufacturer,https://www.dove.com/uk/collections/body-wash-collection.sm.html,https://www.dove.com/uk/collections/body-wash-collection.sm.html,65b028311898acefdbb392475deade6a3098d78c089d88decfdd8ac60b89b61d,e073196d5b816997a79ccfbf59d3bcfcd3165cc5a4eb0e33a29db92ad8476fae
627043011,Dove Gentle Scrub Advanced Care Body Wash Shower Gel Exfoliating Minerals,Dove,1,https://www.ocado.com/products/627043011,vegan,manufacturer,https://www.dove.com/uk/collections/body-wash-collection.sm.html,https://www.dove.com/uk/collections/body-wash-collection.sm.html,6172a72660079d4b7aae041454f2eb8773e6f4ed439ec6856311ca88672193aa,e073196d5b816997a79ccfbf59d3bcfcd3165cc5a4eb0e33a29db92ad8476fae
627044011,Dove Nourishing Silk Advanced Care Body Wash Shower Gel,Dove,1,https://www.ocado.com/products/627044011,vegan,manufacturer,https://www.dove.com/uk/collections/body-wash-collection.sm.html,https://www.dove.com/uk/collections/body-wash-collection.sm.html,a93402b1a8f60653ab037def9a87a2a42bf9aa2a062489576812678ed273fd20,e073196d5b816997a79ccfbf59d3bcfcd3165cc5a4eb0e33a29db92ad8476fae
627045011,Dove Deeply Nourishing Advanced Care Body Wash Shower Gel,Dove,1,https://www.ocado.com/products/627045011,vegan,manufacturer,https://www.dove.com/uk/collections/body-wash-collection.sm.html,https://www.dove.com/uk/collections/body-wash-collection.sm.html,9b623f7761edb716aec29af581438e7acda5853f4e70ae641c9ddd87b974f583,e073196d5b816997a79ccfbf59d3bcfcd3165cc5a4eb0e33a29db92ad8476fae
627046011,Dove Fruity Nourish Body Wash Shower Gel,Dove,1,https://www.ocado.com/products/627046011,vegan,manufacturer,https://www.dove.com/uk/collections/body-wash-collection.sm.html,https://www.dove.com/uk/collections/body-wash-collection.sm.html,bb7d208083a04cebd570f167eb216c106d39ba982abd30a226a49f3f2355a3e6,e073196d5b816997a79ccfbf59d3bcfcd3165cc5a4eb0e33a29db92ad8476fae
627193011,John Frieda Volume PROfiller+ Strengthening Super Fluid,John Frieda,0,https://www.ocado.com/products/627193011,vegan,manufacturer,https://www.johnfrieda.com/en-uk/products/volume/profiller/strengthening-super-fluid/,https://www.johnfrieda.com/en-uk/products/volume/profiller/strengthening-super-fluid/,c5967c71c782f7afcf4e03b5a8d095a32d5585f9cc019a06362de0173b478c23,4aceb916d6e7ef1e6e50099be4585c092f38fb07f4de1f015d0ee8b3bf92d753
627289011,Dove Women Antiperspirant Deodorant Roll on Classic,Dove,1,https://www.ocado.com/products/627289011,vegan,manufacturer,https://www.dove.com/uk/deodorants.sm.html,https://www.dove.com/uk/deodorants.sm.html,ae50fa0e2c5490ea3161725c33ebe01086873443ce1c7975ed0c1e5b387e1152,263ee7fa383f0caf943b173d73c8134c1f6afba6c0005e87ab4c5bdb9dd4607e
627291011,Dove Women Antiperspirant Deodorant Roll on Fresh,Dove,1,https://www.ocado.com/products/627291011,vegan,manufacturer,https://www.dove.com/uk/deodorants.sm.html,https://www.dove.com/uk/deodorants.sm.html,9556248e39a747b5a8f7cc5269fb9b895bbd66c3aef5b4cabc132b95ca2b3fcc,263ee7fa383f0caf943b173d73c8134c1f6afba6c0005e87ab4c5bdb9dd4607e
627394011,Hendrick's Limited Edition Grand Cabaret Gin,Hendrick's,1,https://www.ocado.com/products/627394011,vegan,manufacturer,https://hendricksgin.com/uk/faqs/,https://hendricksgin.com/uk/faqs/,e8953962f941502dc8e9597e5c01fd4fbc3865d2c5e2195dd51f5f06331218c7,0c133627383dde4dd4f09c81eb38665bb7d023fb80498ddecc6f1d5093249428
627434011,Dove Women Advanced Antiperspirant Deodorant Peach and White Blossom,Dove,1,https://www.ocado.com/products/627434011,vegan,manufacturer,https://www.dove.com/uk/deodorants.sm.html,https://www.dove.com/uk/deodorants.sm.html,1fe8a1e277d959f3c95f2eee1cadb8513f077ed97e089f6fadf6d3de1b869082,263ee7fa383f0caf943b173d73c8134c1f6afba6c0005e87ab4c5bdb9dd4607e
627439011,Lynx Fine Fragrance Collection Premium Deodorant Bodyspray Blue Lavender,Lynx,1,https://www.ocado.com/products/627439011,vegan,manufacturer,https://www.lynxformen.com/uk/p/blue-lavander-premium-deodorant-body-wash.html/08720181445545,https://www.lynxformen.com/uk/p/blue-lavander-premium-deodorant-body-wash.html/08720181445545,736f921f8470cb9567f21ad106c587403282df1703c9e3c03cd916c522d4dc25,c197d29b0dcbdd7ac135f1bc726c8e1f06861d071a06cdcd6ea264e2e2df86f8
627820011,Dove Nourishing Body Wash Shower Gel,Dove,1,https://www.ocado.com/products/627820011,vegan,manufacturer,https://www.dove.com/uk/collections/body-wash-collection.sm.html,https://www.dove.com/uk/collections/body-wash-collection.sm.html,e22e6277e27d4cf3b4a30114e93d6c40ad64c740d94bdd05748e08d8349c1a8e,e073196d5b816997a79ccfbf59d3bcfcd3165cc5a4eb0e33a29db92ad8476fae
627821011,Dove Nourishing Silk Advanced Care Body Wash Shower Gel,Dove,1,https://www.ocado.com/products/627821011,vegan,manufacturer,https://www.dove.com/uk/collections/body-wash-collection.sm.html,https://www.dove.com/uk/collections/body-wash-collection.sm.html,30504b625f5876dc5c71070ea45b203e54a93afd756434615080f6abf7a27366,e073196d5b816997a79ccfbf59d3bcfcd3165cc5a4eb0e33a29db92ad8476fae
628390011,Simple Soothing Cream Water Cream,Simple,1,https://www.ocado.com/products/628390011,vegan,manufacturer,https://www.simple.co.uk/products/face-moisturisers-and-creams.html,https://www.simple.co.uk/products/face-moisturisers-and-creams.html,11ca305edad8473eb19b244a0b0fb773b7557f46108fbde3f2b2b6d10dd28590,10250ecba615338796f0c4bff4a206a3023089df7d8e2eb507a9fc449e17b51e
628766011,Divine Chocolate Dessert Bar Dark Chocolate Bakewell with Cherry and Almond,Divine,1,https://www.ocado.com/products/628766011,vegan,manufacturer,https://divinechocolate.com/products/divine-dessert-bar-bakewell-180g,https://divinechocolate.com/products/divine-dessert-bar-bakewell-180g,73cc5ef849b494f17812de784065376e570493fb8ba0e7a534df9fc46ec1c9c8,ca62a7894c408eeb5f2892deb27c20fcdad2817b714d27edc33676091cacb985
628938011,Avene Micellar Lotion Cleanser & Make-Up Remover,Avène,1,https://www.ocado.com/products/628938011,vegan,manufacturer,https://www.avene.co.uk/p/make-up-removing-micellar-water-3282770390179-b5405ca4,https://www.avene.co.uk/p/make-up-removing-micellar-water-3282770390179-b5405ca4,736ce6438c2107d67273ed4549eae0bb36797cb29e1326dd92804e71273e749d,b058271ac20c120dd0af030842c277da65900bc4fbb7e6c0192dc3d80c732e4a
628939011,Avene Gentle Milk Cleanser for dry skin,Avène,1,https://www.ocado.com/products/628939011,vegan,manufacturer,https://www.avene.co.uk/p/milk-cleanser-3282770152555-b5405ca4,https://www.avene.co.uk/p/milk-cleanser-3282770152555-b5405ca4,1712f669cc9ce3fa3fa0d4a36b68bed4361de7e6e08eb74a939c0538c7eef810,883a47118096d3c937de706cbbfc6b8099066b51fdf11308c560e787a4e037b2
628942011,Avene Cleansing Foam for combination skin,Avène,1,https://www.ocado.com/products/628942011,vegan,manufacturer,https://www.avene.co.uk/p/cleansing-foam-3282770152371-b5405ca4,https://www.avene.co.uk/p/cleansing-foam-3282770152371-b5405ca4,323b8f0929f604f80e672a1b90a95b110471443f384f1710f4c03a18f86c913f,b539e21389e5c900bd0022748282ab661012f69ca9a6ae7e09531a88798d0a62
628949011,Avene Soothing Eye Contour Cream for very sensitive skin,Avène,1,https://www.ocado.com/products/628949011,vegan,manufacturer,https://www.avene.co.uk/p/soothing-eye-contour-cream-3282779051361-b5405ca4,https://www.avene.co.uk/p/soothing-eye-contour-cream-3282779051361-b5405ca4,0ce9750226c5bfc83507bfef365c2ec24a1ec4a54ff024f55c632d7e53c924bd,adac0dff7c9db09883072ede409293c7a0ddd47c4cc4a3fa9c4bd5f57080dd67
629946011,Fever-Tree Refreshingly Light Summer Garden Limited Edition,Fever-Tree,1,https://www.ocado.com/products/629946011,vegan,manufacturer,https://fever-tree.com/en-gb/faqs-contact-us,https://fever-tree.com/en-gb/faqs-contact-us,b9920d42c6ce03b3792744189d4ca3ec3f19b930f23bfaec5b67117007d34b81,b000aa556867dec084c2af5135fc21ab1776764b39d9ddde0cf045d6a8fb9964
629947011,Fever-Tree Passionfruit Martini Mixer,Fever-Tree,1,https://www.ocado.com/products/629947011,vegan,manufacturer,https://fever-tree.com/en-gb/faqs-contact-us,https://fever-tree.com/en-gb/faqs-contact-us,2fb861796b806f674bb45e0f4fb414223cf50d65adb327e2d7a6d4093b5bc96d,b000aa556867dec084c2af5135fc21ab1776764b39d9ddde0cf045d6a8fb9964
631030011,Peroni Nastro Azzurro Beer Lager Bottles,Peroni,1,https://www.ocado.com/products/631030011,vegan,manufacturer,https://uk.asahibeer.co.uk/products/peroni-nastro-azzurro,https://uk.asahibeer.co.uk/products/peroni-nastro-azzurro,128b5e53b6c775f4887d296a20d3d8aa0ba9c2152900546b6f5b0dbb45483bf9,13b241b82ff2b67bb28374ec6840b5b6569585c56ec621c0e95994f6f6aa521d
632751011,Little's Toffee Nut Nespresso Compatible Capsules,Little's,1,https://www.ocado.com/products/632751011,vegan,manufacturer,https://wearelittles.com/pages/faqs,https://wearelittles.com/pages/faqs,cea30dfb82aab0306b5020d0c5bd1097ab6507721a7d6f4b0b6dbcffa47e2dbf,ccf46fc330a5c955cb3cc54cedc74e13fe2e583f1b5025ac75047f442134c18f
632846011,ADONiS Double Choc Crisp Keto Protein Bar,Adonis,1,https://www.ocado.com/products/632846011,vegan,manufacturer,https://adonis-foods.com/collections/keto-protein-bars/protein-bars,https://adonis-foods.com/products/double-chocolate-crisp,d8cfc9256296400eee6e0c2cafff12b1471c2234642bb7cf1e9b79b38dd75725,010a7df9c93712314b1df4954160371efa1e5fa63593626860f2b786c4709bc3 60f1bb283944b0657f1a2750f9948c8c03d553d8cd62523fb8b8757e0eb32933
633035011,Heinz Tomato Ketchup Pickle Flavour,Heinz,1,https://www.ocado.com/products/633035011,vegan,manufacturer,https://heinztohome.co.uk/p/pickle-flavour-tomato-ketchup-400ml/14935748/,https://heinztohome.co.uk/p/pickle-flavour-tomato-ketchup-400ml/14935748/,fbc6227372d585d8a2c27be9d4a946b8fc1466edb60bbb485efa3b6f01921e8d,06240d4abdd1d9ce4bf96a6b13af904917bfb70425ca0fe8a6dda0b132d3b1e6
633103011,Red Bull Energy Drink,Red Bull,1,https://www.ocado.com/products/633103011,vegan,manufacturer,https://www.redbull.com/gb-en/energydrink/questions/is-red-bull-energy-drink-vegan,https://www.redbull.com/gb-en/energydrink/questions/is-red-bull-energy-drink-vegan,9474ce79d0101423f098a804ac62347b2799633de07702a0d635ccc250e39337,a4eabf4aae508db3695cfa9c1b91ade94e3f105fa72744898ec93738d71a8d5a
633712011,Sanex Expert Skin Health+ Soothing Shower Gel Body Wash,Sanex,1,https://www.ocado.com/products/633712011,vegan,manufacturer,https://www.sanex.co.uk/products/shower/sanex-expert-skin-health-soothing-shower-gel,https://www.sanex.co.uk/products/shower/sanex-expert-skin-health-soothing-shower-gel,d55b9c02f8b74421b95a293b54d660eae20090b7100f5f7190a803c4de2d73b9,c6cd7267623df197bcb4f0d89d8ec2e417d1f4f0cd235729a9f83212125246ae
633786011,Neal's Yard Remedies Aromatic Bath Salts,Neal's Yard Remedies,0,https://www.ocado.com/products/633786011,vegan,manufacturer,https://www.nealsyardremedies.com/products/aromatic-bath-salts-250g,https://www.nealsyardremedies.com/products/aromatic-bath-salts-250g,3d9cf57bebe216c5e06dce3be200f0eefedb0d81afe2a55c8d41e90854ce9dbf,b248d04c4f83c58dcac9b98517e105d746752823ce6443f29f95795526097d2f
634030011,INEOS Moisturising Hand Wash White Rose & Neroli,INEOS,1,https://www.ocado.com/products/634030011,vegan,manufacturer,https://www.ineoshygienics.com/pages/faq,https://www.ineoshygienics.com/pages/faq,4a10d7a0fa6930aa05f1a4c155b14aaea06da85d6ecf2bebc896fba2cdca6e6f,eb7ac2bc8b6e02c496489748dd77276e78ca79a6d236164ef35233b952033ea8
634031011,INEOS Moisturising Hand Wash Hibiscus & Coconut,INEOS,1,https://www.ocado.com/products/634031011,vegan,manufacturer,https://www.ineoshygienics.com/pages/faq,https://www.ineoshygienics.com/pages/faq,9cfb6f3c0e3b64161b947ed20f01833d29095ad3f162a174488eafc7f8741c99,eb7ac2bc8b6e02c496489748dd77276e78ca79a6d236164ef35233b952033ea8
634032011,INEOS Moisturising Hand Wash Rhubarb & Tonka,INEOS,1,https://www.ocado.com/products/634032011,vegan,manufacturer,https://www.ineoshygienics.com/pages/faq,https://www.ineoshygienics.com/pages/faq,375ebdb5b673ad0ea506efadbbadf50f2c65a7e89d59fe9684c29e49e55f4636,eb7ac2bc8b6e02c496489748dd77276e78ca79a6d236164ef35233b952033ea8
634033011,INEOS Moisturising Hand Wash Cucumber & Aloe,INEOS,1,https://www.ocado.com/products/634033011,vegan,manufacturer,https://www.ineoshygienics.com/pages/faq,https://www.ineoshygienics.com/pages/faq,e05957518f5b54e95db5f2a4abf8d838a8a79538ab850b971fce09d29c0a7383,eb7ac2bc8b6e02c496489748dd77276e78ca79a6d236164ef35233b952033ea8
634034011,INEOS Moisturising Hand Wash Almond & Orange Blossom,INEOS,1,https://www.ocado.com/products/634034011,vegan,manufacturer,https://www.ineoshygienics.com/pages/faq,https://www.ineoshygienics.com/pages/faq,4a82722146ff0c64b65a6ec8ace43950a52ef09836c0d76d01fb8a03584be849,eb7ac2bc8b6e02c496489748dd77276e78ca79a6d236164ef35233b952033ea8
635227011,Biona Organic Pitted Green Olives in Brine,Biona,1,https://www.ocado.com/products/635227011,vegan,manufacturer,https://biona.co.uk/products/pitted-green-olives-in-brine,https://biona.co.uk/products/pitted-green-olives-in-brine,84f07061175eca28fa29971639ed23d7c0a33e40dd12951840a0ad11698916cd,0fc6f2f937785228f2bcf33edda0361bd6a9e2b1652cb7ed8f445b545da88419 3737aa01b73e6dda67aef7532375f72417ff49a483b92fdc55285667ebb51ef5
635228011,Biona Organic Pitted Black Olives in Brine,Biona,1,https://www.ocado.com/products/635228011,vegan,manufacturer,https://biona.co.uk/products/pitted-black-olives-in-brine,https://biona.co.uk/products/pitted-black-olives-in-brine,3c9cabc856e7a7da6a3e5884e98df088d3c9df6a4446b9188e2d047aec93081d,18843cb7dfa58a0301f205ebdbbd96509044638e1b83426a95ea8c291856737d 3737aa01b73e6dda67aef7532375f72417ff49a483b92fdc55285667ebb51ef5
635645011,Original Source Vanilla and Raspberry Antibacterial Handwash,Original Source,1,https://www.ocado.com/products/635645011,vegan,manufacturer,https://www.original-source.com/uk/products/hand-wash/vanilla-raspberry-hand-wash/,https://www.original-source.com/uk/products/hand-wash/vanilla-raspberry-hand-wash/,7a34adb41b9e5a3b11b0e13173d8ea0a3bfff9ca9514a35087b0a613e2945a8a,9634780e111d3ecbb86017035f957f9449b8c972f61b35fc98dc2e14940ed5b6
635653011,Charles Worthington Menoplex Menopause Healthy Scalp Serum,Charles Worthington,1,https://www.ocado.com/products/635653011,vegan,manufacturer,https://charlesworthington.com/product/menoplex-healthy-scalp-serum-75ml/,https://charlesworthington.com/product/menoplex-healthy-scalp-serum-75ml/,7f8838114b8a42b4a9c08b71f75427ea71cbc7a2d3c52a71b814f025be514986,9dd6943b22d6efed2c8ed6f2681bad8a52eabe994591f54387e424199815a219
635734011,Green People SPF15 Sun Cream With Insect Repellent,Green People,0,https://www.ocado.com/products/635734011,vegan,manufacturer,https://www.greenpeople.co.uk/products/spf15-sun-cream-with-natural-insect-repellent-100ml,https://www.greenpeople.co.uk/products/spf15-sun-cream-with-natural-insect-repellent-100ml,1757207e1db61ed1ef96c9046c8f38f47a9f488da3d0caf6ce32cf91a783ad77,1ed8e4f4120ee2811934dc4cf41b66a826afcbfb4c6de4fcbfc44a5ad3ed04b0
635919011,Method Cream Custard All Purpose Cleaner,Method,1,https://www.ocado.com/products/635919011,vegan,manufacturer,https://methodproducts.co.uk/about-us/faq/,https://methodproducts.co.uk/about-us/faq/,fec418ec28ea47b7555e40debbc7bfcb482fa402a2897317a78cdcada2da1fde,746e77346138f37e5f7008edf1df397fd577b7a48ed80d68554f2247288a0e12 af56d2c5ebe196f060f2be37c35644dbed4abf1f9a6f9ee93ddb6e9b289ba122
636151011,7Up Zero,7up,1,https://www.ocado.com/products/636151011,vegan,manufacturer,https://www.7up.co.uk/frequently-asked-question,https://www.7up.co.uk/frequently-asked-question,d6b2176ebfc4112ec2aa9931fb7922052aa56059e684c6f9a6a9803c286ffbb3,b6c45482dbfa22fbcf56c69c5236f2fa598721155884632ac56b45405e73db42
636155011,7Up Regular Lemon & Lime,7up,1,https://www.ocado.com/products/636155011,vegan,manufacturer,https://www.7up.co.uk/frequently-asked-question,https://www.7up.co.uk/frequently-asked-question,73d0bc33ba9720fc8394dd37ba4dc08de9f8bae6d98692214a2bd388308369be,b6c45482dbfa22fbcf56c69c5236f2fa598721155884632ac56b45405e73db42
636398011,Ecover Non Bio Laundry Capsules 18 Washes,Ecover,1,https://www.ocado.com/products/636398011,vegan,manufacturer,https://uk.ecover.com/faq/are-ecover-products-vegan/,https://uk.ecover.com/faq/are-ecover-products-vegan/,75d764a8cfac49157275a4d8cc462b5e15c81f122e5bcf69a4afbf05bee34f20,103aa905691a3d06b62fde31fb3885cd18c3b1b00f8974d57c9290d4da99eea2
638106011,Organic Children Sun Cream SPF50 Lavender,Green People,1,https://www.ocado.com/products/638106011,vegan,manufacturer,https://www.greenpeople.co.uk/products/organic-children-lavender-sun-cream-spf50-100ml,https://www.greenpeople.co.uk/products/organic-children-lavender-sun-cream-spf50-100ml,66113e23d482030c0a06bc2945a47e027f439a8c587b40290db56154f76d724a,33c422fcfd6ff0e9829b9a004920b8279d9d73cf6f599a7f872d801c37b38bed
638751011,TENZING Natural Energy Raspberry & Yuzu Pack,Tenzing,1,https://www.ocado.com/products/638751011,vegan,manufacturer,https://tenzingnaturalenergy.com/pages/faqs,https://tenzingnaturalenergy.com/products/raspberry-yuzu,8044c6ebc23e2f9457d163605d79a60c15a7f0ec25e4585ece63ab4c71fe44d0,8c139bae449ee34300a75bc15e5e9a1f1a3f8d653c2691bee9f94a3012a1e2de 217833417f0f6c0cd123237b22bc570eeebf3246300ddb6c3aaff23eba2c715b
638789011,TENZING Natural Energy Lime & Mint Case,Tenzing,0,https://www.ocado.com/products/638789011,vegan,manufacturer,https://tenzingnaturalenergy.com/pages/faqs,https://tenzingnaturalenergy.com/products/lime-mint,b40070af0df6915d8f920c3f75ec97fa00bddca7280b47aa34c68435dbaa0de3,8c139bae449ee34300a75bc15e5e9a1f1a3f8d653c2691bee9f94a3012a1e2de 10932f3e7b50d632353bf36899750209ce88a51778bbd460545f7396b985a33b
638790011,TENZING Natural Energy Raspberry & Yuzu Case,Tenzing,1,https://www.ocado.com/products/638790011,vegan,manufacturer,https://tenzingnaturalenergy.com/pages/faqs,https://tenzingnaturalenergy.com/products/raspberry-yuzu,4b26b72b42867ed80b826e4fd8de6a7e15f152da73470cae4ef90a5d39bd6a45,8c139bae449ee34300a75bc15e5e9a1f1a3f8d653c2691bee9f94a3012a1e2de 217833417f0f6c0cd123237b22bc570eeebf3246300ddb6c3aaff23eba2c715b
639096011,M&S Classics Marlborough Sauvignon Blanc Pouch,M&S,1,https://www.ocado.com/products/639096011,vegan,manufacturer,https://www.marksandspencer.com/food/mands-classics-sauvignon-blanc-15l-pouch/p/fdp60438275,https://www.marksandspencer.com/food/mands-classics-sauvignon-blanc-15l-pouch/p/fdp60438275,1de33a88d44d852bf932e800c48c169e7f5192b377d9c80bfe1f7d1451ddc04a,ba1010c920388bccb9f72a64785e120dcbafabc6b6840aa4d7032775276deea8
639162011,Plenish Apple & Spirulina Detox Shot,PLENISH,1,https://www.ocado.com/products/639162011,vegan,manufacturer,https://www.plenishdrinks.com/,https://www.plenishdrinks.com/,3a6c7d27a62cf99b9a917e264a9d94bcea5ea9922052b395e0bdbf98a05849b3,d0f3e8090b99183e0ffd18bd926f5455021c7d4e674a0c2ca9e26a86130a3cba
639163011,Plenish Fiery Mango Shot,PLENISH,0,https://www.ocado.com/products/639163011,vegan,manufacturer,https://www.plenishdrinks.com/,https://www.plenishdrinks.com/,46ce870b57991c3eb81b8bbdedb18b66a7fbbb08b8f95c1efe99ff09f76c4167,d0f3e8090b99183e0ffd18bd926f5455021c7d4e674a0c2ca9e26a86130a3cba
639211011,This Works Perfect Legs Skin Miracle,This Works,1,https://www.ocado.com/products/639211011,vegan,manufacturer,https://www.thisworks.com/products/perfect-legs-skin-miracle,https://www.thisworks.com/products/perfect-legs-skin-miracle,a51194dd14f9069cf125d86e50f8050cd662b376b2db5b08f75b90460560280b,783b19a75ee71afdc9751b02da3122d7e4ecbc2a01b77be09d50a4a0349424cb
639213011,This Works Perfect Body Smoothing Wash,This Works,1,https://www.ocado.com/products/639213011,vegan,manufacturer,https://www.thisworks.com/products/perfect-body-smoothing-wash,https://www.thisworks.com/products/perfect-body-smoothing-wash,5097dfebcbc61427d9bcfb30eebec917427b7136db5eba81d4ebe4e7ba3c782a,a219edef18ec367e37f4b394e2044cc5e757ff748be3235352facd1b6dc7f992
639217011,This Works Perfect Cleavage & Neck Serum,This Works,1,https://www.ocado.com/products/639217011,vegan,manufacturer,https://www.thisworks.com/products/perfect-cleavage-neck-serum,https://www.thisworks.com/products/perfect-cleavage-neck-serum,3c93ef5e9260a2811923e2f80416129b102b727961ec99c9320c901138108f18,43be6e7f2c2eb3f8a3674dbddc41a469577e4d3f69cb579b048b9ee2cbe932d4
639526011,PerfectTed Matcha Pods Vanilla Bean,Perfect Ted,1,https://www.ocado.com/products/639526011,vegan,manufacturer,https://www.perfectted.com/products/vanilla-matcha-nespresso%C2%AE-pod?variant=45299018367217,https://www.perfectted.com/products/vanilla-matcha-nespresso%C2%AE-pod?variant=45299018367217,38a222b0b612551f6ecca3bb633de96742c88ff30f30f965e6533b9c9c18426c,2712fc7931911eae9f209dbd88c3ff8209f076a2e10c50f85f109ea604932735
639622011,Avene Soothing Toning Lotion,Avène,1,https://www.ocado.com/products/639622011,vegan,manufacturer,https://www.avene.co.uk/p/soothing-toning-lotion-3282770152517-b5405ca4,https://www.avene.co.uk/p/soothing-toning-lotion-3282770152517-b5405ca4,6ae96437b005a532f0672464ac43d5ab03336739c34c61e77ee204e109737951,515f7f10bcb26022a63708eab042fe69a246d2e02a912c52a84036e0e785f2a8
639643011,"VOTARY - Super Bright Eye Gel, Green Tea and Peptides -15ml",Votary,1,https://www.ocado.com/products/639643011,vegan,manufacturer,https://votary.co.uk/collections/all,https://votary.co.uk/collections/all,7bd8008df095df06c6c8821d3f8f90b9b21a22f64f147b98bd9de391957d2de1,abab59e347eda8a4b778675c74f54a394d6c368ac31cf2d4fe7330d98d1e54e3
639790011,Pepsi Max,Pepsi,1,https://www.ocado.com/products/639790011,vegan,manufacturer,https://www.pepsi.co.uk/faq,https://www.pepsi.co.uk/faq,e6e35b4de26c0ac3fe119f9b5eaa78de501e3056791be1e7c87fd6a003af242f,39914e626e7900e5ab69a67c0f33872f5c5656c79e9b1434f4ddf34e654c860c
639837011,Ecozone Optimum All-in-One Dishwasher Tablets,Ecozone,1,https://www.ocado.com/products/639837011,vegan,manufacturer,https://ecozone.com/ecozone-frequently-asked-questions/,https://ecozone.com/ecozone-frequently-asked-questions/,a1a4781d41b3c8f2b3c1afe2b94bbbf3910cdd1a7c8a44d38b14d04854a3e553,bb46816d6ac6ac12f83e74e7d9eb03508be6c1ca870dcb19f2798e2cbf529da7
639839011,Ecozone Elite All-in-One Dishwasher Capsules,Ecozone,1,https://www.ocado.com/products/639839011,vegan,manufacturer,https://ecozone.com/ecozone-frequently-asked-questions/,https://ecozone.com/ecozone-frequently-asked-questions/,6df6d7c06b38ca7186de09a4db301ed339277466fa6f8f5370701bab4a9f799d,bb46816d6ac6ac12f83e74e7d9eb03508be6c1ca870dcb19f2798e2cbf529da7
639866011,Ecozone Optimum All-in-One Dishwasher Tablets,Ecozone,1,https://www.ocado.com/products/639866011,vegan,manufacturer,https://ecozone.com/ecozone-frequently-asked-questions/,https://ecozone.com/ecozone-frequently-asked-questions/,1846ff1a0f8193a09ab7d7708b033de6e5d280eefd743abfe585adf4bf055962,bb46816d6ac6ac12f83e74e7d9eb03508be6c1ca870dcb19f2798e2cbf529da7
640079011,Seep Sponge Scourer Plastic Free,Seep,1,https://www.ocado.com/products/640079011,vegan,manufacturer,https://theseepcompany.com/pages/faqs,https://theseepcompany.com/pages/faqs,5714a89cff00ffa13e992c8e631c2066c2ef26f441376b17c3d36f4208fb8376,26938c23e54b6f9b21d4c0c9c2ac6dc35748a395929a3ac7aff335bdbbcdfdab
640081011,Seep All Purpose Cloth Plastic Free,Seep,1,https://www.ocado.com/products/640081011,vegan,manufacturer,https://theseepcompany.com/pages/faqs,https://theseepcompany.com/pages/faqs,5d1d33b624c6fded3cda791b06e86882494be7876550aae295cc6946374c978c,26938c23e54b6f9b21d4c0c9c2ac6dc35748a395929a3ac7aff335bdbbcdfdab
640082011,Seep Sponge Cloths Plastic Free,Seep,1,https://www.ocado.com/products/640082011,vegan,manufacturer,https://theseepcompany.com/pages/faqs,https://theseepcompany.com/pages/faqs,38b954c3436cc752533d6cba966365cbb5740ca8550255e65a0a109bf74091c8,26938c23e54b6f9b21d4c0c9c2ac6dc35748a395929a3ac7aff335bdbbcdfdab
640083011,Whole Earth Organic Sparkling Orange & Lemon,Whole Earth,1,https://www.ocado.com/products/640083011,vegan,manufacturer,https://shop.wholeearthfoods.com/products/whole-earth-org-orange-lemon-drink-330-ml?variant=1041509217,https://shop.wholeearthfoods.com/products/whole-earth-org-orange-lemon-drink-330-ml?variant=1041509217,ba597ab5baacdcab8db9d16dd312348d3b7c3c55554b68c21f71f865bed8e785,72badbb3ca05b9c088b12ac831340d9bfc38e4b85b3697553451628e569272b8 a17ca86723b5bc48482e47680e6e33593b262cf205e5258e2986128ac7d8f968
640084011,Whole Earth Organic Sparkling Cola,Whole Earth,0,https://www.ocado.com/products/640084011,vegan,manufacturer,https://shop.wholeearthfoods.com/products/whole-earth-organic-sparkling-cola-330-ml,https://shop.wholeearthfoods.com/products/whole-earth-organic-sparkling-cola-330-ml,83a90f50b415b1abdb9553bcf34eb98e72c87040017c91b72ac55dc6f2b59ebd,ac800cfc0fcd7a6e82f626ded03217125b6dd6fdc0c35a4dc4e92b2e7c8c567d a17ca86723b5bc48482e47680e6e33593b262cf205e5258e2986128ac7d8f968
640085011,Whole Earth Organic Sparkling Ginger,Whole Earth,1,https://www.ocado.com/products/640085011,vegan,manufacturer,https://shop.wholeearthfoods.com/products/whole-earth-organic-sparkling-ginger-330-ml?variant=1054886137,https://shop.wholeearthfoods.com/products/whole-earth-organic-sparkling-ginger-330-ml?variant=1054886137,c04559e0e2823396b90d7475f22244f60909883b7f0cec4d7e906aa6d32146e2,989618d0f2ef2d421561004c1357215a701c646d6a683158b5dccdccce48a22a a17ca86723b5bc48482e47680e6e33593b262cf205e5258e2986128ac7d8f968
640086011,Whole Earth Organic Sparkling Elderflower,Whole Earth,1,https://www.ocado.com/products/640086011,vegan,manufacturer,https://shop.wholeearthfoods.com/products/whole-earth-organic-sparkling-elderflower-330-ml,https://shop.wholeearthfoods.com/products/whole-earth-organic-sparkling-elderflower-330-ml,8a08b601a60f628bbaecf4613587ce693520b6a1b306bc5d9b2d42cea11ec014,64396c0155790c99c58273ddbd8d403b6a1692e00998394afcb788608cd389c3 a17ca86723b5bc48482e47680e6e33593b262cf205e5258e2986128ac7d8f968
640091011,Seep Rubber Gloves Medium Plastic Free,Seep,1,https://www.ocado.com/products/640091011,vegan,manufacturer,https://theseepcompany.com/pages/faqs,https://theseepcompany.com/pages/faqs,2b3bd2005b6557491f3bb01ecff72f2b26bdd08c8634ebea52653cd1fde578df,26938c23e54b6f9b21d4c0c9c2ac6dc35748a395929a3ac7aff335bdbbcdfdab
640092011,Seep Rubber Gloves Large Plastic Free,Seep,1,https://www.ocado.com/products/640092011,vegan,manufacturer,https://theseepcompany.com/pages/faqs,https://theseepcompany.com/pages/faqs,bcf5610a3f55621ead70f3ca6bc20f549580dc518270acd6e6d7053d8732107b,26938c23e54b6f9b21d4c0c9c2ac6dc35748a395929a3ac7aff335bdbbcdfdab
640169011,This Works In Transit Camera Close-Up 40ml,This Works,1,https://www.ocado.com/products/640169011,vegan,manufacturer,https://www.thisworks.com/products/in-transit-camera-close-up,https://www.thisworks.com/products/in-transit-camera-close-up,82186e384c7af8c9b7f0fa1eb6b6aa99bb2438aa0fd95b4080f0401f03083c53,5710046f5d7a1655e30c813e123318e15c2818f83b5840e806b127035625b70c
640206011,NOCCO Focus Ramonade,Nocco,1,https://www.ocado.com/products/640206011,vegan,manufacturer,https://nocco.com/product/focus-ramonade/,https://nocco.com/product/focus-ramonade/,4f67a6247b095e00af1ea408ec9e2d1cf1bb42bcaf6509d7a1e23f479ff1213f,f4cf5fa2b71ad148d808ed6075b81f125f12af119f524183902c1c5320b0bb8d
640207011,NOCCO Grand Sour,Nocco,1,https://www.ocado.com/products/640207011,vegan,manufacturer,https://nocco.co.uk/product/nocco-limon-del-sol/,https://nocco.co.uk/product/nocco-limon-del-sol/,4393dc723b828c53b6c96124a832f26e7febbd5756c0a91634dfe6529e836899,405f51014c5bd475b9de41b2a7b2987015885a71746e146dd6521342ddd84ada
640280011,"Vitality CBD Sleep Support Oil 1200mg, Dual applicator",Vitality CBD,1,https://www.ocado.com/products/640280011,vegan,manufacturer,https://vitalitycbd.co.uk/blogs/featured/cbd-faqs,https://vitalitycbd.co.uk/blogs/featured/cbd-faqs,3e7f5835a3200dd3bcb232b8e4360dc6b7a6fa055f2a80fa131b6fcd5c3e6168,f149222865e3b11c677c3d4a703006596ae54c730e98e06b24143055988b8e00
640281011,"Vitality CBD Calm Support Oil 1200mg, Dual applicator",Vitality CBD,1,https://www.ocado.com/products/640281011,vegan,manufacturer,https://vitalitycbd.co.uk/blogs/featured/cbd-faqs,https://vitalitycbd.co.uk/blogs/featured/cbd-faqs,b3fa5354f27da6fc33163badae79943f3ce6037a6167a7ad4959ff2d440c956d,f149222865e3b11c677c3d4a703006596ae54c730e98e06b24143055988b8e00
640532011,Skinny Tan Tan & Tone Self -Tanning Oil Dark,Skinny Tan,1,https://www.ocado.com/products/640532011,vegan,manufacturer,https://www.skinandtan.co.uk/pages/faqs-test,https://www.skinandtan.co.uk/pages/faqs-test,b6c52b0ba80d17b61b68af3dc96b51dc9c4a1d79145e14a17e4ad39aab26c067,e331be06effcb47a10aaf8ad0c95d5959d2fdaf22f2623de1cba072e15b0587c
640542011,Skinny Tan Self-Tanning Mousse Dark,Skinny Tan,0,https://www.ocado.com/products/640542011,vegan,manufacturer,https://www.skinandtan.co.uk/pages/faqs-test,https://www.skinandtan.co.uk/pages/faqs-test,2a487ac4751fefc942b06788318a32200331e411804c2fbaaeb7cd4c296d21ad,e331be06effcb47a10aaf8ad0c95d5959d2fdaf22f2623de1cba072e15b0587c
640543011,Skinny Tan Self-Tanning Whip Dark,Skinny Tan,1,https://www.ocado.com/products/640543011,vegan,manufacturer,https://www.skinandtan.co.uk/pages/faqs-test,https://www.skinandtan.co.uk/pages/faqs-test,4ec72e5a57a058560f98e66d16b7567ddc929f3fdb06f6dfb977c1385f6141fd,e331be06effcb47a10aaf8ad0c95d5959d2fdaf22f2623de1cba072e15b0587c
640707011,Red Bull Energy Drink Sugar Free Pink Edition Forest Fruits,Red Bull,1,https://www.ocado.com/products/640707011,vegan,manufacturer,https://www.redbull.com/gb-en/energydrink/questions/is-red-bull-energy-drink-vegan,https://www.redbull.com/gb-en/energydrink/questions/is-red-bull-energy-drink-vegan,ea1e645637cd803186d02620ccab4726c63e13dede304be1c9aa545abb0cbfa1,a4eabf4aae508db3695cfa9c1b91ade94e3f105fa72744898ec93738d71a8d5a
640951011,Little's Flavoured Instant Coffee French Vanilla,Little's,1,https://www.ocado.com/products/640951011,vegan,manufacturer,https://wearelittles.com/pages/faqs,https://wearelittles.com/pages/faqs,4cfe24d087e8a4e868dd69dda515241486785a25a565af1d2fe1dfdf1bd0a4eb,ccf46fc330a5c955cb3cc54cedc74e13fe2e583f1b5025ac75047f442134c18f
640955011,Grind Iced Oat Vanilla Latte,Grind,1,https://www.ocado.com/products/640955011,vegan,manufacturer,https://grind.co.uk/collections/all-iced-coffee,https://grind.co.uk/collections/all-iced-coffee,b334517ff4053ecef051adf602fcaca9cdfe49765c6bea03ccefe86269bf9854,e42a648f2fe63e79ef8d3ea542a9516fd4a83d68203a5d2626ff54217113a412
640956011,Grind Iced Oat Caffe Latte,Grind,1,https://www.ocado.com/products/640956011,vegan,manufacturer,https://grind.co.uk/collections/all-iced-coffee,https://grind.co.uk/collections/all-iced-coffee,c26a164186733abd97ee7378084232d19ecf63789102959dbfbbf8d1f0092613,e42a648f2fe63e79ef8d3ea542a9516fd4a83d68203a5d2626ff54217113a412
641027011,St.Moriz Advanced 150ml Grad Tan Lotion Firming,St Moriz,1,https://www.ocado.com/products/641027011,vegan,manufacturer,https://www.stmoriz.com/blogs/portfolio/advanced,https://www.stmoriz.com/blogs/portfolio/advanced,a5ba7731c78694d6be7103136fe8dc2391accc691741d84a3121c3dda46e589a,e3baa88094228d96eaf0b556abae78d9ae2ed83bcc6d9f3ce9a1ae8ca293ee44 d7fc7bf9769f70bef8e27d2be76db8f548492e0c70b7bd357e2a77e1f29b6078
641361011,Ecover Rinse Aid,Ecover,1,https://www.ocado.com/products/641361011,vegan,manufacturer,https://uk.ecover.com/faq/are-ecover-products-vegan/,https://uk.ecover.com/faq/are-ecover-products-vegan/,29ded41a801b9cbc73ddfd55be6df629b5803325f8e4d1309fff10e91980260b,103aa905691a3d06b62fde31fb3885cd18c3b1b00f8974d57c9290d4da99eea2
641383011,Weleda Pomegranate & Maca Peptides Firming Day Cream,Weleda,1,https://www.ocado.com/products/641383011,vegan,manufacturer,https://www.weleda.co.uk/product/pomegranate--maca-peptides-firming-day-cream-g006220,https://www.weleda.co.uk/product/pomegranate--maca-peptides-firming-day-cream-g006220,b37f8bd77edd8aa1febc10ea707f38d711c343ab863ecc72276700ea8cf539c3,0bf85e708546513549a6dc8885d3233c142ba6fc79d5ad9b0c997f188f22bf5e
641975011,E45 Hydrating Face Serum with Hyaluronic Acid for Dry & Sensitive Skin,E45,1,https://www.ocado.com/products/641975011,vegan,manufacturer,https://e45.com/uk/product/e45-face-hydrating-serum/,https://e45.com/uk/product/e45-face-hydrating-serum/,c33286db30c86536ddafbe590e58ce905e26262f228ec3a6fbd6267960d4b57b,332361f1b86f8e59599c019fb51d113ba3f12ce615200b033533bca6f341497a
643266011,Ecover Floor Soap Orange and Lemon,Ecover,1,https://www.ocado.com/products/643266011,vegan,manufacturer,https://uk.ecover.com/faq/are-ecover-products-vegan/,https://uk.ecover.com/faq/are-ecover-products-vegan/,119e938e04a9e03202adc8ac5f7d214d3dcc5cb7228959129a2f0781e76bb395,103aa905691a3d06b62fde31fb3885cd18c3b1b00f8974d57c9290d4da99eea2
643276011,AromaWorks Wax Lyrical Reed Diffuser Petitgrain & Lavender,Wax Lyrical,1,https://www.ocado.com/products/643276011,vegan,manufacturer,https://us.aroma-works.com/pages/about-us,https://us.aroma-works.com/pages/about-us,9583b678ce95d1d6cb609ff8a0dda8048abedd5834dcef41826052eb71741edd,a2c77bb7289525439ee05b142b1db701859b7bda0b9fed0eaeff191af1293ad2 5a2ebf9acfa3d1aa5aa60f16af7929b0e22d9190cb71519b75c150c28af6e3c1 93cf432c9aaa1da711e155235b1672a5193f112e4bd99eb7a57d5e4be0ab4e86
643277011,AromaWorks Wax Lyrical Reed Diffuser Amyris & Orange,Wax Lyrical,1,https://www.ocado.com/products/643277011,vegan,manufacturer,https://us.aroma-works.com/pages/about-us,https://us.aroma-works.com/pages/about-us,3e68a7ad23f1c691e2291ff536c9c766f40a3b7dbbeb15c872f6aaebd5404e76,a2c77bb7289525439ee05b142b1db701859b7bda0b9fed0eaeff191af1293ad2 5a2ebf9acfa3d1aa5aa60f16af7929b0e22d9190cb71519b75c150c28af6e3c1 93cf432c9aaa1da711e155235b1672a5193f112e4bd99eb7a57d5e4be0ab4e86
643751011,Twinings Peach & Vanilla,Twinings,1,https://www.ocado.com/products/643751011,vegan,manufacturer,https://twinings.co.uk/products/peach-vanilla-20-tea-bags,https://twinings.co.uk/products/peach-vanilla-20-tea-bags,90aeb56cf848cdcdd4827921cd2643bb485e2984dd970996d5a634d752ab0ca1,b3388760d9e08024a69a4bce67993239c29fdaa79a5099a4dcbecd9a439df637
644232011,Carex Festive Edition Frosted Eucalyptus and Cedar Antibacterial Handwash,Carex,0,https://www.ocado.com/products/644232011,vegan,manufacturer,https://www.cussonscarex.com/uk/faqs/,https://www.cussonscarex.com/uk/faqs/,110d3e9089d2638b128fa61b385b9ae1a1ed5581fd0c77f6d388f2d298000c84,47d0b03d712ff2ac97c916a8bd41d046dc78232a8832ad5d0f4cd7d31140a815
645245011,Truffle Guys Signature Truffle Dust,Truffle Guys,1,https://www.ocado.com/products/645245011,vegan,manufacturer,https://truffleguysuk.com/collections/vegan-friendly/products/signature-truffle-dust-45g,https://truffleguysuk.com/collections/vegan-friendly/products/signature-truffle-dust-45g,9a84bf7e9a0eaeaf75a3fe2cc16cc7e1b42710b75279f229a7f6606c87c750fd,c89df268a81164c23cba4df3be4fbe86d3c90cf86ad1817c5b794ff59d408895
645506011,Dr Organic Evoke Tranquility Night Cream,Dr Organic,1,https://www.ocado.com/products/645506011,vegan,manufacturer,https://www.drorganic.co.uk/products/organic-evoke-moisturisers,https://www.drorganic.co.uk/products/organic-evoke-moisturisers,7a342d4612f3a9fc036764e793406bc253ea9a5c82d12e35132cea0f87d3c09c,bfd14443fd6a2f37c64ff0bbad4455a611268948218678b26f31f6da333c3240
645511011,Dr Organic Probiotic Skin Calm Protection Serum,Dr Organic,1,https://www.ocado.com/products/645511011,vegan,manufacturer,https://www.drorganic.co.uk/products/organic-skin-calm-serums,https://www.drorganic.co.uk/products/organic-skin-calm-serums,9b53973040b319f47b7fcc6d7304adefc2cbb52a90601bf3d6ab58dd29fce120,c4f33de53fafb3ef18fb59aaee0d89b71b7c907614df5deb9654faa096712bad
645512011,Dr Organic Probiotic Skin Calm Cream Cleanser,Dr Organic,1,https://www.ocado.com/products/645512011,vegan,manufacturer,https://www.drorganic.co.uk/products/organic-skin-calm-toners?productid=drosknclmclns,https://www.drorganic.co.uk/products/organic-skin-calm-toners?productid=drosknclmclns,0958dee2c944fbb0092751401b46320bba26e89af7d87fee964f80e0f577f58e,1fc75043c418b66cc9ebd1dbf0299bac6ffc0a944d3ae72d417b60389523969a
646591011,Method Body Wash Wind Down,Method,1,https://www.ocado.com/products/646591011,vegan,manufacturer,https://methodproducts.co.uk/about-us/faq/,https://methodproducts.co.uk/about-us/faq/,54d4bba01c9a8a4213a37066c8a039efc8e0acd35213771f1d8d80ac54425ab4,746e77346138f37e5f7008edf1df397fd577b7a48ed80d68554f2247288a0e12 af56d2c5ebe196f060f2be37c35644dbed4abf1f9a6f9ee93ddb6e9b289ba122
646664011,M&S Classics Cotes de Provence Rose Half Bottle,M&S,1,https://www.ocado.com/products/646664011,vegan,manufacturer,https://www.marksandspencer.com/food/mands-classics-cotes-de-provence-ros-375cl/p/fdp60695774,https://www.marksandspencer.com/food/mands-classics-cotes-de-provence-ros-375cl/p/fdp60695774,b942d688970e6b83718293b51ce503e09c4e88f75744be664d20c6f76cf3f929,fb7354458c64542a1d01d56e58ffe7320ab9f256d9c05afb03c0e79d7c7c3d7a
646892011,MOTH Espresso Martini Cocktail,Moth,1,https://www.ocado.com/products/646892011,vegan,manufacturer,https://mothdrinks.com/products/taster-pack?variant=42008753995947,https://mothdrinks.com/products/taster-pack?variant=42008753995947,fa5b451f0afe4a931df8ff54a4cb271ae6e6762a1f2d81ef3a1e08e85749d0d6,f8b8cda7400dab95e2095bafc6aab882c612a9f4981657c24fff0f17c297ef84
646893011,MOTH Pina Colada Cocktail,Moth,1,https://www.ocado.com/products/646893011,vegan,manufacturer,https://mothdrinks.com/products/taster-pack?variant=42008753995947,https://mothdrinks.com/products/taster-pack?variant=42008753995947,0c32865f5701b78b2da655ba268db0d685c6637183de021482b2930415aa1f38,f8b8cda7400dab95e2095bafc6aab882c612a9f4981657c24fff0f17c297ef84
646894011,MOTH Mojito Cocktail,Moth,1,https://www.ocado.com/products/646894011,vegan,manufacturer,https://mothdrinks.com/products/taster-pack?variant=42008753995947,https://mothdrinks.com/products/taster-pack?variant=42008753995947,15d2d40e6f6311d612fe335b799a271ff642849d2729e8763eec5b17cd1e9c18,f8b8cda7400dab95e2095bafc6aab882c612a9f4981657c24fff0f17c297ef84
646895011,MOTH Cosmopolitan Cocktail,Moth,1,https://www.ocado.com/products/646895011,vegan,manufacturer,https://mothdrinks.com/products/cosmopolitan,https://mothdrinks.com/products/cosmopolitan,118c55c9a962babfa30c5b45fe1f4e94205594610304c5f2df4d0ba51452c835,ff88d97977d9cf687570b4f271147104888e518854fbba27b99dcc0256b17d60
646896011,MOTH Negroni Cocktail,Moth,1,https://www.ocado.com/products/646896011,vegan,manufacturer,https://mothdrinks.com/products/negroni,https://mothdrinks.com/products/negroni,ad22a2d24ddbfd607dfd8345e9497b4330bc66886699787325be06c0511b49b3,53fb02ac7fcae2d91b1fa71f677194146ef1798e6e60d89bd5265151093e8a15
646897011,MOTH Margarita Cocktail,Moth,1,https://www.ocado.com/products/646897011,vegan,manufacturer,https://mothdrinks.com/products/taster-pack?variant=42008753995947,https://mothdrinks.com/products/taster-pack?variant=42008753995947,c1b63031f9e8da5953b9474f004c3c2bba6171e50e910f1453b6c03d6ae8058f,f8b8cda7400dab95e2095bafc6aab882c612a9f4981657c24fff0f17c297ef84
647154011,Harry's Men's Razor & 5 Blades Bright Orange,Harry's,1,https://www.ocado.com/products/647154011,vegan,manufacturer,https://harrys-uk.gorgias.help/en-GB/do-you-test-any-of-your-products-on-animals-1057279,https://harrys-uk.gorgias.help/en-GB/do-you-test-any-of-your-products-on-animals-1057279,4fda8a03d0c8b8e141464df67907acec98a4c09d8c9db427783fb1fa491d340e,80380652613806e11bb6cd948bd074a874ed354cd9f970fd276fb4b01e25ecb5 7aeb44f7d6ed344258e3c041363e78c0b88a16aaae98d9399532b8dad4fc0b6a 59a5bffc6b32fb86f6a82c7ba97a1cc37b33f87730789e008da1200b6f851769
647375011,Fever-Tree Madagascan Cola 6 x 150ml,Fever-Tree,1,https://www.ocado.com/products/647375011,vegan,manufacturer,https://fever-tree.com/en-gb/faqs-contact-us,https://fever-tree.com/en-gb/faqs-contact-us,952c4bd4250b065849f9348ad3d739360a487a42d5dd99608ab66c00cfe72521,b000aa556867dec084c2af5135fc21ab1776764b39d9ddde0cf045d6a8fb9964
647399011,Lil-Lets Baby Cotton Wool Balls,Lil-lets,1,https://www.ocado.com/products/647399011,vegan,manufacturer,https://www.lil-lets.com/uk/sustainability/cruelty-free-periods/,https://www.lil-lets.com/uk/sustainability/cruelty-free-periods/,b341a0e9dea86fa03c14bf0fa343e6f8c36b252c44f934e9c0d8c9175b06670f,3cf542296288215593a3e54a6036cd6671a866c4974a724afbc77bec866d85a5 ad9ee84e6f1736b42528e3d0d828a06a7f07a01b4b764a4c590056901ab20c8a
647400011,Lil-Lets Baby Cotton Wool Large Oval Pads,Lil-lets,1,https://www.ocado.com/products/647400011,vegan,manufacturer,https://www.lil-lets.com/uk/sustainability/cruelty-free-periods/,https://www.lil-lets.com/uk/sustainability/cruelty-free-periods/,93d13139a0f34bf20549cf4c96775e7b5b0d92fdd916e2127ef7bae8b3165229,3cf542296288215593a3e54a6036cd6671a866c4974a724afbc77bec866d85a5 b0ae03d79e476dcb78915cd36e029f9da57828540351965b0e81ce6fc6fa5aea
647840011,St.Moriz Advanced Glow Body Oil 100ml,St Moriz,1,https://www.ocado.com/products/647840011,vegan,manufacturer,https://www.stmoriz.com/blogs/portfolio/advanced,https://www.stmoriz.com/blogs/portfolio/advanced,335847bac2b56870accfd080ef51b1266594a54cdbd473067442310b545428a5,e3baa88094228d96eaf0b556abae78d9ae2ed83bcc6d9f3ce9a1ae8ca293ee44 4784e0e1b715b3fa2df0a09accbd2813913bac33e93c974f5a890315b265fa72
647881011,Carex Fun Editions Fizzy Watermelon Antibacterial Handwash,Carex,1,https://www.ocado.com/products/647881011,vegan,manufacturer,https://www.cussonscarex.com/uk/faqs/,https://www.cussonscarex.com/uk/faqs/,98b15330abc86b2c5df38ac39527de160167ecafbd96ee1b8299829013d55219,47d0b03d712ff2ac97c916a8bd41d046dc78232a8832ad5d0f4cd7d31140a815
647992011,Clean Curls Multi-Use Oil,Clean Curls,1,https://www.ocado.com/products/647992011,vegan,manufacturer,https://cleancurls.co.uk/pages/faqs,https://cleancurls.co.uk/pages/faqs,d2fe4914e6e07a397bb3e3893b4aeda88a7a9cdc9d6bcf3330b5d67c5c3c4990,56236463edc5d5a304d3a32451124417352882a86131068833cff3a069b7f2c5
647995011,Clean Curls Detangling Water & Curl Refresher,Clean Curls,1,https://www.ocado.com/products/647995011,vegan,manufacturer,https://cleancurls.co.uk/pages/faqs,https://cleancurls.co.uk/pages/faqs,860c3a44d6cbb54a6d0d628cda4c3254bc4260b17e9745416be3210f78e20857,56236463edc5d5a304d3a32451124417352882a86131068833cff3a069b7f2c5
647997011,Clean Curls Super Shine & Define Curl Custard,Clean Curls,1,https://www.ocado.com/products/647997011,vegan,manufacturer,https://cleancurls.co.uk/pages/faqs,https://cleancurls.co.uk/pages/faqs,893ec812a80edd5c7b21f71d4a96e62b22f9e733b59ddcb52cc061970e3c00aa,56236463edc5d5a304d3a32451124417352882a86131068833cff3a069b7f2c5
647998011,Clean Curls 2 In 1 Leave In & Curl,Clean Curls,1,https://www.ocado.com/products/647998011,vegan,manufacturer,https://cleancurls.co.uk/pages/faqs,https://cleancurls.co.uk/pages/faqs,abd8a293bf84fb694f4e0af47c9e61bfc22402c73859b3935c1b7211434166fe,56236463edc5d5a304d3a32451124417352882a86131068833cff3a069b7f2c5
648000011,Clean Curls Super Slip Detangling Conditioner,Clean Curls,1,https://www.ocado.com/products/648000011,vegan,manufacturer,https://cleancurls.co.uk/pages/faqs,https://cleancurls.co.uk/pages/faqs,c182edbd8af5fef432842c1c578edf1895767e75bfec491b58f400c2be29eed2,56236463edc5d5a304d3a32451124417352882a86131068833cff3a069b7f2c5
648001011,Clean Curls Super Softening Shampoo,Clean Curls,1,https://www.ocado.com/products/648001011,vegan,manufacturer,https://cleancurls.co.uk/pages/faqs,https://cleancurls.co.uk/pages/faqs,1bb247a096fb4463a1dbc96b7e2affefd98530f35dbdfa65007f5cb34a22a5b7,56236463edc5d5a304d3a32451124417352882a86131068833cff3a069b7f2c5
648274011,Adnams Mosaic Pale Ale,Adnams,1,https://www.ocado.com/products/648274011,vegan,manufacturer,https://adnams.co.uk/collections/vegan-beers/products/mosaic-pale-ale-cans,https://adnams.co.uk/collections/vegan-beers/products/mosaic-pale-ale-cans,f88f1f7a6798588d3534d2f8bc60dccac7006b8cfac64d7cfe33c98d190263f9,31f336e13a2d9306eb6bb5e8e3002d7732428572e9ba42ba31aef1b5aa229ec1
648275011,Adnams Dry Hopped Lager,Adnams,1,https://www.ocado.com/products/648275011,vegan,manufacturer,https://adnams.co.uk/collections/vegan-beers/products/adnams-jack-brand-dry-hopped-lager-440ml-cans,https://adnams.co.uk/collections/vegan-beers/products/adnams-jack-brand-dry-hopped-lager-440ml-cans,ea29871f4b2a0d13256d988e1464ac66e7c91411f4a26dc4c180dded1b7c97b5,a4873239fd5087887bed9b72e9d73c6374041accaaca3385d862fc0d2a40dc12
648622011,Charles Worthington Sunshine Protect UV Protection Leave-In Spray Takeaway,Charles Worthington,1,https://www.ocado.com/products/648622011,vegan,manufacturer,https://charlesworthington.com/product/sunshine-protect-uv-protection-leave-in-spray-50ml/,https://charlesworthington.com/product/sunshine-protect-uv-protection-leave-in-spray-50ml/,238e2d3d305d35afb9ab3a9f813c908cfcf6edfcfd5d1b8e1cdde1197896958a,7bdfe3423fd185e233dcdaa3a17b280a22bcdc7fa032802abf3209f7e66101d2
648651011,Charles Worthington Moisture Seal Conditioner Takeaway,Charles Worthington,1,https://www.ocado.com/products/648651011,vegan,manufacturer,https://charlesworthington.com/product/moisture-seal-nourishing-conditioner-takeaway-75ml/,https://charlesworthington.com/product/moisture-seal-nourishing-conditioner-takeaway-75ml/,2ef488069333be6b6ae064122eb121abf2fda6a2307bc95fefbe769ca8da1c0e,34a2668299ec852d18b9a9b2f5990e6e90666fb86427eb2912222fdcc8ecdccc
649119011,Remedy Kombucha Peach,Remedy,1,https://www.ocado.com/products/649119011,vegan,manufacturer,https://www.remedydrinks.co.uk/pages/remedy-faqs-ca,https://www.remedydrinks.co.uk/pages/remedy-faqs-ca,8d7cba8c03d72f387023f3cd9dbf8eb6a1cdd25e37f8beb41df208c4b2b187c7,f2a9c0b5d0c2af75aad72df0f2e4e7cc14f14d0fbb0e5f381a2c5dc75d9fe212
649322011,M&S Orange & Brandy Liqueur,M&S,1,https://www.ocado.com/products/649322011,vegan,manufacturer,https://www.marksandspencer.com/food/orange-brandy-liqueur/p/fdp60706622,https://www.marksandspencer.com/food/orange-brandy-liqueur/p/fdp60706622,82879a5dcb3123c3038f9f946be8242a57b5434772135e3421a4e979b878278b,64c03d02272e71f589e2ff600d21957900b94d8bf56be663268f60d12a2fa11d
650098011,TRUYU Glass Nail file,Truyu,1,https://www.ocado.com/products/650098011,vegan,manufacturer,https://www.truyubeauty.com/pages/faqs,https://www.truyubeauty.com/pages/faqs,3000bf25681b1a37787f7a4b2c60f34373da54695e0fa6115904e5f5d663a4ca,5368bbf3973556d373b2ace477cfb821b91e5c649e35120a1ca009519d021330
650100011,TRUYU Compact Mirror & Duo,Truyu,1,https://www.ocado.com/products/650100011,vegan,manufacturer,https://www.truyubeauty.com/pages/faqs,https://www.truyubeauty.com/pages/faqs,caf99201c68e0e6ab1cf3e891b6f9be401666c6810cd980376c07ff5046dfa12,5368bbf3973556d373b2ace477cfb821b91e5c649e35120a1ca009519d021330
650101011,TRUYU Emery Boards,Truyu,1,https://www.ocado.com/products/650101011,vegan,manufacturer,https://www.truyubeauty.com/pages/faqs,https://www.truyubeauty.com/pages/faqs,72bfc3da257efa2e8973af6663aff15ba5c3355732b4fd0d5a25e67c5048df97,5368bbf3973556d373b2ace477cfb821b91e5c649e35120a1ca009519d021330
650858011,Red Bull Energy Drink Sugar Free Ice Edition Iced Vanilla Berry,Red Bull,1,https://www.ocado.com/products/650858011,vegan,manufacturer,https://www.redbull.com/gb-en/energydrink/questions/is-red-bull-energy-drink-vegan,https://www.redbull.com/gb-en/energydrink/questions/is-red-bull-energy-drink-vegan,41148e8f8da1ad1006f200228ae9fe93b86232fc2ab098fc74af221aa723d59f,a4eabf4aae508db3695cfa9c1b91ade94e3f105fa72744898ec93738d71a8d5a
650998011,Old Pulteney 12 Year Old Single Malt Scotch Whisky,Old Pulteney,1,https://www.ocado.com/products/650998011,vegan,manufacturer,https://oldpulteney.com/pages/faqs,https://oldpulteney.com/pages/faqs,ef0fde78716f03e214ccbd3750b3c4d4fc1025fe52b4916a2cb0faaf6fe4a33f,0d74ab224975d4d104c59928e1127c1fdcd20f42988623471e6787d87e8859a4
651047011,Mitchum Men Clean Control Anti-Perspirant & Deodorant Stick,Mitchum,1,https://www.ocado.com/products/651047011,vegan,manufacturer,https://www.mitchum.co.uk/products/mitchum-men-core-48h-solid-stick-clean-control-41gr,https://www.mitchum.co.uk/products/mitchum-men-core-48h-solid-stick-clean-control-41gr,5ad27be814842ae593bf6f842476b0eb1f66f6ed77af7d7b61cb49a6df119b4d,5616ddeec33783bbb3a8b5d51543224cce9c54fd47eafb026254f4f4236aefea
651343011,Mitchum Women Pure Fresh Anti-Perspirant & Deodorant Stick,Mitchum,1,https://www.ocado.com/products/651343011,vegan,manufacturer,https://www.mitchum.co.uk/products/mitchum-women-core-48h-solid-stick-pure-fresh-41gr,https://www.mitchum.co.uk/products/mitchum-women-core-48h-solid-stick-pure-fresh-41gr,3eefa3f28cb18bd07eff0b15632026c38056ffa04294516089770abbd576a00e,64ba2674d0195c638d200cc07985e4a603e1e3efe712ef4bdca233fbd091112b
652143011,M&S Apothecary Restore Hand Wash Refill 520ml,M&S,0,https://www.ocado.com/products/652143011,vegan,manufacturer,https://www.marksandspencer.com/restore-hand-wash-refill/p/hbp60782671,https://www.marksandspencer.com/restore-hand-wash-refill/p/hbp60782671,32ee20a89669f64e3297b6c1826dcfeb7b0dbb650fa8a97cde5313acc0fad31d,09eae94976d4e1ed00610f4507da93ca421e94e777734e804da7b01f179c796b
653123011,Peroni Nastro Azzurro 0% Alcohol-Free Beer Lager Bottles,Peroni,1,https://www.ocado.com/products/653123011,vegan,manufacturer,https://uk.asahibeer.co.uk/products/peroni-nastro-azzuro-00,https://uk.asahibeer.co.uk/products/peroni-nastro-azzuro-00,35a39211421d24616aa6cdd75e86d15c731e2cd23d11e510e9c7b1b7c23be029,dc5b71508753443e6943e073b21e8f2cc6650e783315c77fd3d330582fad1365
653349011,Cetaphil Hydrating Foaming Cream Cleanser,Cetaphil,1,https://www.ocado.com/products/653349011,vegan,manufacturer,https://www.cetaphil.co.uk/cleansers/hydrating-foaming-cream-cleanser/5020465203278.html,https://www.cetaphil.co.uk/cleansers/hydrating-foaming-cream-cleanser/5020465203278.html,7075bd13dd54969ecdbaf9699a0d35107e3681c66e2ace895e8de2079c36c41d,f400728b82d8e8215b8d298d8f7c20b8307b07600e8a62ccbb39c37a279a059e
653350011,Cetaphil Moisturising Cream,Cetaphil,1,https://www.ocado.com/products/653350011,vegan,manufacturer,https://www.cetaphil.co.uk/skin-concern/dull-%26-dehydrated/moisturising-cream/5020465202097.html,https://www.cetaphil.co.uk/skin-concern/dull-%26-dehydrated/moisturising-cream/5020465202097.html,e1e6b97ee711ca10b5ca337a5b1b42164f92860639a3b3678f400e9886e3e7f2,bf16781f7345cb486d7906d88dcbae384c201ce103d33ce0c8056911e159e556
653351011,Cetaphil Hydrating Foaming Cream Cleanser,Cetaphil,1,https://www.ocado.com/products/653351011,vegan,manufacturer,https://www.cetaphil.co.uk/cleansers/hydrating-foaming-cream-cleanser/5020465203278.html,https://www.cetaphil.co.uk/cleansers/hydrating-foaming-cream-cleanser/5020465203278.html,d38759df16076772d5725d2cf82fa3182b308a9399f11d709394138261d4d39e,f400728b82d8e8215b8d298d8f7c20b8307b07600e8a62ccbb39c37a279a059e
653353011,Cetaphil Gentle Skin Cleanser,Cetaphil,1,https://www.ocado.com/products/653353011,vegan,manufacturer,https://www.cetaphil.co.uk/cleansers/gentle-skin-cleanser/5020465202554.html,https://www.cetaphil.co.uk/cleansers/gentle-skin-cleanser/5020465202554.html,c82d2e4ef6f106b1de6c2076645e2f0929b3451eb997f7d85588d55eb8fe3224,a52941ea93801da14499edfc4f48f87a19b7e78a45d3fa9d144d027a3bf4b968
653354011,Cetaphil Hydrating Eye Gel,Cetaphil,1,https://www.ocado.com/products/653354011,vegan,manufacturer,https://www.cetaphil.co.uk/eye-creams/hydrating-eye-gel/5020465203032.html,https://www.cetaphil.co.uk/eye-creams/hydrating-eye-gel/5020465203032.html,ea13e928db6c88edbbbacdb72db354e04c49f027731bf0ee17919230a18eed93,15c601aac287ba621296116cf7846b872ef456294d62bddde1656588523ba501
653355011,Purifide Post breakout Serum,Cetaphil,1,https://www.ocado.com/products/653355011,vegan,manufacturer,https://acnecide.co.uk/faqs/,https://acnecide.co.uk/faqs/,fe0092c1ea834877eed4b15c32602fb88712e36f5f526a20a53e08ead9c2f663,0d50f6e0919f654a5a234a5b5af35dd20122b22b5e23858409a158dac7ffb5bf ccb8b5f9babcf1904f80f056b313b0b7047f24cfecf4285d8c799723e2e96970
653474011,Carex ZOG Fiery Fresh Antibacterial Handwash,Carex,1,https://www.ocado.com/products/653474011,vegan,manufacturer,https://www.cussonscarex.com/uk/faqs/,https://www.cussonscarex.com/uk/faqs/,21ca3994780c9dd33f02b73694bbf72078fd1608479e75547f5759e437a3f092,47d0b03d712ff2ac97c916a8bd41d046dc78232a8832ad5d0f4cd7d31140a815
653475011,Carex Room on the Broom Witch's Magic Potion Antibacterial Hand Wash,Carex,1,https://www.ocado.com/products/653475011,vegan,manufacturer,https://www.cussonscarex.com/uk/faqs/,https://www.cussonscarex.com/uk/faqs/,52cf641277b3638dd8dc11314fbc1a3a977a738103f6e2013dbd7f189393811e,47d0b03d712ff2ac97c916a8bd41d046dc78232a8832ad5d0f4cd7d31140a815
653840011,Heinz Tomato Ketchup,Heinz,1,https://www.ocado.com/products/653840011,vegan,manufacturer,https://heinztohome.co.uk/p/tomato-ketchup-400ml/14019192/,https://heinztohome.co.uk/p/tomato-ketchup-400ml/14019192/,086a8dce191a36f1dc07942504eb989b035a8faf14c3a106018f6f0bf3a77526,258fa5d37b7286019a9b83ea9447c94b8853569d72b40891b703e425144e1e4b
653884011,Who Gives A Crap XL Kitchen Roll,Who Gives a Crap,0,https://www.ocado.com/products/653884011,vegan,manufacturer,https://support.whogivesacrap.org/hc/en-gb/articles/11902182808217-Are-your-products-vegan,https://support.whogivesacrap.org/hc/en-gb/articles/11902182808217-Are-your-products-vegan,f9fd679cb1435b9d355c61449a8eb0e4aeb435a5b00b270022353df7442e5ce7,d39c87775670d686d45cffbf4d8670dddeff53aa1e754dae33d63e3ae341572b
653924011,Baylis & Harding Royale Garden Lemon & Basil Body Wash,Baylis & Harding,0,https://www.ocado.com/products/653924011,vegan,manufacturer,https://baylisandharding.com/about-us/kind-animals,https://baylisandharding.com/about-us/kind-animals,b18b3d2e2c4cb6e422184e7a377a2e88eb5e2ef125dd596f16edbe812cc85691,89b8bb9ed9a4a8bcc1b91768d44421c8f13922c84673da156dc15b23542070fa d46e667ffa92d48bdbfff51eaee81c37af044fdb92c562a308ef1eaf7befcc70
653926011,Baylis & Harding Royale Garden Lemon & Basil Hand Wash,Baylis & Harding,1,https://www.ocado.com/products/653926011,vegan,manufacturer,https://baylisandharding.com/about-us/kind-animals,https://baylisandharding.com/about-us/kind-animals,2ed8ee25eebc2836465633847579a8732c285509e351ed362716c7224ee0c971,89b8bb9ed9a4a8bcc1b91768d44421c8f13922c84673da156dc15b23542070fa 05872af136517af8ca8e7049477f5c28b69350012c9e3658406953ec153ce4db
653983011,M&S Apothecary Warmth Diffuser Amber,M&S,1,https://www.ocado.com/products/653983011,vegan,manufacturer,https://www.marksandspencer.com/warmth-reed-diffuser-100ml/p/hbp60780853,https://www.marksandspencer.com/warmth-reed-diffuser-100ml/p/hbp60780853,24931017620027a9bd7c5cda3864dca0f8a3d199cca135fe05c9c4d10aaad127,53c146f78c149ebc01de7a0851b4c296eb5bd65cf8d640d079272c077b9b17a1
654059011,Rock Face Refined Antiperspirant Deodorant,Rock Face,1,https://www.ocado.com/products/654059011,vegan,manufacturer,https://www.rockface4men.co.uk/pages/our-story,https://www.rockface4men.co.uk/pages/our-story,3e965d989c1b10ed838e365acf98d967d6322df29a1fb7a2d1ebfb81b58471c6,bf5ddcca86c0c0e7bfe6b47f35b34a35db33f0f1602adcfff1cd812977141fc9
654060011,Rock Face Refined Deodorant Body Spray,Rock Face,1,https://www.ocado.com/products/654060011,vegan,manufacturer,https://www.rockface4men.co.uk/pages/our-story,https://www.rockface4men.co.uk/pages/our-story,dcf399944689682b31393529886d44dfc7f25771e682d4b42eb55aa8262cd2ae,bf5ddcca86c0c0e7bfe6b47f35b34a35db33f0f1602adcfff1cd812977141fc9
654117011,MISSION Sleep Rooibos Powder Sachets with Turmeric + Lavender,MISSION TEA,1,https://www.ocado.com/products/654117011,vegan,manufacturer,https://drink-mission.com/pages/faq,https://drink-mission.com/pages/faq,9467e88d973da2bcec8121ef348172c3a161bbb0d0143c73154390f5e7137d5c,cd342765591647260ba1c82fe839b9d10899b3bef7ae6b40d7c58b6674d849a8 6aa2a3db442382083d8bdf24fdafb4cb49d904f04df91697263c59f0b8412788
654118011,MISSION Hydrate Matcha Powder Sachets with Orange + Yerba Mate,MISSION TEA,1,https://www.ocado.com/products/654118011,vegan,manufacturer,https://drink-mission.com/pages/faq,https://drink-mission.com/pages/faq,c63761c4ccd1b15fb59c38d922544181534c2fc19723a64aa08e59ffd80f49a8,cd342765591647260ba1c82fe839b9d10899b3bef7ae6b40d7c58b6674d849a8 6aa2a3db442382083d8bdf24fdafb4cb49d904f04df91697263c59f0b8412788
654119011,MISSION Energise Green Tea Bags with Cocoa Nibs + Ginger,MISSION TEA,1,https://www.ocado.com/products/654119011,vegan,manufacturer,https://drink-mission.com/pages/faq,https://drink-mission.com/pages/faq,c819d288c75d97999096fe28f4bc4eb95b91fb717bf5eb1655d549f54abe7a56,cd342765591647260ba1c82fe839b9d10899b3bef7ae6b40d7c58b6674d849a8 6aa2a3db442382083d8bdf24fdafb4cb49d904f04df91697263c59f0b8412788
654120011,MISSION Calm Rooibos Tea Bags with Cocoa Nibs + Ashwagandha,MISSION TEA,1,https://www.ocado.com/products/654120011,vegan,manufacturer,https://drink-mission.com/pages/faq,https://drink-mission.com/pages/faq,4957bd0812266f6b5ddeb28d0b67553a999c9be9229b28817d39ddb4e531229b,cd342765591647260ba1c82fe839b9d10899b3bef7ae6b40d7c58b6674d849a8 6aa2a3db442382083d8bdf24fdafb4cb49d904f04df91697263c59f0b8412788
654121011,MISSION Sleep Chamomile Tea Bags with Rosehip + Linden Blossom,MISSION TEA,1,https://www.ocado.com/products/654121011,vegan,manufacturer,https://drink-mission.com/pages/faq,https://drink-mission.com/pages/faq,02d53911eafd489dd33f4cf60ca7fde41a4142839b510903e593f464b71d508a,cd342765591647260ba1c82fe839b9d10899b3bef7ae6b40d7c58b6674d849a8 6aa2a3db442382083d8bdf24fdafb4cb49d904f04df91697263c59f0b8412788
654124011,MISSION Recover Rooibos Tea Bags with Berry + Ashwagandha,MISSION TEA,1,https://www.ocado.com/products/654124011,vegan,manufacturer,https://drink-mission.com/pages/faq,https://drink-mission.com/pages/faq,694a05b02fc025278a0ebd8e5e718d8d7bc18ce711927d2705b3e552f28265ef,cd342765591647260ba1c82fe839b9d10899b3bef7ae6b40d7c58b6674d849a8 6aa2a3db442382083d8bdf24fdafb4cb49d904f04df91697263c59f0b8412788
654125011,MISSION Perform Yerba Mate Tea Bags with Lemongrass + Mint,MISSION TEA,1,https://www.ocado.com/products/654125011,vegan,manufacturer,https://drink-mission.com/pages/faq,https://drink-mission.com/pages/faq,e151655f8ef84316f560bafa51765eac305a1af5eb1a64ba004b49bd59566db6,cd342765591647260ba1c82fe839b9d10899b3bef7ae6b40d7c58b6674d849a8 6aa2a3db442382083d8bdf24fdafb4cb49d904f04df91697263c59f0b8412788
654254011,Sorted Skin 5 in 1 Anti-Redness SPF50 Day Cream - Prebiotic Microbiome,Sorted Skin,1,https://www.ocado.com/products/654254011,vegan,manufacturer,https://sortedskin.com/pages/faqs,https://sortedskin.com/pages/faqs,1d01f18f97a5623038b29f2ce1f6a0acf0172bd27744c604bc9f8293abfa385f,c3648e32d614f593fb00d37164a12f06fd81bf4c68323cf827850dae6577674a 249bc9617a5a4259f02a48cc9890088fda7be0a402fe5369b3f9777fdf07f486
655378011,Health & Him Andropause 55+ Multi-Nutrient Supplement,Health & Her,1,https://www.ocado.com/products/655378011,vegan,manufacturer,https://healthandher.com/products/andropause-55,https://healthandher.com/products/andropause-55,8ff3690d74606ff7708d3a761ac59ecb978adebc205226b343e90a0a6e80bd4f,8bc4786f05255d8cd6fb50118eeef417e8ea05cbecdb5f66beaec7a677965de3
655382011,Health & Him Night Multi-Nutrient Supplement,Health & Her,1,https://www.ocado.com/products/655382011,vegan,manufacturer,https://healthandher.com/collections/health-and-him-andropause/products/health-him-sleep-supplement,https://healthandher.com/collections/health-and-him-andropause/products/health-him-sleep-supplement,3369d7a8c1c1fee1f49f69c1bd9f6a70abba96b80cf66da72dbcbf669e344ad5,95e3d62f107575ca613725abc9d9f975f4a21a93dc09859bd0570b4eec2b6335
655383011,Health & Him Andropause 40+ Multi-Nutrient Supplement,Health & Her,1,https://www.ocado.com/products/655383011,vegan,manufacturer,https://healthandher.com/products/andropause-40,https://healthandher.com/products/andropause-40,00ddad2961683412321d9bf354298a370894a319be33837b0f0a3e20d533ec20,0075a1a4d5ba0a21a10464e95f5c04802aef9802dfd13e4fe653329cb62b2fd0
655502011,M&S Classics Picpoul Half Bottle,M&S,1,https://www.ocado.com/products/655502011,vegan,manufacturer,https://www.marksandspencer.com/food/classics-picpoul-de-pinet/p/fdp60733045,https://www.marksandspencer.com/food/classics-picpoul-de-pinet/p/fdp60733045,16d0e97dc05c5e364a37c37935dd0762294819560c472b6908b25da79c21eb89,fc8698dd1c022fe13e0286c437aab5e07cf123f01c8850e8310b238636ff114c
655510011,M&S Clocktower Pinot Noir Half Bottle,M&S,1,https://www.ocado.com/products/655510011,vegan,manufacturer,https://www.marksandspencer.com/food/clocktower-pinot-noir/p/fdp60733147,https://www.marksandspencer.com/food/clocktower-pinot-noir/p/fdp60733147,ffa5914093a8f3fa1275c0cc500b19bdf1d7a7d3b38799acc71dd09b1d41c173,f705bb6a69f526e141f2891634f14c9d847311c867c428e55ef121f9387ffb59
655511011,M&S Lock Keepers Chardonnay Small Bottle,M&S,1,https://www.ocado.com/products/655511011,vegan,manufacturer,https://www.marksandspencer.com/food/lock-keepers-chardonnay/p/fdp60733102,https://www.marksandspencer.com/food/lock-keepers-chardonnay/p/fdp60733102,45d5075fedc5cdafd1ced3b51018461c0637c7b0cdafc4d45471a8c0a731c0db,f987d6642e4ed4556c3e0a3d08b80d35d8c4f4312cdd63b7f080544c339f26e2
655512011,M&S Lock Keepers Shiraz Pouch,M&S,1,https://www.ocado.com/products/655512011,vegan,manufacturer,https://www.marksandspencer.com/food/lock-keepers-reserve-shiraz-pouch/p/fdp60733138,https://www.marksandspencer.com/food/lock-keepers-reserve-shiraz-pouch/p/fdp60733138,9c8a447ef6657fdc3a65e9b69067acf4ed7fefcf5c19b63182634fba3f40197d,c87da2a937a332e2f6b21c49ee5a1e0035ea58e1365afa1fe7f0371c2366b71d
655575011,M&S Classics Malbec Small Bottle,M&S,1,https://www.ocado.com/products/655575011,vegan,manufacturer,https://www.marksandspencer.com/food/classics-malbec/p/fdp60733134,https://www.marksandspencer.com/food/classics-malbec/p/fdp60733134,dd54446d1879d558c06ac68e3af692f05057029648c6e9e8ed0bfe311cc8ebe6,90d39a1c60003ffa9b37b3c68b5bd4195da5b8414dd1e1897e30af9f6097531f
655582011,M&S Lock Keepers Shiraz Small Bottle,M&S,1,https://www.ocado.com/products/655582011,vegan,manufacturer,https://www.marksandspencer.com/food/lock-keepers-reserve-shiraz/p/fdp60733140,https://www.marksandspencer.com/food/lock-keepers-reserve-shiraz/p/fdp60733140,be036627bb4897c1195e511b441b8aba100eaf9df5429fd2a474c1c85f231621,d93cf57cb2cbc38a817d706666f22ed16e5c6e9c44491ec812c44a027e89a966
655584011,M&S Clocktower Sauvignon Blanc Half Bottle,M&S,1,https://www.ocado.com/products/655584011,vegan,manufacturer,https://www.marksandspencer.com/food/clocktower-sauvignon-blanc/p/fdp60733132,https://www.marksandspencer.com/food/clocktower-sauvignon-blanc/p/fdp60733132,1466acb2355cacbeec41fd4cfa1d1842237855ec2c6af89ceda4bd2187da129b,af1cc5cb4a4e0f668870396ff5f75e08fb5ac93e1c4ef4174f53d57fec04ac75
655589011,M&S Sparkling Ribolla Gialla,M&S,1,https://www.ocado.com/products/655589011,vegan,manufacturer,https://www.marksandspencer.com/food/sparkling-ribolla-gialla/p/fdp60740512,https://www.marksandspencer.com/food/sparkling-ribolla-gialla/p/fdp60740512,8c30da0a3231053146966d67d96dacfaa0b8e61c9ce1e8425eff0a8de997c177,c74c8953860d35ee63dd3c518ca4e0513870e0e8ac6aa6282243c9ea861097f6
655865011,Sanctuary Spa Golden Sandalwood Body Wash,Sanctuary Spa,1,https://www.ocado.com/products/655865011,vegan,manufacturer,https://uk.sanctuary.com/product/sanctuary-spa-body-wash-discovery-gift-set/,https://uk.sanctuary.com/product/sanctuary-spa-body-wash-discovery-gift-set/,f8b7c24b2e6ce6ce05ba38cef332c51bd3dabe177e6018b078d4ddd3ddcb53fa,83f0d45db97d8145273421c92af07c250207b46fec3dd7b1958bcb9a06fee173
655868011,Sanctuary Spa Lily and Rose Collection Bath Float,Sanctuary Spa,1,https://www.ocado.com/products/655868011,vegan,manufacturer,https://uk.sanctuary.com/product/sanctuary-spa-self-care-discovery-collection-gift-set/,https://uk.sanctuary.com/product/sanctuary-spa-self-care-discovery-collection-gift-set/,da4ff702de76d5fa33f99ac64020f3cd7a0fd3b5a3350338ac78508aef36df38,47ea0df3f823686a336d7a418d017c3061e33689e14197f401d5f898feaa60a0
656181011,Dot Dot Mango Passionfruit Bubble Tea,Dot Dot,1,https://www.ocado.com/products/656181011,vegan,manufacturer,https://www.dotdottea.com/pages/about-dot-dot-tea,https://www.dotdottea.com/pages/about-dot-dot-tea,f40f3ffe55715a58c5118c5a4da1812e92498890e5280724f306091bcb99ad53,6aa17c91db755979194d2be5d36b69ea1bda3c591841fee824a39b51d6ebcc95
656182011,Dot Dot Lychee Rose Bubble Tea,Dot Dot,1,https://www.ocado.com/products/656182011,vegan,manufacturer,https://www.dotdottea.com/pages/about-dot-dot-tea,https://www.dotdottea.com/pages/about-dot-dot-tea,a3236f35d4ac8f688dba6469db48e445450768d40aa1a636e8dab91019a91a1e,6aa17c91db755979194d2be5d36b69ea1bda3c591841fee824a39b51d6ebcc95
656213011,Beavertown Cosmic Drop Berry 4.0%,Beavertown,1,https://www.ocado.com/products/656213011,vegan,manufacturer,https://beavertownbrewery.co.uk/pages/faqs,https://beavertownbrewery.co.uk/pages/faqs,037e8cc0b20c1759f40dc65c1ac7702004ad4ebdec8abcf0060fd63361a5438c,f8e12d79026aba674bfac48df8dbf38ebdfbfa213804fa3cf7b7ed1d6f54d885 ef5e622254d4d4e78d51f83700c6684bf28cec759613e6bf8cc74ed079c33598
656214011,Beavertown Cosmic Drop Watermelon 4.0%,Beavertown,0,https://www.ocado.com/products/656214011,vegan,manufacturer,https://beavertownbrewery.co.uk/pages/faqs,https://beavertownbrewery.co.uk/pages/faqs,e3f73dc2b653618ce430c445819d7a801e9f7ee1822851b50dc5dc53cece1dc3,f8e12d79026aba674bfac48df8dbf38ebdfbfa213804fa3cf7b7ed1d6f54d885 ef5e622254d4d4e78d51f83700c6684bf28cec759613e6bf8cc74ed079c33598
656219011,Beavertown Cosmic Drop Berry 4.0% 4x330ml,Beavertown,1,https://www.ocado.com/products/656219011,vegan,manufacturer,https://beavertownbrewery.co.uk/pages/faqs,https://beavertownbrewery.co.uk/pages/faqs,cbe5a2b8e85857680a059245a9037e880f69ea067f382ee31a72ed659b746564,f8e12d79026aba674bfac48df8dbf38ebdfbfa213804fa3cf7b7ed1d6f54d885 ef5e622254d4d4e78d51f83700c6684bf28cec759613e6bf8cc74ed079c33598
656221011,Naked Paper Unbleached Soft Extra Long Recycled Toilet Paper,Naked Paper,1,https://www.ocado.com/products/656221011,vegan,manufacturer,https://uk.nakedpaper.com/blogs/news/are-toilet-rolls-vegan,https://uk.nakedpaper.com/blogs/news/are-toilet-rolls-vegan,2c93659eabe8923a3a8fa308a5614ba2c0df2098ff83685df0611bd605cba63e,bf4bd7cd4984258193c35b822154aa1df6cb03f38a602e2fb9eba95ab53ff48e
656242011,Balmonds Super 7 Serum,Balmonds,1,https://www.ocado.com/products/656242011,vegan,manufacturer,https://balmonds.co.uk/products/love-your-face-giftset,https://balmonds.co.uk/products/love-your-face-giftset,55dad1a84b9a3b5347b0c6fc2d800daeab504d201eb1dbb6bb0dab79c3b26efa,e09564a871792157134023baa7183251fc618ed25c3762bcdd2c19551dab7b1b
656283011,"Mission Natural Energy, Yerba Mate, Lime & Yuzu",MISSION TEA,1,https://www.ocado.com/products/656283011,vegan,manufacturer,https://drink-mission.com/pages/faq,https://drink-mission.com/pages/faq,ab791cda980c3c1f63ea4d8882db10667e71f3c88d1a15827ddb3e7a3d76ea9b,cd342765591647260ba1c82fe839b9d10899b3bef7ae6b40d7c58b6674d849a8 6aa2a3db442382083d8bdf24fdafb4cb49d904f04df91697263c59f0b8412788
656284011,Mission Natural Energy Lemon & Ginseng,MISSION TEA,1,https://www.ocado.com/products/656284011,vegan,manufacturer,https://drink-mission.com/pages/faq,https://drink-mission.com/pages/faq,4985e203a3e40c04e785409b3c8c52073688a814d7336861ad531c42187794b1,cd342765591647260ba1c82fe839b9d10899b3bef7ae6b40d7c58b6674d849a8 6aa2a3db442382083d8bdf24fdafb4cb49d904f04df91697263c59f0b8412788
656285011,"Mission Natural Energy, Yerba Mate, Lime & Yuzu",MISSION TEA,1,https://www.ocado.com/products/656285011,vegan,manufacturer,https://drink-mission.com/pages/faq,https://drink-mission.com/pages/faq,163e2badfa86b6a8559c205b4f35ac6c865e069f07ea05becdf5adf407262256,cd342765591647260ba1c82fe839b9d10899b3bef7ae6b40d7c58b6674d849a8 6aa2a3db442382083d8bdf24fdafb4cb49d904f04df91697263c59f0b8412788
656286011,Mission Natural Energy Lemon & Ginseng,MISSION TEA,1,https://www.ocado.com/products/656286011,vegan,manufacturer,https://drink-mission.com/pages/faq,https://drink-mission.com/pages/faq,292ada446b285b7a0d92ad23cbaaddca511d9d0ce5597db944c12b372d229e18,cd342765591647260ba1c82fe839b9d10899b3bef7ae6b40d7c58b6674d849a8 6aa2a3db442382083d8bdf24fdafb4cb49d904f04df91697263c59f0b8412788
656290011,Dot Dot Yuzu Lemon Bubble Tea,Dot Dot,1,https://www.ocado.com/products/656290011,vegan,manufacturer,https://www.dotdottea.com/pages/about-dot-dot-tea,https://www.dotdottea.com/pages/about-dot-dot-tea,d96f4a0558a152e8f099119d114ae5040eda0eb6893df7b13dacc03d3c9a3362,6aa17c91db755979194d2be5d36b69ea1bda3c591841fee824a39b51d6ebcc95
656542011,Philip Kingsley Elasticizer Booster 50ml,Philip Kingsley,1,https://www.ocado.com/products/656542011,vegan,manufacturer,https://www.philipkingsley.co.uk/product-type/vegan-hair-care.html?p=2,https://www.philipkingsley.co.uk/product-type/vegan-hair-care.html?p=2,3d72e5e4a64e09f7f891deccd88aac628fbd74a29720f129e62cd25135358ba8,bb5b62819817fedadba5b92351f1e0613880d1ee4ee453eec25ddcaa1ac1d9db f959188ad59ebbca0d23809ada8846241607355de483b5ad734bf148b912154b
656554011,Philip Kingsley Elasti-Styler 5-in-1 Treatment 40ml,Philip Kingsley,1,https://www.ocado.com/products/656554011,vegan,manufacturer,https://www.philipkingsley.co.uk/product-type/vegan-hair-care.html?p=2,https://www.philipkingsley.co.uk/product-type/vegan-hair-care.html?p=2,3ebf6ed67b6461b4d6946660ba3df4a87863373f88c26d83d4e9a9385d33978b,bb5b62819817fedadba5b92351f1e0613880d1ee4ee453eec25ddcaa1ac1d9db 5ccd392bc32682d35d793f3c3dae62808d5fe02e698f2d75a83bf2ca43050e78
656671011,Klorane Oil Control Tinted Dry Shampoo,Klorane,1,https://www.ocado.com/products/656671011,vegan,manufacturer,https://www.klorane.com/uk-en/frequently-asked-questions,https://www.klorane.com/uk-en/frequently-asked-questions,2469c3ec648e1a3985e39917969adbff2cd384ae73d311353b110bf3d25bed79,4313d814031b11893f803a5c3a6a363573237018e8715c895674f986105126d5
656813011,Gaviscon Advance Liquids Aniseed,Gaviscon,1,https://www.ocado.com/products/656813011,vegan,manufacturer,https://www.gaviscon.co.uk/products/gaviscon-advance-liquid/,https://www.gaviscon.co.uk/products/gaviscon-advance-liquid/,fbf0996d598e10e2410b2abeae9b1799e62e8d27ce4d29cd491fee8c4f58f20c,92de81f09e4bad73dfe988892da7d68daa1fb5e155a063eafd723f38aa4e6a59
656814011,Gaviscon Advance Liquids Peppermint,Gaviscon,1,https://www.ocado.com/products/656814011,vegan,manufacturer,https://www.gaviscon.co.uk/products/gaviscon-advance-liquid/,https://www.gaviscon.co.uk/products/gaviscon-advance-liquid/,07b153f9cded25abe45aecb4f62a3a65fcfe60c1654c7bc136bb37ccc1b54f9d,92de81f09e4bad73dfe988892da7d68daa1fb5e155a063eafd723f38aa4e6a59
656815011,Gaviscon Liquid Original Aniseed,Gaviscon,1,https://www.ocado.com/products/656815011,vegan,manufacturer,https://www.gaviscon.co.uk/products/gaviscon-original-liquid/,https://www.gaviscon.co.uk/products/gaviscon-original-liquid/,463f1d608beb1b7d71b73ab145368e7249591140d087a55c1f7318db12a75a47,e0b7346d6ad4d829e9d24a1086eeee4bb8611a58745e88b12b403a745dc6d793
656816011,Gaviscon Double Action Liquids Mixed Berry,Gaviscon,1,https://www.ocado.com/products/656816011,vegan,manufacturer,https://www.gaviscon.co.uk/products/gaviscon-double-action-liquid/,https://www.gaviscon.co.uk/products/gaviscon-double-action-liquid/,bbb33d74446ee14df78015814c01a5039b7aa06f5abde7d5189e051dd2e2a1fd,492ab9d09cd40669e18036d1ca0d414d1be84e601ec8450cffdc3e67522ac3f2
656818011,Gaviscon Double Action Liquids Aniseed,Gaviscon,1,https://www.ocado.com/products/656818011,vegan,manufacturer,https://www.gaviscon.co.uk/products/gaviscon-double-action-liquid/,https://www.gaviscon.co.uk/products/gaviscon-double-action-liquid/,d3ae821f40a31e4f6e8d9c00af58d53ed486cf0d0b27a9c0bd77728baf5abc42,492ab9d09cd40669e18036d1ca0d414d1be84e601ec8450cffdc3e67522ac3f2
656820011,Gaviscon Liquid Original Aniseed,Gaviscon,1,https://www.ocado.com/products/656820011,vegan,manufacturer,https://www.gaviscon.co.uk/products/gaviscon-original-liquid/,https://www.gaviscon.co.uk/products/gaviscon-original-liquid/,1ab3e37c8ff984f16f9ab7ca4a556f002b5215ea07363fed9305ecc4798fcfcc,e0b7346d6ad4d829e9d24a1086eeee4bb8611a58745e88b12b403a745dc6d793
656821011,Gaviscon Double Action Liquids Heartburn Indigestion Mint,Gaviscon,1,https://www.ocado.com/products/656821011,vegan,manufacturer,https://www.gaviscon.co.uk/products/gaviscon-double-action-liquid/,https://www.gaviscon.co.uk/products/gaviscon-double-action-liquid/,f854b5fca9302d48f9778daf68aa502b851fe35a9bf40668d32fafaa5da4af8d,492ab9d09cd40669e18036d1ca0d414d1be84e601ec8450cffdc3e67522ac3f2
656827011,"Mitchum Men 48HR Protection Roll-On Deodorant & Anti-Perspirant, Ice Fresh",Mitchum,1,https://www.ocado.com/products/656827011,vegan,manufacturer,https://www.mitchum.co.uk/products/mitchum-men-core-48h-roll-on-ice-fresh-100ml,https://www.mitchum.co.uk/products/mitchum-men-core-48h-roll-on-ice-fresh-100ml,4bd775d65361bfb7b103519d5dea1a36c68d83185b5ed2c14f31df8e7f58acbc,6cf7734c9326b74d94995504b5517c2ffd8cbe5dc6c6ce854a289f5a76b1e1b3
656853011,Bulldog Advanced Anytime Daily Moisturiser SPF 30,Bulldog,1,https://www.ocado.com/products/656853011,vegan,manufacturer,https://bulldogskincare.com/pages/faq,https://bulldogskincare.com/pages/faq,0fa737b0d6973b8b04ec65eec8e48c81e46d9aec9a8ec3ca845e802c0e157ff6,44b8a403572fbfbd10cda607311a88698b85a075c1682577dd7a9477274b9acc
656931011,TRIBE Protein Energy Flapjack Choc Chip Energy,TRIBE,0,https://www.ocado.com/products/656931011,vegan,manufacturer,https://wearetribe.co/pages/faq,https://wearetribe.co/pages/faq,57aab29d6c11abf536eb67ecfacc4c797d2e88a70bc15a5b5f40441cdfdb2ae2,08328eb6837db280993a3e9211bdda14ba4cd7b104d5dbc8ee5b2f7d38b7c3de
656932011,TRIBE Protein Energy Flapjack White Choc Chip Energy,TRIBE,0,https://www.ocado.com/products/656932011,vegan,manufacturer,https://wearetribe.co/pages/faq,https://wearetribe.co/pages/faq,980d2b25e6f19b2d8a1b2990e7309f878ff81b452c46fe10130e8408d43f9632,08328eb6837db280993a3e9211bdda14ba4cd7b104d5dbc8ee5b2f7d38b7c3de
656933011,TRIBE Protein Energy Flapjack Banoffee Choc Chip,TRIBE,0,https://www.ocado.com/products/656933011,vegan,manufacturer,https://wearetribe.co/pages/faq,https://wearetribe.co/pages/faq,6e92bc18c0ce467be2316df95421425a6657a60cb17a2092096440fb7c973fc4,08328eb6837db280993a3e9211bdda14ba4cd7b104d5dbc8ee5b2f7d38b7c3de
657207011,ADONiS Hazelnut Crunch Keto Protein Bar,Adonis,1,https://www.ocado.com/products/657207011,vegan,manufacturer,https://adonis-foods.com/collections/keto-protein-bars/protein-bars,https://adonis-foods.com/products/hazelnut-crunch,14a13f502481468f6958b9df27142e2c43a96712cc1eca2adab214739f5e71f9,010a7df9c93712314b1df4954160371efa1e5fa63593626860f2b786c4709bc3 14bc11fa87a3d42e9d1699c15c2368e36b7f91435f2cf4614173697222d3b834
657208011,ADONiS Hazelnut Crunch Keto Protein Bar - Box,Adonis,1,https://www.ocado.com/products/657208011,vegan,manufacturer,https://adonis-foods.com/collections/keto-protein-bars/protein-bars,https://adonis-foods.com/products/hazelnut-crunch,a47e5e1ef4d594c69a425e3590367f83f77e1bfb98494e42e1eceb9085ad891b,010a7df9c93712314b1df4954160371efa1e5fa63593626860f2b786c4709bc3 14bc11fa87a3d42e9d1699c15c2368e36b7f91435f2cf4614173697222d3b834
657813011,M&S Aloe Shower Gel,M&S,1,https://www.ocado.com/products/657813011,vegan,manufacturer,https://www.marksandspencer.com/aloe-shower-gel-500ml/p/hbp60722617,https://www.marksandspencer.com/aloe-shower-gel-500ml/p/hbp60722617,9ed86ce56297f98a53bccd7e7990effb0d0a6b2260e2d0f498f166f4228447c2,e234b63df9f042fb641472d762b2e251bb6e9d3972811dac7dc28debbc8d21ec
658167011,Dot Dot Sparkling Lychee Rose Bubble Tea,Dot Dot,1,https://www.ocado.com/products/658167011,vegan,manufacturer,https://www.dotdottea.com/products/dot-dot-sparkling-duo-giftset,https://www.dotdottea.com/products/dot-dot-sparkling-duo-giftset,5d71030bed3984eac3314e83f87da6faaf081550d8e1eb71e0d85c427b94f66f,8d2355590dccb9d44ac316e205c2920ed75a98d6adbe9b523bd3ce2134cfb77d
658169011,Dot DotSparkling Mango Passionfruit Bubble Tea,Dot Dot,1,https://www.ocado.com/products/658169011,vegan,manufacturer,https://www.dotdottea.com/products/dot-dot-sparkling-duo-giftset,https://www.dotdottea.com/products/dot-dot-sparkling-duo-giftset,a6d200338e51b1db59319f431a204233e36669b0f35e06a09a7e5924278ad3f7,8d2355590dccb9d44ac316e205c2920ed75a98d6adbe9b523bd3ce2134cfb77d
658218011,Red Bull Energy Drink Sugar Free Peach Edition White Peach,Red Bull,1,https://www.ocado.com/products/658218011,vegan,manufacturer,https://www.redbull.com/gb-en/energydrink/questions/is-red-bull-energy-drink-vegan,https://www.redbull.com/gb-en/energydrink/questions/is-red-bull-energy-drink-vegan,b48535ec0b0928b9d173e3fad09417de2bb6f6f9944897625b53e4e489d6a9fa,a4eabf4aae508db3695cfa9c1b91ade94e3f105fa72744898ec93738d71a8d5a
658220011,Red Bull Energy Drink Zero,Red Bull,1,https://www.ocado.com/products/658220011,vegan,manufacturer,https://www.redbull.com/gb-en/energydrink/questions/is-red-bull-energy-drink-vegan,https://www.redbull.com/gb-en/energydrink/questions/is-red-bull-energy-drink-vegan,8dd9db69daec34d6974c845aad61befc5b4d8d2de00ce16f15729d0971b7ae5f,a4eabf4aae508db3695cfa9c1b91ade94e3f105fa72744898ec93738d71a8d5a
658236011,Little's Flavoured Instant Coffee Toffee Nut,Little's,1,https://www.ocado.com/products/658236011,vegan,manufacturer,https://wearelittles.com/pages/faqs,https://wearelittles.com/pages/faqs,4a38643e061fe942f66921ecb7b7da05b1132f289523dfca38117dc89d6859ff,ccf46fc330a5c955cb3cc54cedc74e13fe2e583f1b5025ac75047f442134c18f
658247011,Bulldog Skincare - Original Shave Gel Mini,Bulldog,1,https://www.ocado.com/products/658247011,vegan,manufacturer,https://bulldogskincare.com/pages/faq,https://bulldogskincare.com/pages/faq,5f03aefe39b42d262f5f143396a87c99ebff2b69f8e1619919167cefddc84b6d,44b8a403572fbfbd10cda607311a88698b85a075c1682577dd7a9477274b9acc 7c51005b885c113278acb9f7f7574db85277643d4e494f76660dad3ecd373fc6
658439011,MOTH Paloma Cocktail,Moth,1,https://www.ocado.com/products/658439011,vegan,manufacturer,https://mothdrinks.com/products/paloma,https://mothdrinks.com/products/paloma,8e4962d44448b0919c159b75c75703d80ffeea828825e6ca135888f24fbfb9c2,65d3d5ceb0af9c3d3570db177d24eb2343947ec76af1716c9e698804421fdf64
658440011,MOTH Spicy Margarita Cocktail,Moth,1,https://www.ocado.com/products/658440011,vegan,manufacturer,https://mothdrinks.com/products/taster-pack?variant=42008753995947,https://mothdrinks.com/products/taster-pack?variant=42008753995947,d3a32a9eb6a1d1ab1229814bd8ce07e54a1ef0fa810027c292f19507a859e7ee,f8b8cda7400dab95e2095bafc6aab882c612a9f4981657c24fff0f17c297ef84
658441011,MOTH Passion Fruit Martini Cocktail,Moth,1,https://www.ocado.com/products/658441011,vegan,manufacturer,https://mothdrinks.com/products/taster-pack?variant=42008753995947,https://mothdrinks.com/products/taster-pack?variant=42008753995947,80c287b2a32a40991667c98e46fb727b236820a21ca87b619f41c19f17ba4e68,f8b8cda7400dab95e2095bafc6aab882c612a9f4981657c24fff0f17c297ef84
658699011,Vinca White Wine Can,Vinca,1,https://www.ocado.com/products/658699011,vegan,manufacturer,https://vincawine.com/products/organic-white-wine,https://vincawine.com/products/organic-white-wine,8f3902c303e396f22ad176ff6c39763342aea012fb6b2a399e5b377aa7944567,1a9fabafb3551ca5049a25d7b7daf8c04b6bb7c9bf1d61a7ba279320d245ba8a 4bd434965e170329ba07c635facfa1c1fc4f1773672005ad0ca45fe28a510ebc
658700011,Vinca Rose Wine Can,Vinca,1,https://www.ocado.com/products/658700011,vegan,manufacturer,https://vincawine.com/collections/organic-pale-rose-wine/products/organic-pale-rose,https://vincawine.com/collections/organic-pale-rose-wine/products/organic-pale-rose,82a069e09838b1859744016325bdfda460065916ea588bd53155e99638521954,24d89145846fc129966027b1a7fcdeca80a894027409ac3d9a16ff99362f304d 4bd434965e170329ba07c635facfa1c1fc4f1773672005ad0ca45fe28a510ebc
658701011,Vinca Red Wine Can,Vinca,1,https://www.ocado.com/products/658701011,vegan,manufacturer,https://vincawine.com/products/organic-red-wine,https://vincawine.com/products/organic-red-wine,e9d2475ac83ba92fc939ce7087b226395251856f321438bf68ed4f6fb1f13093,f099a344512a5655df242672089cf41b9c3c93a4d53488984519914bb2ddf444 4bd434965e170329ba07c635facfa1c1fc4f1773672005ad0ca45fe28a510ebc
658869011,Inch's Cloudy Hazy Apple Cider Can,Inch's,1,https://www.ocado.com/products/658869011,vegan,manufacturer,https://www.inchscider.co.uk/faqs,https://www.inchscider.co.uk/faqs,350328eb7ca5d49cc78f92eda7d6debd9108e87067aa70cc6a22ea5b822948ff,1ceef805400789476738fd2d10bf25b01dc6e1d7bed86db26463675b7ca3d612 a53a79a8865a40de9ec339e22423f4651c9eb3cd9f81ca588fac77f9523eb494 b6cf0ddc2ab4b7fc620b9e2d3290fb8c26303a7e2a20fe5dd428a01098b6f981
658870011,Inch's 0.0 Medium Apple Alcohol Free Cider Can,Inch's,1,https://www.ocado.com/products/658870011,vegan,manufacturer,https://www.inchscider.co.uk/faqs,https://www.inchscider.co.uk/faqs,b17fd41455549ed6098d475701b3c39be4321600407d60b583113e71e62dadda,1ceef805400789476738fd2d10bf25b01dc6e1d7bed86db26463675b7ca3d612 a53a79a8865a40de9ec339e22423f4651c9eb3cd9f81ca588fac77f9523eb494 b6cf0ddc2ab4b7fc620b9e2d3290fb8c26303a7e2a20fe5dd428a01098b6f981
659088011,"VOTARY Super Renewal Serum, Retinol Alternative",Votary,1,https://www.ocado.com/products/659088011,vegan,manufacturer,https://votary.co.uk/collections/all,https://votary.co.uk/collections/all,4b6f313671ac7701123a82a5a4d2789933453b7beff2036d5a60043bf81fd6d8,abab59e347eda8a4b778675c74f54a394d6c368ac31cf2d4fe7330d98d1e54e3
659122011,Boucleme Super Hold Styler 300ml,Boucleme,1,https://www.ocado.com/products/659122011,vegan,manufacturer,https://www.boucleme.co.uk/products/super-hold-styler,https://www.boucleme.co.uk/products/super-hold-styler,ac0e68a67558e44f67fbd591e3fa1e2b59ce8ef1cf1d99c94dc7ccf9fd945cfe,5e384b7372581fef95369a54f54b42cc81f0d280be761c3049d7ac5241d06323 94531ad897739f917b80ff0f72dcc03bc4a6480669453a241fe4a5828991c421 2b39f50ace8fb7642833390b6c0f5f53421f57b58cebaafc38153ca739874365
659250011,Oh-lief Natural Shampoo & Baby Wash,Oh Lief,1,https://www.ocado.com/products/659250011,vegan,manufacturer,https://ohlief.co.uk/pages/accreditations,https://ohlief.co.uk/pages/accreditations,273a63cb6dff5874c317acee15693b38d4c8343764164924b97b4d2b443dc681,ed0556a5c37aeae77d10dcc3db4cac0601262d700d7457890017f64e3e341486
659618011,Served Mojito,Served,1,https://www.ocado.com/products/659618011,vegan,manufacturer,https://www.serveddrinks.co.uk/pages/faqs,https://www.serveddrinks.co.uk/pages/faqs,6448f0f624833e52d1f47da8d75853143aa0c873535916c6799f9af60e03f687,4fb179fb09abb048b6fd79a3f64fe2e90ed7d6660e25b9ccac415fc559da5e78 a6643befe533fd8e6b471c548ac138c9b685a2f832545812c3bcecab31d879a3
659619011,Served Margarita,Served,1,https://www.ocado.com/products/659619011,vegan,manufacturer,https://www.serveddrinks.co.uk/pages/faqs,https://www.serveddrinks.co.uk/pages/faqs,29cc01a44562136a65097f62cfa669d352d33018d3d66fffcfd11c46453495ba,4fb179fb09abb048b6fd79a3f64fe2e90ed7d6660e25b9ccac415fc559da5e78 a6643befe533fd8e6b471c548ac138c9b685a2f832545812c3bcecab31d879a3
659620011,Served Cocktail Super-Premium Variety Pack,Served,1,https://www.ocado.com/products/659620011,vegan,manufacturer,https://www.serveddrinks.co.uk/,https://www.serveddrinks.co.uk/,db1dd448d6e67e590ffedcd162eb299fcfdaea7d204e2c89e7e53e1419e9edcd,4fb179fb09abb048b6fd79a3f64fe2e90ed7d6660e25b9ccac415fc559da5e78 a6643befe533fd8e6b471c548ac138c9b685a2f832545812c3bcecab31d879a3
659751011,"Ecover All-In-One Zero Dishwasher Tablets, 24 Tablets",Ecover,1,https://www.ocado.com/products/659751011,vegan,manufacturer,https://uk.ecover.com/faq/are-ecover-products-vegan/,https://uk.ecover.com/faq/are-ecover-products-vegan/,687e3bd4d414d4a99a07813ff9376fe8836507d1ad464df52ae349484caffbd4,103aa905691a3d06b62fde31fb3885cd18c3b1b00f8974d57c9290d4da99eea2
659752011,"Ecover All-In-One Dishwasher Tablets, 24 Tablets",Ecover,1,https://www.ocado.com/products/659752011,vegan,manufacturer,https://uk.ecover.com/faq/are-ecover-products-vegan/,https://uk.ecover.com/faq/are-ecover-products-vegan/,07eb59798bd1038522821b7cacb3269bd1274766978d3acbde95eadc40f45c6e,103aa905691a3d06b62fde31fb3885cd18c3b1b00f8974d57c9290d4da99eea2
659754011,"Ecover All-In-One Dishwasher Tablets, 72 Tablets",Ecover,1,https://www.ocado.com/products/659754011,vegan,manufacturer,https://uk.ecover.com/faq/are-ecover-products-vegan/,https://uk.ecover.com/faq/are-ecover-products-vegan/,8f4544f31169389c03c7b85c13a7a11451f0c43e18154e6d576b05ec0c8e3b0c,103aa905691a3d06b62fde31fb3885cd18c3b1b00f8974d57c9290d4da99eea2
660237011,Dove Advanced Care Dragonfruit and Coconut Cream Roll On Deodorant,Dove,1,https://www.ocado.com/products/660237011,vegan,manufacturer,https://www.dove.com/uk/deodorants.sm.html,https://www.dove.com/uk/deodorants.sm.html,49abfbd5d0766ab110c67a3bd296c3a994717536ecea1401dc80130ca9ef5a25,263ee7fa383f0caf943b173d73c8134c1f6afba6c0005e87ab4c5bdb9dd4607e
660238011,Dove Women Advanced Antiperspirant Deodorant Dragonfruit & Coconut Aerosol,Dove,1,https://www.ocado.com/products/660238011,vegan,manufacturer,https://www.dove.com/uk/deodorants.sm.html,https://www.dove.com/uk/deodorants.sm.html,e9f22cf729d45d8c9f97f30392087a0344cc67fefade09b45b198bb275d999a2,263ee7fa383f0caf943b173d73c8134c1f6afba6c0005e87ab4c5bdb9dd4607e
660239011,Dove Women Antiperspirant Deodorant Roll on Powder,Dove,1,https://www.ocado.com/products/660239011,vegan,manufacturer,https://www.dove.com/uk/deodorants.sm.html,https://www.dove.com/uk/deodorants.sm.html,63d5ae84b4b4f32e170deb0a1a96316c346d7d46b7de57a7e19f6ed532c6ddc5,263ee7fa383f0caf943b173d73c8134c1f6afba6c0005e87ab4c5bdb9dd4607e
660241011,Dove Women Antiperspirant Deodorant Fresh Aerosol,Dove,1,https://www.ocado.com/products/660241011,vegan,manufacturer,https://www.dove.com/uk/deodorants.sm.html,https://www.dove.com/uk/deodorants.sm.html,ec4a45c3f12f6229059b234e4384b8bccd8aec0197befa25d3d9ece8bf4fffde,263ee7fa383f0caf943b173d73c8134c1f6afba6c0005e87ab4c5bdb9dd4607e
660313011,M&S Albarino Uruguay,M&S,1,https://www.ocado.com/products/660313011,vegan,manufacturer,https://www.marksandspencer.com/food/juanico-albarino-uruguay/p/fdp60740513,https://www.marksandspencer.com/food/juanico-albarino-uruguay/p/fdp60740513,c605211f662967f7802850e5ea14f1dc674f1a4e91f29791e256332529f39197,b75d3ee2901072b75b26877dddfd6ae16134bafe61b44565a67e71fb2b53d6bc
660684011,Spacegoods Immunity Chaga Mushroom Star Gummies,SPACEGOODS,1,https://www.ocado.com/products/660684011,vegan,manufacturer,https://spacegoods.com/products/star-chews,https://spacegoods.com/products/star-chews,b67402564ea5d0112725168c776e1f89c1b1bf956caf327146b5019033190064,d2e1d4f665728702ad310d850ae0d5bdafdec3bcd575d783397cf98b159d47f5
660685011,"Spacegoods Lions Mane Mushroom Focus Gummies, Strawberry, 30x",SPACEGOODS,1,https://www.ocado.com/products/660685011,vegan,manufacturer,https://spacegoods.com/products/moon-chews-1,https://spacegoods.com/products/moon-chews-1,c308f758d33848f73d97571797718b14c422c9e35db39ee56d6727550cfe42dc,8567f022e97c838247f0e605f12c24565951c9bbedc3e69bc8dca5d81500c95e
660919011,Fever-Tree Raspberry Mojito Cocktail Mixer,Fever-Tree,1,https://www.ocado.com/products/660919011,vegan,manufacturer,https://fever-tree.com/en-gb/faqs-contact-us,https://fever-tree.com/en-gb/faqs-contact-us,24bfaacb0938c43db1a5086b1cb486e16633d18444db31baca67f60b9b3cf75d,b000aa556867dec084c2af5135fc21ab1776764b39d9ddde0cf045d6a8fb9964
660920011,Fever-Tree Raspberry Mojito Cocktail Mixer,Fever-Tree,0,https://www.ocado.com/products/660920011,vegan,manufacturer,https://fever-tree.com/en-gb/faqs-contact-us,https://fever-tree.com/en-gb/faqs-contact-us,c01390949c700d2e9caedd869013d9882f1db2309f4d16cf1b8e4948d5fe5f41,b000aa556867dec084c2af5135fc21ab1776764b39d9ddde0cf045d6a8fb9964
660922011,Fever-Tree Classic Mojito Cocktail Mixer 4x150ml,Fever-Tree,1,https://www.ocado.com/products/660922011,vegan,manufacturer,https://fever-tree.com/en-gb/faqs-contact-us,https://fever-tree.com/en-gb/faqs-contact-us,b771cf6307d838c345f7cb59523794dcf6ad32f842a5c657b66ebc1e23b4422a,b000aa556867dec084c2af5135fc21ab1776764b39d9ddde0cf045d6a8fb9964
660997011,Red Bull Sugar Free Lilac Edition Grapefruit and Blossom,Red Bull,1,https://www.ocado.com/products/660997011,vegan,manufacturer,https://www.redbull.com/gb-en/energydrink/questions/is-red-bull-energy-drink-vegan,https://www.redbull.com/gb-en/energydrink/questions/is-red-bull-energy-drink-vegan,0a4a6a29ecef24af60b996ce72f031acd56fa855e29e678936112ef4e4994fda,a4eabf4aae508db3695cfa9c1b91ade94e3f105fa72744898ec93738d71a8d5a
661134011,Little's Flavoured Instant Coffee Glazed Cinnamon,Little's,1,https://www.ocado.com/products/661134011,vegan,manufacturer,https://wearelittles.com/pages/faqs,https://wearelittles.com/pages/faqs,5cfced084a29d243407f1969a9a5a30792991f03b1d1333d4318c0296d0445e9,ccf46fc330a5c955cb3cc54cedc74e13fe2e583f1b5025ac75047f442134c18f
661135011,Little's Flavoured Instant Coffee Chocolate Cherry,Little's,1,https://www.ocado.com/products/661135011,vegan,manufacturer,https://wearelittles.com/pages/faqs,https://wearelittles.com/pages/faqs,11b6f11dc40a97f3c709117e795d5a152f058ac037fa7da0f221728a2334a785,ccf46fc330a5c955cb3cc54cedc74e13fe2e583f1b5025ac75047f442134c18f
661140011,Pepsi Max Cherry,Pepsi,1,https://www.ocado.com/products/661140011,vegan,manufacturer,https://www.pepsi.co.uk/faq,https://www.pepsi.co.uk/faq,4d90cf6fd333c22c4361ae2b67e98408c67f2a8c93e73b0c52e35790989817c1,39914e626e7900e5ab69a67c0f33872f5c5656c79e9b1434f4ddf34e654c860c
661147011,Grind Iced Oat Matcha Latte,Grind,1,https://www.ocado.com/products/661147011,vegan,manufacturer,https://grind.co.uk/products/iced-oat-matcha-latte-16-pack,https://grind.co.uk/products/iced-oat-matcha-latte-16-pack,9d7154e7321b910e00be8aa34ca422cddb5c49722be6a26942b609f062ac0ae8,9b795928d2900ce60edc02dfdf4c8e6b3275b5d0fe639cb97a1b2996fb776a78
661225011,Simple Invisible UV Face Fluid Moisturiser SPF50,Simple,1,https://www.ocado.com/products/661225011,vegan,manufacturer,https://www.simple.co.uk/uv-fluid.html,https://www.simple.co.uk/uv-fluid.html,b52e32720c90bcd021d00385ace8009e7d1a3167f023f0fb338064a33f9e5d79,cc41f37d6d31ad3718355764d3fa81b15c080651b9f6809a84599d827e506239
661226011,Simple Hydrating UV Face Fluid Moisturiser SPF50,Simple,1,https://www.ocado.com/products/661226011,vegan,manufacturer,https://www.simple.co.uk/uv-fluid.html,https://www.simple.co.uk/uv-fluid.html,ca844294894e587ff33f0ec3d263667e3b71ebb1b884dc48f100c9afe7cb9fcf,cc41f37d6d31ad3718355764d3fa81b15c080651b9f6809a84599d827e506239
661239011,Served Passion Fruit Martini,Served,1,https://www.ocado.com/products/661239011,vegan,manufacturer,https://www.serveddrinks.co.uk/pages/faqs,https://www.serveddrinks.co.uk/pages/faqs,31313caa0d8fa266a9b819b080a53b750c4ce5a3cf9115b504f42ed2b237efd8,4fb179fb09abb048b6fd79a3f64fe2e90ed7d6660e25b9ccac415fc559da5e78 a6643befe533fd8e6b471c548ac138c9b685a2f832545812c3bcecab31d879a3
661288011,Strongbow Strawberry Cider,Strongbow,1,https://www.ocado.com/products/661288011,vegan,manufacturer,https://www.strongbow.com/global/en/faq,https://www.strongbow.com/global/en/faq,7291f369feb1e2574e8f69a71d742a806c89d28795df4126f3e235f02f7e72c7,f8bfad1c643ec02673ca1ac8ba8e0cd616271a5bf235cda893add3ba49bd3334 95110eeeec11300e571ca622ee8760063b3c20f51d6737f0145a3225ba93fd7b c0f9e41d4638a83d3fa54d7c2bd8a5171e138efbcf00d3905da2b80da95ad0d1 426ab69a8691c146468d5a3ae077e2607205b013a43d1c6ad8afe8f20ad1aafe
661352011,Wild Emma Bridgewater Bee Case and Honey & Cactus Flower Deodorant,Wild,1,https://www.ocado.com/products/661352011,vegan,manufacturer,https://wearewild.com/products/ocean-mist-body-wash-starter-pack-sage,https://support.wearewild.com/hc/en-gb/articles/360021843960-Is-Wild-a-vegan-company,aae03d21f2909e842a09e1a1982e6ce6f4c9f86cd4da4244e9f4172c186a0cbd,bab228b241618a0f0005c2dc3e234283b75c8588db6bfc068d483937cd7d8736 ad18b4c2f9f961cd32aba924f3679d5acd6929cab00cba6591ff1b11a7c5a719
661353011,Wild Fresh Cotton & Sea Salt Mini Deodorant Travel Size,Wild,1,https://www.ocado.com/products/661353011,vegan,manufacturer,https://wearewild.com/products/ocean-mist-body-wash-starter-pack-sage,https://support.wearewild.com/hc/en-gb/articles/360021843960-Is-Wild-a-vegan-company,03371871df790079264c0e0bb6462258fb3649db50481acf349352ad12da751c,bab228b241618a0f0005c2dc3e234283b75c8588db6bfc068d483937cd7d8736 ad18b4c2f9f961cd32aba924f3679d5acd6929cab00cba6591ff1b11a7c5a719
661356011,Wild Pink Grapefruit & Lime Deodorant Refill,Wild,1,https://www.ocado.com/products/661356011,vegan,manufacturer,https://wearewild.com/products/ocean-mist-body-wash-starter-pack-sage,https://support.wearewild.com/hc/en-gb/articles/360021843960-Is-Wild-a-vegan-company,d7c2bf65b99bd27e580b5913bc24814a40b04dbd3c02988f0fc93ba1a6fe2cd8,bab228b241618a0f0005c2dc3e234283b75c8588db6bfc068d483937cd7d8736 ad18b4c2f9f961cd32aba924f3679d5acd6929cab00cba6591ff1b11a7c5a719
661550011,Nails Inc. Topless Emma,Nails Inc.,1,https://www.ocado.com/products/661550011,vegan,manufacturer,https://nailsinc.com/products/emma-1-step-gel-its-topless-nail-polish,https://nailsinc.com/products/emma-1-step-gel-its-topless-nail-polish,8dd16d60f9bda664bec55a0e3982e37190787fbb157f41b6d8081ce62fac3f5d,b1717d19b3916aa7f4880e1e634e4ade6578372b2871bd0e3bc1c371ae3f9abb fef8415a1e4660e1ca98bda30a2d6ed87eaf28c302deb36126ba1f587dc0334a
661559011,Nails. INC Glow Naturale Duo,Nails Inc.,1,https://www.ocado.com/products/661559011,vegan,manufacturer,https://nailsinc.com/products/glow-naturale-glowing-nail-polish-duo,https://nailsinc.com/products/glow-naturale-glowing-nail-polish-duo,799cb44f48def26c393d57a9449e81819e686dac305d18b3a936083c5b622215,eae33a98a8b6e0bd31383b02826aff287e9d95a01d0fccc0ab2e1b9e490184eb fef8415a1e4660e1ca98bda30a2d6ed87eaf28c302deb36126ba1f587dc0334a
661560011,Nails Inc. Euphoria Nail Polish Magic Does Exist,Nails Inc.,1,https://www.ocado.com/products/661560011,vegan,manufacturer,https://nailsinc.com/products/magic-does-exist-euphoria-highlight-nail-polish,https://nailsinc.com/products/magic-does-exist-euphoria-highlight-nail-polish,11b784678cd0b581775b153087e3c3a6c1882ca93aecd4bc59db4880959bc227,4bbc41b21769472ec8635c1a689cd974865124121922375bf8493b3ed1f17ae9 fef8415a1e4660e1ca98bda30a2d6ed87eaf28c302deb36126ba1f587dc0334a
661561011,Nails.INC That Euphoria Life,Nails Inc.,1,https://www.ocado.com/products/661561011,vegan,manufacturer,https://nailsinc.com/products/that-euphoria-life-euphoria-highlight-nail-polish,https://nailsinc.com/products/that-euphoria-life-euphoria-highlight-nail-polish,5cf051c350ed06236024c58cad111ef74d7f7a32b09e5675868974649cf24fe4,df7880b5643c17e5a50be52cbb630687ee7d8ba0985ea2cb90dbfd889fce1c18 fef8415a1e4660e1ca98bda30a2d6ed87eaf28c302deb36126ba1f587dc0334a
661562011,Nails.INC Glowing My Way Nail Enhancer,Nails Inc.,1,https://www.ocado.com/products/661562011,vegan,manufacturer,https://nailsinc.com/products/glowing-my-way-glow-enhancing-nail-perfector-polish,https://nailsinc.com/products/glowing-my-way-glow-enhancing-nail-perfector-polish,a24f38a96dfdb9aa06cd29e9870a3ca6c8178c88205ecf8505a272d7fd59c9bf,7a0c94784c66b3d13a8974572db84d6b42a0fa314b1d2fc733ff5690465d914d fef8415a1e4660e1ca98bda30a2d6ed87eaf28c302deb36126ba1f587dc0334a
661563011,Nails Inc. Mani Marker White,Nails Inc.,1,https://www.ocado.com/products/661563011,vegan,manufacturer,https://nailsinc.com/products/bright-white-mani-marker-nail-pen,https://nailsinc.com/products/bright-white-mani-marker-nail-pen,6ed33f856fe91a18469d8222ac4ce4f0e6f58dd9683971c0018dadaad594760c,1bcf10121fb1b9bfc61d6bab25382c29d97b378fba27086e3b3c9708d220c9c8 fef8415a1e4660e1ca98bda30a2d6ed87eaf28c302deb36126ba1f587dc0334a
661713011,Bioglan Brain Boost,Bioglan,1,https://www.ocado.com/products/661713011,vegan,manufacturer,https://bioglan.co.uk/product-category/dietary-requirements/vegan/,https://bioglan.co.uk/product-category/dietary-requirements/vegan/,fb1d5eb6e627a0b75c79318e6d270cdd8a8bb73dd17d2944e4440a101f5adb97,95fc64d6bea6c0eae0d4016befaa43642fe6ff200b5bfc14f4f37a034af97d5f 3ecd27b96c60c8440221696c62e417a1a86a3a93dcccdf73d0734918733bc7e5
661714011,Bioglan Vision Shield,Bioglan,1,https://www.ocado.com/products/661714011,vegan,manufacturer,https://bioglan.co.uk/product-category/dietary-requirements/vegan/,https://bioglan.co.uk/product-category/dietary-requirements/vegan/,9fa88b4878ce9d1f6d5dcc32226e9758aee79c39ccff74f1e2cc90dea51ac729,95fc64d6bea6c0eae0d4016befaa43642fe6ff200b5bfc14f4f37a034af97d5f 11b09fd0ad4da59b805aeb842ec187db584fec0d7be4ce84c9aedf3c20dee328
662561011,Nails.INC Euphoria Nail Polish Dream Dust,Nails Inc.,1,https://www.ocado.com/products/662561011,vegan,manufacturer,https://nailsinc.com/products/dream-dust-euphoria-highlight-nail-polish,https://nailsinc.com/products/dream-dust-euphoria-highlight-nail-polish,30127d2056760fe2acad2f639a2212a5c4265761531680b99ad179a686bbce56,cb74bc300a255e4bc2a8f9e7fbfc4756d98599b9c15951b3387a0eee2a9dae70 fef8415a1e4660e1ca98bda30a2d6ed87eaf28c302deb36126ba1f587dc0334a
662738011,Cotswolds Hedgerow Gin,Cotswold Distillery,1,https://www.ocado.com/products/662738011,vegan,manufacturer,https://www.cotswoldsdistillery.com/pages/faqs,https://www.cotswoldsdistillery.com/pages/faqs,df7ee93667eb3ccac89291b070f317fa220055c2bd6933ad8928169b89022cb0,07eea920036ecb06a9507e7aca11a4adf1208da1299bfecc43d7f85ebbd778de ae7f00a9e4ab7bcd3a24fe256dfa9365ada2d723e59563d160a8be868c0a7f9c 762409d305fb07e3a9ebf1bf54440240026e8e1cb4b5a9c4e3f7a264c97cc2cf
663040011,Evolve Beauty Bio-Retinol + C Booster,Evolve Beauty,1,https://www.ocado.com/products/663040011,vegan,manufacturer,https://www.evolvebeauty.com/pages/faq/1000,https://www.evolvebeauty.com/pages/faq/1000,1ac3e4b2443b14254c6180de556e8b686671c5ce4aa4cdcb9218c9e8c3e2581e,1045e6b4ebb74f40d080564512a084841b673c48009bef0439a70236ad63e444
663041011,Evolve Beauty Bio-Retinol Gold Mask,Evolve Beauty,1,https://www.ocado.com/products/663041011,vegan,manufacturer,https://www.evolvebeauty.com/pages/faq/1000,https://www.evolvebeauty.com/pages/faq/1000,5d314bd01dd5bf9e87ed6982d41edbb3df2f4bc5922d4a24a1a8c7b2c0c4ad1a,1045e6b4ebb74f40d080564512a084841b673c48009bef0439a70236ad63e444
663044011,Evolve Beauty Hyaluronic Eye Serum,Evolve Beauty,1,https://www.ocado.com/products/663044011,vegan,manufacturer,https://www.evolvebeauty.com/pages/faq/1000,https://www.evolvebeauty.com/pages/faq/1000,0751b91cd0efae296bf3f27ae4b01a2d46189695883d48e1a844c9d7d50ee3e7,1045e6b4ebb74f40d080564512a084841b673c48009bef0439a70236ad63e444
663220011,Vimto Energy No Added Sugar,Vimto,1,https://www.ocado.com/products/663220011,vegan,manufacturer,https://www.vimto.co.uk/faqs/is-vimto-vegetarian-and-what-about-us-vegans/,https://www.vimto.co.uk/faqs/is-vimto-vegetarian-and-what-about-us-vegans/,61515b66f5dc9535a90a1a7b41cc3e6c8e5b75cd6980285954b9f6233114b7a7,d2728b417482222c8e8a730e6cc1805cfa135b11f0a4734fa4342a1cfec71e06
663939011,Fever-Tree Indian Tonic Water,Fever-Tree,0,https://www.ocado.com/products/663939011,vegan,manufacturer,https://fever-tree.com/en-gb/faqs-contact-us,https://fever-tree.com/en-gb/faqs-contact-us,1ccb3348faa4e6f961c3aabf8e40a8f1b1408f2499b147c9e39b2fdfb7d5b760,b000aa556867dec084c2af5135fc21ab1776764b39d9ddde0cf045d6a8fb9964
663940011,Fever-Tree Pink Grapefruit Soda 6x150ml,Fever-Tree,1,https://www.ocado.com/products/663940011,vegan,manufacturer,https://fever-tree.com/en-gb/faqs-contact-us,https://fever-tree.com/en-gb/faqs-contact-us,4d15a81ee4f5a6fbb13be91fc4583df98cae637b33e8ff92f52f38b02782b758,b000aa556867dec084c2af5135fc21ab1776764b39d9ddde0cf045d6a8fb9964
664006011,Ecozone PowerAction bathroom cleaner,Ecozone,1,https://www.ocado.com/products/664006011,vegan,manufacturer,https://ecozone.com/ecozone-frequently-asked-questions/,https://ecozone.com/ecozone-frequently-asked-questions/,006f40c2ad88e947ea56a27be83a4dd70c2d86715f327a1e8a6449b9fc90321d,bb46816d6ac6ac12f83e74e7d9eb03508be6c1ca870dcb19f2798e2cbf529da7
664059011,Simple Repair+ Replenish Cream Cleanser,Simple,1,https://www.ocado.com/products/664059011,vegan,manufacturer,https://www.simple.co.uk/p/repair%2B-replenishing-cream-cleanser.html/08720181705380,https://www.simple.co.uk/p/repair%2B-replenishing-cream-cleanser.html/08720181705380,15d202d2675d328a92aa87229dbd71fd864342573ef29c9204aba415c2ab9783,d3f66cdb2b9cdf6103fac2fb7fd3c1ae1e3098fb8d56b35192b47c7ff65b46cf
664060011,Simple Repair+ Rich Moisturiser Cream,Simple,1,https://www.ocado.com/products/664060011,vegan,manufacturer,https://www.simple.co.uk/p/repair%20-pro-ceramides-%20-cica-facial-moisturiser.html/08720181705373,https://www.simple.co.uk/p/repair%20-pro-ceramides-%20-cica-facial-moisturiser.html/08720181705373,a5d99914d74bbfe32342b343aaa1aac966a7dc1d64b66b50d2a9a96e985d5bc1,d3e276e484179fa4ac0ab217064d7e17d2d73e19a6af641f6466b5f53c391f32
664069011,Simple Glow+ Brightening Moisturiser Gel Cream,Simple,1,https://www.ocado.com/products/664069011,vegan,manufacturer,https://www.simple.co.uk/p/glow%20-brightening-facial-moisturiser.html/08720181709760,https://www.simple.co.uk/p/glow%20-brightening-facial-moisturiser.html/08720181709760,5e22c7a6862ef1a8f0fca18cbdc6c6fbb84eb845ce7cadaf0cc17ce55e7563d6,2859651d35441339e42d1a3a0f706527793889fbd27583fb335f1d203f677bc2
664071011,Dove Powder Anti-Perspirant Deodorant Stick,Dove,1,https://www.ocado.com/products/664071011,vegan,manufacturer,https://www.dove.com/uk/deodorants.sm.html,https://www.dove.com/uk/deodorants.sm.html,de8652a0b814993b84ea0d778fddda3a9f7cedd807c66397f38dfc26d3f8587f,263ee7fa383f0caf943b173d73c8134c1f6afba6c0005e87ab4c5bdb9dd4607e
664072011,Dove Advanced Care Original Anti-Perspirant Deodorant Stick,Dove,1,https://www.ocado.com/products/664072011,vegan,manufacturer,https://www.dove.com/uk/deodorants.sm.html,https://www.dove.com/uk/deodorants.sm.html,8a9e06690df23c2c4b9005f1907980c5bc65bfa3285b5925619a8446a86e5cfb,263ee7fa383f0caf943b173d73c8134c1f6afba6c0005e87ab4c5bdb9dd4607e
664077011,Dove Classic Anti-Perspirant Deodorant Stick,Dove,1,https://www.ocado.com/products/664077011,vegan,manufacturer,https://www.dove.com/uk/deodorants.sm.html,https://www.dove.com/uk/deodorants.sm.html,87e6e8348288aa841ccdc422690b3aac8431f2b2cce960d88ecf25c99cf68b74,263ee7fa383f0caf943b173d73c8134c1f6afba6c0005e87ab4c5bdb9dd4607e
664078011,Dove Advanced Care Invisible Anti-Perspirant Deodorant Stick,Dove,1,https://www.ocado.com/products/664078011,vegan,manufacturer,https://www.dove.com/uk/deodorants.sm.html,https://www.dove.com/uk/deodorants.sm.html,06d685073ede586f360dd8f75fae450969b9420342958c4b9dde30aa503179f6,263ee7fa383f0caf943b173d73c8134c1f6afba6c0005e87ab4c5bdb9dd4607e
664238011,Ecozone BIOActive dishwasher gel,Ecozone,1,https://www.ocado.com/products/664238011,vegan,manufacturer,https://ecozone.com/ecozone-frequently-asked-questions/,https://ecozone.com/ecozone-frequently-asked-questions/,849fbf2454c632c0b1d6141ed6166b1e4fea21c3e1c1e54a3603599ec8b36afa,bb46816d6ac6ac12f83e74e7d9eb03508be6c1ca870dcb19f2798e2cbf529da7
664239011,Ecozone BIOActive fabric softener & restorer,Ecozone,1,https://www.ocado.com/products/664239011,vegan,manufacturer,https://ecozone.com/ecozone-frequently-asked-questions/,https://ecozone.com/ecozone-frequently-asked-questions/,ec8d443ed889903497e9636e9747a5e4528d8460298bbb314e7819e10a1c9e85,bb46816d6ac6ac12f83e74e7d9eb03508be6c1ca870dcb19f2798e2cbf529da7
664240011,Ecozone PowerAction kitchen cleaner,Ecozone,1,https://www.ocado.com/products/664240011,vegan,manufacturer,https://ecozone.com/ecozone-frequently-asked-questions/,https://ecozone.com/ecozone-frequently-asked-questions/,1efd3c94c0e4034a2b37d2749b9cfe79633f4b8a8539808f1b65e88ebe92ad3f,bb46816d6ac6ac12f83e74e7d9eb03508be6c1ca870dcb19f2798e2cbf529da7
664241011,Ecozone BIOActive laundry cleaner,Ecozone,1,https://www.ocado.com/products/664241011,vegan,manufacturer,https://ecozone.com/ecozone-frequently-asked-questions/,https://ecozone.com/ecozone-frequently-asked-questions/,068ef02c9f11f5c3ae518b9214cac293ce2a317b9d3fd596c6d30738bdf96e90,bb46816d6ac6ac12f83e74e7d9eb03508be6c1ca870dcb19f2798e2cbf529da7
664242011,Ecozone BIOActive Limescale & Dirt preventor,Ecozone,1,https://www.ocado.com/products/664242011,vegan,manufacturer,https://ecozone.com/ecozone-frequently-asked-questions/,https://ecozone.com/ecozone-frequently-asked-questions/,826eefa82861d4bd43eaa83ea6e20c6e42fd109ffecdd051d1ecd46a81db3d71,bb46816d6ac6ac12f83e74e7d9eb03508be6c1ca870dcb19f2798e2cbf529da7
664243011,Ecozone BIOActive stain remover,Ecozone,1,https://www.ocado.com/products/664243011,vegan,manufacturer,https://ecozone.com/ecozone-frequently-asked-questions/,https://ecozone.com/ecozone-frequently-asked-questions/,8e20e966bd062099b4336d03775c19033fbb268544bdc3fa2c51895d2af54ff4,bb46816d6ac6ac12f83e74e7d9eb03508be6c1ca870dcb19f2798e2cbf529da7
664244011,Ecozone PowerAction washing up liquid,Ecozone,1,https://www.ocado.com/products/664244011,vegan,manufacturer,https://ecozone.com/ecozone-frequently-asked-questions/,https://ecozone.com/ecozone-frequently-asked-questions/,13266c0f3f2bdd1cc94e6c9c618de7a48f90e33e686075835e20705ff2415884,bb46816d6ac6ac12f83e74e7d9eb03508be6c1ca870dcb19f2798e2cbf529da7
664245011,Ecozone BIOActive laundry cleaner for delicates,Ecozone,1,https://www.ocado.com/products/664245011,vegan,manufacturer,https://ecozone.com/ecozone-frequently-asked-questions/,https://ecozone.com/ecozone-frequently-asked-questions/,951eeb7ddc5732ae8a8d33fdae36f8014683e066a06b79dc86857eb679a72ea7,bb46816d6ac6ac12f83e74e7d9eb03508be6c1ca870dcb19f2798e2cbf529da7
664319011,"Ecover All-In-One Power Dishwasher Tablets, 72 Tablets",Ecover,1,https://www.ocado.com/products/664319011,vegan,manufacturer,https://uk.ecover.com/faq/are-ecover-products-vegan/,https://uk.ecover.com/faq/are-ecover-products-vegan/,948d7ba35f4496038bddb697ad65477e94bc0e3ff1785202992227db776010ae,103aa905691a3d06b62fde31fb3885cd18c3b1b00f8974d57c9290d4da99eea2
664459011,Who Gives A Crap Classic Soft Mega Rolls,Who Gives a Crap,1,https://www.ocado.com/products/664459011,vegan,manufacturer,https://support.whogivesacrap.org/hc/en-gb/articles/11902182808217-Are-your-products-vegan,https://support.whogivesacrap.org/hc/en-gb/articles/11902182808217-Are-your-products-vegan,83679d3f28ace3cf446cfba8f7df0f232eb701fae54a3e865f60a688a6586c8c,d39c87775670d686d45cffbf4d8670dddeff53aa1e754dae33d63e3ae341572b
664460011,Who Gives A Crap Extra Soft Limited Edition Mega Rolls,Who Gives a Crap,1,https://www.ocado.com/products/664460011,vegan,manufacturer,https://support.whogivesacrap.org/hc/en-gb/articles/11902182808217-Are-your-products-vegan,https://support.whogivesacrap.org/hc/en-gb/articles/11902182808217-Are-your-products-vegan,211efdb29e91db94bea83639f69cce697fba25c1903ea39927c08e3c81b40920,d39c87775670d686d45cffbf4d8670dddeff53aa1e754dae33d63e3ae341572b
664461011,Who Gives A Crap Extra Soft Mega Rolls,Who Gives a Crap,1,https://www.ocado.com/products/664461011,vegan,manufacturer,https://support.whogivesacrap.org/hc/en-gb/articles/11902182808217-Are-your-products-vegan,https://support.whogivesacrap.org/hc/en-gb/articles/11902182808217-Are-your-products-vegan,4d26e46e920e28eb4480272ec1349f7204d3559204964957d6b931c9300cd552,d39c87775670d686d45cffbf4d8670dddeff53aa1e754dae33d63e3ae341572b
664462011,Who Gives A Crap Soft & Strong Facial Tissues,Who Gives a Crap,1,https://www.ocado.com/products/664462011,vegan,manufacturer,https://support.whogivesacrap.org/hc/en-gb/articles/11902182808217-Are-your-products-vegan,https://support.whogivesacrap.org/hc/en-gb/articles/11902182808217-Are-your-products-vegan,eb451ffa611fea2603e28205cba03962cfde51c0edcdb1cad6c9278952aa9ddd,d39c87775670d686d45cffbf4d8670dddeff53aa1e754dae33d63e3ae341572b
664570011,Sanex Skin Therapy Anti-Irritation Body Wash Shower Gel 450ml,Sanex,1,https://www.ocado.com/products/664570011,vegan,manufacturer,https://www.sanex.co.uk/products/shower/sanex-skin-therapy-anti-itchiness-and-anti-irritation-shower-cream,https://www.sanex.co.uk/products/shower/sanex-skin-therapy-anti-itchiness-and-anti-irritation-shower-cream,987554fd39a9d3cd9b375e2303ebdf5edf71559d3e7354d858eb56f6aa494101,a7fbdcfecc4f78ad28b88feec1cd4ba3d780b3e394456c07af5702bc95d3cc8d
664571011,Sanex Skin Therapy Anti-Dryness Body Wash Shower Gel 450ml,Sanex,1,https://www.ocado.com/products/664571011,vegan,manufacturer,https://www.sanex.co.uk/products/shower/sanex-skin-therapy-anti-dryness-shower-cream,https://www.sanex.co.uk/products/shower/sanex-skin-therapy-anti-dryness-shower-cream,032424d446a146fff292d0b97cbf2be1c73a536baa45133272e065bca1a7b046,863d92e75f9f14dfb3a36f80ec09314edeb6613aa6a3cb52255296b9022e1f5d
664698011,Method Fabric Softener Tropical Coconut,Method,1,https://www.ocado.com/products/664698011,vegan,manufacturer,https://methodproducts.co.uk/about-us/faq/,https://methodproducts.co.uk/about-us/faq/,4d25405efdbc25607bd5c10f2529e22181d35697b07136c70bb5f43dc16f40a7,746e77346138f37e5f7008edf1df397fd577b7a48ed80d68554f2247288a0e12 af56d2c5ebe196f060f2be37c35644dbed4abf1f9a6f9ee93ddb6e9b289ba122
664699011,Method Fabric Softener Peony Blush,Method,1,https://www.ocado.com/products/664699011,vegan,manufacturer,https://methodproducts.co.uk/about-us/faq/,https://methodproducts.co.uk/about-us/faq/,4615a447c2b0f68d774310fdebd4ad8c60aa366ba6990be5e74d31ad57588b5a,746e77346138f37e5f7008edf1df397fd577b7a48ed80d68554f2247288a0e12 af56d2c5ebe196f060f2be37c35644dbed4abf1f9a6f9ee93ddb6e9b289ba122
664700011,Method Fabric Softener Berry,Method,1,https://www.ocado.com/products/664700011,vegan,manufacturer,https://methodproducts.co.uk/about-us/faq/,https://methodproducts.co.uk/about-us/faq/,37a7b145020a997bec1d8acec51eef219674b2266dce9680f4c5b9c65c7809b1,746e77346138f37e5f7008edf1df397fd577b7a48ed80d68554f2247288a0e12 af56d2c5ebe196f060f2be37c35644dbed4abf1f9a6f9ee93ddb6e9b289ba122
664702011,Sacla' Fiery Chilli Pasta Pot,Sacla,0,https://www.ocado.com/products/664702011,vegan,manufacturer,https://www.sacla.co.uk/products/fiery-chilli-pasta-pot,https://www.sacla.co.uk/products/fiery-chilli-pasta-pot,7650205f352dc78558afa93b91dedba2adcbf66237ffe300b948e30eb623b9d1,05ece2649833cb785ba30e17c91b3c48624e61db8e8b2a4ac4b767148f8d64ea
664703011,Sacla' Creamy Tomato Pasta Pot,Sacla,1,https://www.ocado.com/products/664703011,vegan,manufacturer,https://www.sacla.co.uk/collections/vegan/products/creamy-tomato-pasta-pot,https://www.sacla.co.uk/collections/vegan/products/creamy-tomato-pasta-pot,5401188fd889b78c4a871b1e605727b0d22728aee859c0da46a2ef54208d8d7f,33de23eae760565f27042656b6d70ecd4ee8f09e672f151fb604d25c9257b7bd
664704011,Method Concentrated Laundry Liquid Peony Blush,Method,1,https://www.ocado.com/products/664704011,vegan,manufacturer,https://methodproducts.co.uk/about-us/faq/,https://methodproducts.co.uk/about-us/faq/,2b3f26ed987778ee71e5251ac809a36ab79f385ed2dd80745aedb158950d9f9c,746e77346138f37e5f7008edf1df397fd577b7a48ed80d68554f2247288a0e12 af56d2c5ebe196f060f2be37c35644dbed4abf1f9a6f9ee93ddb6e9b289ba122
664705011,Method Concentrated Laundry Liquid Tropical Coconut,Method,1,https://www.ocado.com/products/664705011,vegan,manufacturer,https://methodproducts.co.uk/about-us/faq/,https://methodproducts.co.uk/about-us/faq/,04b98ef6037cb44591a7def1eb6f0d3716b720c0e05d3b249c578a92efed4adb,746e77346138f37e5f7008edf1df397fd577b7a48ed80d68554f2247288a0e12 af56d2c5ebe196f060f2be37c35644dbed4abf1f9a6f9ee93ddb6e9b289ba122
664706011,Method Concentrated Laundry Liquid Berry,Method,1,https://www.ocado.com/products/664706011,vegan,manufacturer,https://methodproducts.co.uk/about-us/faq/,https://methodproducts.co.uk/about-us/faq/,b03c17277afbd88dbc2d7a8e6bee4ffab80b8a736fbd440657b32fb626301f9a,746e77346138f37e5f7008edf1df397fd577b7a48ed80d68554f2247288a0e12 af56d2c5ebe196f060f2be37c35644dbed4abf1f9a6f9ee93ddb6e9b289ba122
664779011,M&S Rose Shower Cream,M&S,1,https://www.ocado.com/products/664779011,vegan,manufacturer,https://www.marksandspencer.com/rose-shower-cream-250ml/p/hbp60519493,https://www.marksandspencer.com/rose-shower-cream-250ml/p/hbp60519493,88181badef2aa67f2703906c0cddb2e1e39259f7b8080e84d11329277152679e,5f7ddfd97a26d58792d2492c91b4bdaf9872fea950a62cb0cad31a0b07c672a5
664780011,M&S Rose Soap Trio,M&S,1,https://www.ocado.com/products/664780011,vegan,manufacturer,https://www.marksandspencer.com/set-of-3-rose-soaps/p/hbp60291694,https://www.marksandspencer.com/set-of-3-rose-soaps/p/hbp60291694,ff9762eeaaf25508382d2519ae338c9450c93b449d97315477c85b97fa5b559a,4e2475401230c2ac496258ea6a9607e07d0913201861d3515a9f7044db9be0ce
664781011,M&S Lavender Shower Cream,M&S,1,https://www.ocado.com/products/664781011,vegan,manufacturer,https://www.marksandspencer.com/lavender-shower-cream-250ml/p/hbp60519451,https://www.marksandspencer.com/lavender-shower-cream-250ml/p/hbp60519451,3ad4ebc8a490a7119f7cb8e2ce2d192601a6e178b439d7e58fb538048ffd429c,f6d2f8d89f77d443ea45e773177c4322ad4e1a26ebcb21af6a849cb8d9cd31c0
665165011,Plenish Ginger Energy Shot,PLENISH,0,https://www.ocado.com/products/665165011,vegan,manufacturer,https://www.plenishdrinks.com/,https://www.plenishdrinks.com/,70b29c22f0a0b5f238d580eccc41ef0ea452122258e27da53eeb75f8a83feb95,d0f3e8090b99183e0ffd18bd926f5455021c7d4e674a0c2ca9e26a86130a3cba
665167011,Plenish Ginger Dosing Bottle 7x Shots,PLENISH,1,https://www.ocado.com/products/665167011,vegan,manufacturer,https://www.plenishdrinks.com/,https://www.plenishdrinks.com/,9fccb5d3d48de3eaffc22c2260a34c04bcd0808cdc8ee6beef56f4d547afc149,d0f3e8090b99183e0ffd18bd926f5455021c7d4e674a0c2ca9e26a86130a3cba
665168011,Plenish Fiery Mango Dosing Bottle 7x Shots,PLENISH,1,https://www.ocado.com/products/665168011,vegan,manufacturer,https://www.plenishdrinks.com/,https://www.plenishdrinks.com/,28bad7e468ec53bd3820b6a3c3c8df0b9161cfa929715c68ed1df8e65c234c4c,d0f3e8090b99183e0ffd18bd926f5455021c7d4e674a0c2ca9e26a86130a3cba
665169011,Plenish Turmeric Dosing Bottle 7x Shots,PLENISH,1,https://www.ocado.com/products/665169011,vegan,manufacturer,https://www.plenishdrinks.com/,https://www.plenishdrinks.com/,4427f6ec100dd354accf7aee73f1025eca9991f9df0cc43daf1ba85ee25dc3a0,d0f3e8090b99183e0ffd18bd926f5455021c7d4e674a0c2ca9e26a86130a3cba
665184011,Wilkinson Sword Sensitive Aftershave Lotion for Men,Wilkinson Sword,1,https://www.ocado.com/products/665184011,vegan,manufacturer,https://www.wilkinsonsword.com/products/sensitive-aftershave-lotion-100ml?variant=43831108501561,https://www.wilkinsonsword.com/products/sensitive-aftershave-lotion-100ml?variant=43831108501561,8dd51797cf742c90fa38a734e4820248080138ab2a038d28a930e67f8054010a,be6f0b9e99602e57b7e5e88a067320c360be6592567ea4de96d2273165ece1bc
665186011,Wilkinson Sword Sensitive Shave Foam for Men,Wilkinson Sword,1,https://www.ocado.com/products/665186011,vegan,manufacturer,https://www.wilkinsonsword.com/products/sensitive-shave-foam-200ml,https://www.wilkinsonsword.com/products/sensitive-shave-foam-200ml,8c98e5423c30f9e71202eee5d5f7ec0e2586ce64f4ed74c70542df7dc37a5d56,021ef10b20bfa2dbf427b7c79f8ad41c71543961e64dcb997d70dbade37f9f3b
665190011,M&S Collection Rose Hand Wash,M&S,0,https://www.ocado.com/products/665190011,vegan,manufacturer,https://www.marksandspencer.com/rose-hand-wash-250ml/p/hbp60519485,https://www.marksandspencer.com/rose-hand-wash-250ml/p/hbp60519485,f1df1eef3a57f531a3bdb75982d008b833cb25aa6137653316a272173d2c4eba,6fb1b5df5f9edbf2f081bd521d8bd039f7f7429e251c84ac8d3a62ade05ab5d8
665191011,M&S Lavender Hand Wash,M&S,1,https://www.ocado.com/products/665191011,vegan,manufacturer,https://www.marksandspencer.com/lavender-hand-wash-250ml/p/hbp60519496,https://www.marksandspencer.com/lavender-hand-wash-250ml/p/hbp60519496,b973a927b13cdd2601fb97722e5edcd0867f37f6abb9c4d39c6e607aab6e0667,85fe8a8bec512964013fcb8875ea933ef16af34b5cdc4aff0929b3d3804f6eef
665429011,Sukin Natural Actives Brightening Serum,Sukin,1,https://www.ocado.com/products/665429011,vegan,manufacturer,https://sukinnaturals.co.uk/pages/brand-values,https://sukinnaturals.co.uk/pages/brand-values,af8185326b386fce7969d4126423c8519a92c03dd633e6d5df81b68ff5dcd830,d71661a2bad3e55c57f5013d2f2c9901d5e2214c881c137292626e2cb07e5529
665430011,Sukin Natural Actives Hydrating Serum,Sukin,1,https://www.ocado.com/products/665430011,vegan,manufacturer,https://sukinnaturals.co.uk/pages/brand-values,https://sukinnaturals.co.uk/pages/brand-values,0ef813c2bbc455575735e9742a0bcea5f67e53ebf737296aff9cc7de5de9b90b,d71661a2bad3e55c57f5013d2f2c9901d5e2214c881c137292626e2cb07e5529
665431011,Sukin Natural Actives Pro Collagen Serum,Sukin,1,https://www.ocado.com/products/665431011,vegan,manufacturer,https://sukinnaturals.co.uk/pages/brand-values,https://sukinnaturals.co.uk/pages/brand-values,fedf4b5cd6d374702121c0053f849be24097d6c210c26f222b73504415379f03,d71661a2bad3e55c57f5013d2f2c9901d5e2214c881c137292626e2cb07e5529
665432011,Sukin Bond Build Repair Conditioner,Sukin,1,https://www.ocado.com/products/665432011,vegan,manufacturer,https://sukinnaturals.co.uk/pages/brand-values,https://sukinnaturals.co.uk/pages/brand-values,0cd26531661630282b68e7bd80a7afb8bfb52b53ee02d7d41a7abe4388845f1f,d71661a2bad3e55c57f5013d2f2c9901d5e2214c881c137292626e2cb07e5529
665433011,Sukin Bond Build Repair Shampoo,Sukin,1,https://www.ocado.com/products/665433011,vegan,manufacturer,https://sukinnaturals.co.uk/pages/brand-values,https://sukinnaturals.co.uk/pages/brand-values,4f6d1f1829011e1d4e3576deca8c399beb7bd98ef380bfccb8c9cf2dfc5b68a3,d71661a2bad3e55c57f5013d2f2c9901d5e2214c881c137292626e2cb07e5529
665954011,Oato Fresh Barista Whole Oat Milk Alternative 1L,Oato,1,https://www.ocado.com/products/665954011,vegan,manufacturer,https://www.oato.co.uk/product-page,https://www.oato.co.uk/product-page,3e56afeebdfef6ee298f751ca033170529b8ceeb252f1de55e838cc16bec4984,1f444a415677f7d8788aa124fef34995f811af57a465f9b1e25a88c8867d622c a1c25d4daf4db46adbb0d14e68ecef22e76f7951d0326d34b25e0c9a743f9d14
666420011,Fever-Tree Refreshingly Light Indian Tonic Water 24x150ml,Fever-Tree,0,https://www.ocado.com/products/666420011,vegan,manufacturer,https://fever-tree.com/en-gb/faqs-contact-us,https://fever-tree.com/en-gb/faqs-contact-us,4f6e5c31c353f1ecf80720ff2df59c5f373e8bf006855948d4b58aeb8cab7fcf,b000aa556867dec084c2af5135fc21ab1776764b39d9ddde0cf045d6a8fb9964
666421011,Fever-Tree Refreshingly Light Mediterranean Tonic Water,Fever-Tree,0,https://www.ocado.com/products/666421011,vegan,manufacturer,https://fever-tree.com/en-gb/faqs-contact-us,https://fever-tree.com/en-gb/faqs-contact-us,e1360b35a7269a94bfc958c6379e61745673a6464ee9404e8ddb570710083c0d,b000aa556867dec084c2af5135fc21ab1776764b39d9ddde0cf045d6a8fb9964
666755011,Pentire Coastal Spritz,Pentire,1,https://www.ocado.com/products/666755011,vegan,manufacturer,https://pentiredrinks.com/pages/faqs,https://pentiredrinks.com/pages/faqs,14178fafeed491f27a7bba6659d39ef10208b87c5fc941181d37f44fe4a86489,2687ca64a680903e22e03df36685028c37d30fa0b258add43b73d4552031ddb6 4800cc11d88ac015e804f9491ea1bceb6a5147e9e1c422f2db55a1704103384d
666756011,Pentire Non Alcoholic Paloma Cocktail Cans,Pentire,1,https://www.ocado.com/products/666756011,vegan,manufacturer,https://pentiredrinks.com/pages/faqs,https://pentiredrinks.com/pages/faqs,846b2a0f54c0632019a25547a92d088631c0b9f7de345fdb74ececdffaa8ba44,2687ca64a680903e22e03df36685028c37d30fa0b258add43b73d4552031ddb6 20eb30c5e9978b1237bc05de88b98f12c0ad614f23e74354149af4ee5e650073
666975011,London Essence Co.Pink Grapefruit Soda,London Essence Co.,0,https://www.ocado.com/products/666975011,vegan,manufacturer,https://www.britvic.com/our-brands/,https://www.britvic.com/our-brands/,1646bbecb8987a0a93cca56bd3ec1ce8754ccce44d1d1fb11b7eeaea8c40c52a,024f31d7d733716dba3d8407112adc5a24a08a2e943ea6dd1d9332db2311da06 84facf9b9104ceb84ce004e953e207fccd7270f47aa153262396b44b3723d418 f34deaeb11879f2f72b00954a3e513f3c5103f841ea80bb7dd64d1d596750f72
667062011,Fever-Tree Refreshingly Light Premium Lemonade,Fever-Tree,0,https://www.ocado.com/products/667062011,vegan,manufacturer,https://fever-tree.com/en-gb/faqs-contact-us,https://fever-tree.com/en-gb/faqs-contact-us,44348bba5149b3692eb63fbedd98a91f496e27fcdad6a0d8bb6fef0a3c4efcd3,b000aa556867dec084c2af5135fc21ab1776764b39d9ddde0cf045d6a8fb9964
667063011,Fever-Tree Refreshingly Light Ginger Ale,Fever-Tree,0,https://www.ocado.com/products/667063011,vegan,manufacturer,https://fever-tree.com/en-gb/faqs-contact-us,https://fever-tree.com/en-gb/faqs-contact-us,2be16a02dd43bc9904f8b176974ab640d9128bd84ee031b9706017fcf25d29e7,b000aa556867dec084c2af5135fc21ab1776764b39d9ddde0cf045d6a8fb9964
667113011,"Ecover All-In-One Power Dishwasher Tablets, 24 Tablets",Ecover,1,https://www.ocado.com/products/667113011,vegan,manufacturer,https://uk.ecover.com/faq/are-ecover-products-vegan/,https://uk.ecover.com/faq/are-ecover-products-vegan/,a776bfa774a368bf5ce4c9ce71ec78e8a7a3fd38770601bfd4dcb08b09312bd9,103aa905691a3d06b62fde31fb3885cd18c3b1b00f8974d57c9290d4da99eea2
667114011,"Ecover All-In-One Power Dishwasher Tablets, 45 Tablets",Ecover,1,https://www.ocado.com/products/667114011,vegan,manufacturer,https://uk.ecover.com/faq/are-ecover-products-vegan/,https://uk.ecover.com/faq/are-ecover-products-vegan/,7a2d60b63c56b3c29cec7c5b24e4b43785c52adc843e2e24b75fa059687f8a2a,103aa905691a3d06b62fde31fb3885cd18c3b1b00f8974d57c9290d4da99eea2
667117011,Method All Purpose Deep House Cleaner,Method,1,https://www.ocado.com/products/667117011,vegan,manufacturer,https://methodproducts.co.uk/about-us/faq/,https://methodproducts.co.uk/about-us/faq/,313875c38153d018eefa9f79e7b8a0dcd01a19c6f84d84cf236410042c610010,746e77346138f37e5f7008edf1df397fd577b7a48ed80d68554f2247288a0e12 af56d2c5ebe196f060f2be37c35644dbed4abf1f9a6f9ee93ddb6e9b289ba122
667798011,Garnier Vitamin C Anti-Dark Spot Serum,Garnier,1,https://www.ocado.com/products/667798011,vegan,manufacturer,https://www.garnier.co.uk/our-brands/skin-care/vitamin-c/garnier-vitamin-c-brightening-serum,https://www.garnier.co.uk/our-brands/skin-care/vitamin-c/garnier-vitamin-c-brightening-serum,29c3bf303ce693b9848a42d7273ed214c55d998150b5b50b8606da729ed80144,e6adb71e8cc5db94391d3da118b9d30a1f91b4cce6879f0ad666376aea3c4c42
667849011,Garnier 1/2 Million Probiotic Fractions Repairing Eye Mask,Garnier,1,https://www.ocado.com/products/667849011,vegan,manufacturer,https://www.garnier.co.uk/our-brands/skin-care/sheetmasks/probiotic-repairing-eye-sheet-mask,https://www.garnier.co.uk/our-brands/skin-care/sheetmasks/probiotic-repairing-eye-sheet-mask,6a0ce546db4690dacb3ff4fa99e1bf892f90df937081b4321f98d55e3a068c67,3cdc323db73e960d77fc7861d77bb43079eeed2ad8b627b5da4862676ca77c93
667970011,Seep Large Bin Liners 70l,Seep,1,https://www.ocado.com/products/667970011,vegan,manufacturer,https://theseepcompany.com/pages/faqs,https://theseepcompany.com/pages/faqs,7566c532fffb0edb9b9232e51fc7ef068d9aeb45efa1609c8217c1c494683d16,26938c23e54b6f9b21d4c0c9c2ac6dc35748a395929a3ac7aff335bdbbcdfdab
667971011,Seep Large Bin Liners 50l,Seep,0,https://www.ocado.com/products/667971011,vegan,manufacturer,https://theseepcompany.com/pages/faqs,https://theseepcompany.com/pages/faqs,71f8862e8f30b3391a0b18714620d80583315d751d60d75d15f6523329f497f7,26938c23e54b6f9b21d4c0c9c2ac6dc35748a395929a3ac7aff335bdbbcdfdab
667974011,Seep Garden Waste Bags 90l,Seep,1,https://www.ocado.com/products/667974011,vegan,manufacturer,https://theseepcompany.com/pages/faqs,https://theseepcompany.com/pages/faqs,594d9e45a9142d346b7a28ffa51e5fa2cbc4f42edc8dec55e638e78af3827aba,26938c23e54b6f9b21d4c0c9c2ac6dc35748a395929a3ac7aff335bdbbcdfdab
667975011,Seep Pop-Up Sponges Plastic Free,Seep,1,https://www.ocado.com/products/667975011,vegan,manufacturer,https://theseepcompany.com/pages/faqs,https://theseepcompany.com/pages/faqs,48583902eccbbd8d60e7ddcafa5303bed6159945fa8190fc5e4bbec698aee6d9,26938c23e54b6f9b21d4c0c9c2ac6dc35748a395929a3ac7aff335bdbbcdfdab
667976011,Seep Copper Scourer,Seep,1,https://www.ocado.com/products/667976011,vegan,manufacturer,https://theseepcompany.com/pages/faqs,https://theseepcompany.com/pages/faqs,6cf21a809e06b67a33cf0e169e78e29743a95d925639ae33b8e10242bdaf28cd,26938c23e54b6f9b21d4c0c9c2ac6dc35748a395929a3ac7aff335bdbbcdfdab
669409011,Weleda Rosemary Shampoo Silicone and Sulphate Free,Weleda,1,https://www.ocado.com/products/669409011,vegan,manufacturer,https://www.weleda.co.uk/product/revitalising-shampoo-rosemary-g005095,https://www.weleda.co.uk/product/revitalising-shampoo-rosemary-g005095,1dfdad23218eaece4136dd10f5521f974562ace7889e78e8c5973d0e653e10b9,435f22e049e5c809fb636d866fec679614d169db007522611f46d68d6e4319a4
669416011,Weleda Skin Food Natural Radiance Glow Drops 100% Natural Origin,Weleda,1,https://www.ocado.com/products/669416011,vegan,manufacturer,https://www.weleda.co.uk/content/booster-serum-drops,https://www.weleda.co.uk/content/booster-serum-drops,19d5d7d6b58cfb06b0996fa2e8fa3e6d16c25ec3a23f747d2babc41860199325,546f6635c9ed2ccd6b690136f900ff649cdeb331f66ffdcac61bad32923477e8
669764011,TRIP Mindful Blend Wild Strawberry,Trip,1,https://www.ocado.com/products/669764011,vegan,manufacturer,https://tripdrinks.co.uk/,https://tripdrinks.co.uk/,7fb212023c696acf4c3ceed3edc1deaf955f88eded6cdfa5e4851bcbd98ada20,97b5fd852918c28e7af433102ef01d778afcbf40ffb7923a63db02fd46b9fb38
669833011,Dove Men+Care Clean Comfort Body Wash Shower Gel Travel Size,Dove,1,https://www.ocado.com/products/669833011,vegan,manufacturer,https://www.dove.com/uk/p/men-care-clean-comfort-body-wash.sm.html/08717644683149,https://www.dove.com/uk/p/men-care-clean-comfort-body-wash.sm.html/08717644683149,e9162d255bff68cc2823df690d1800ca4b13ae86957871eeab00b4a5ca9a80be,28e11834b55d19f209d70c25f6a106b8749190d3719cfc8cb74643587516d076
669834011,Dove Deeply Nourishing Advanced Care Body Wash Shower Gel Travel Size,Dove,1,https://www.ocado.com/products/669834011,vegan,manufacturer,https://www.dove.com/uk/collections/body-wash-collection.sm.html,https://www.dove.com/uk/collections/body-wash-collection.sm.html,7884b74df202d1e505b9a96c82b7578f3ef74286229fa1a31db779033b1370b2,e073196d5b816997a79ccfbf59d3bcfcd3165cc5a4eb0e33a29db92ad8476fae
669854011,Waken Advanced Care Toothpaste,Waken,1,https://www.ocado.com/products/669854011,vegan,manufacturer,https://wakencare.com/blogs/news/the-waken-way-what-thoughtful-oral-care-looks-like,https://wakencare.com/blogs/news/the-waken-way-what-thoughtful-oral-care-looks-like,8189b54f58a875419ba81fcef6957a8298e3b4ac8b24dbccabf960a79e9aa296,d0d5f56681350a0befcd2ab4cc959572f53d77756a9a7fff640e9896f3ee33f3
669855011,Waken Enamel Care Toothpaste,Waken,1,https://www.ocado.com/products/669855011,vegan,manufacturer,https://wakencare.com/blogs/news/the-waken-way-what-thoughtful-oral-care-looks-like,https://wakencare.com/blogs/news/the-waken-way-what-thoughtful-oral-care-looks-like,e98ddae15407e85bf7308feb3b71885ee3bc273084993cb4c4c90f61a22b2bfb,d0d5f56681350a0befcd2ab4cc959572f53d77756a9a7fff640e9896f3ee33f3
670219011,Grace Plantain Chips Paprika,Grace,1,https://www.ocado.com/products/670219011,vegan,manufacturer,https://www.gracefoods.co.uk/products/paprika-plantain-chips,https://www.gracefoods.co.uk/products/paprika-plantain-chips,791826474e428b9e21f8211dfa87fb658af29bc9951a76485af16ba5e25e0ab0,1a7b1f0f69ef5cff9ca7572e26acd013f17b6cbdcaf8c481a0ced7f05c2d469f
670364011,Alpro Barista Cinnamon Roll Chilled Dairy Alternative Drink,Alpro,0,https://www.ocado.com/products/670364011,vegan,manufacturer,https://www.alpro.com/en-gb/articles/plant-based-alternatives-to-milk-for-your-tea,https://www.alpro.com/en-gb/articles/plant-based-alternatives-to-milk-for-your-tea,a3eaae0e915ee5dc3af2e299f0a63edb94e6315c9d6c31fe2181baa3f9d286e2,af77a2cfe4fc7dd857fffa239bc0deee95c5b93d791071d58a2e58929eb93d1d
670376011,Wild Sage Refillable Body Wash Case,Wild,1,https://www.ocado.com/products/670376011,vegan,manufacturer,https://support.wearewild.com/hc/en-gb/articles/360021843960-Is-Wild-a-vegan-company,https://support.wearewild.com/hc/en-gb/articles/360021843960-Is-Wild-a-vegan-company,dd2fee6c2269ef097f07c8fb4afd30b7c89641c93f9261fe928f3ade859c56b0,bab228b241618a0f0005c2dc3e234283b75c8588db6bfc068d483937cd7d8736 ad18b4c2f9f961cd32aba924f3679d5acd6929cab00cba6591ff1b11a7c5a719
670436011,Oatly Matcha Latte,Oatly,1,https://www.ocado.com/products/670436011,vegan,manufacturer,https://www.oatly.com/en-gb/random-answers,https://www.oatly.com/en-gb/random-answers,cc03bc72af91388def0efbbc3e93c30a1bc14c6e07307cfa3fc83e48edcfb202,8a4820af2d8eb4ff7c5cb9e02eff1901ef1e57b63fbe48ba1366bb0ec9b9602f
670583011,Alpro Kids Oat Chocolate Long Life Dairy Free Drink,Alpro,1,https://www.ocado.com/products/670583011,vegan,manufacturer,https://www.alpro.com/en-gb/articles/plant-based-alternatives-to-milk-for-your-tea,https://www.alpro.com/en-gb/articles/plant-based-alternatives-to-milk-for-your-tea,75bb4cd68d0bc8bcd7389732a937d055cebb8ea828794a76b240bd3d2ebf08b3,af77a2cfe4fc7dd857fffa239bc0deee95c5b93d791071d58a2e58929eb93d1d
670584011,Alpro Kids Soya Strawberry Long Life Drink,Alpro,1,https://www.ocado.com/products/670584011,vegan,manufacturer,https://www.alpro.com/en-gb/articles/plant-based-alternatives-to-milk-for-your-tea,https://www.alpro.com/en-gb/articles/plant-based-alternatives-to-milk-for-your-tea,8cbf1cdf172eb230770c99670fa863f958d7f995dc89fcc8076d9f232340a8b9,af77a2cfe4fc7dd857fffa239bc0deee95c5b93d791071d58a2e58929eb93d1d
670645011,Plenish Kids Strawberry Shot Multipack,PLENISH,0,https://www.ocado.com/products/670645011,vegan,manufacturer,https://www.plenishdrinks.com/,https://www.plenishdrinks.com/,582ec9b6fd276bff869515c386dbf736d8adb0253ce5e8f113fd4605caf89dbe,d0f3e8090b99183e0ffd18bd926f5455021c7d4e674a0c2ca9e26a86130a3cba
670646011,Plenish Kids Mango Shot Multipack,PLENISH,1,https://www.ocado.com/products/670646011,vegan,manufacturer,https://www.plenishdrinks.com/,https://www.plenishdrinks.com/,1493371071a65973b85230c05a8a150972889c56023f18aa2ef7a16bf0828e34,d0f3e8090b99183e0ffd18bd926f5455021c7d4e674a0c2ca9e26a86130a3cba
670647011,Plenish Kids Strawberry Shot,PLENISH,0,https://www.ocado.com/products/670647011,vegan,manufacturer,https://www.plenishdrinks.com/,https://www.plenishdrinks.com/,7ef945c1b53d85a9c3582b2e6f9a158f495c1efa13b1e413feae15eec8222694,d0f3e8090b99183e0ffd18bd926f5455021c7d4e674a0c2ca9e26a86130a3cba
670648011,Plenish Kids Mango Shot,PLENISH,1,https://www.ocado.com/products/670648011,vegan,manufacturer,https://www.plenishdrinks.com/,https://www.plenishdrinks.com/,f38069dade75aee937f1ac0fbdd8ca2f2dbdd737f1143dfbeca438464f3e0545,d0f3e8090b99183e0ffd18bd926f5455021c7d4e674a0c2ca9e26a86130a3cba
671353011,Heinz Fish and Chips Sauce 400ml,Heinz,1,https://www.ocado.com/products/671353011,vegan,manufacturer,https://heinztohome.co.uk/p/heinz-fish-and-chips-sauce-400ml/16174426/,https://heinztohome.co.uk/p/heinz-fish-and-chips-sauce-400ml/16174426/,168baca50e69111b8e64993afe12681d0bddb8ef7da0017397c9746ae2a36c16,2da868b8718a493e75639d9a4ec2dd09887474f978a2d69503383cf581a53295
671619011,M&S Rainbow Star Sprinkles,M&S,1,https://www.ocado.com/products/671619011,vegan,manufacturer,https://www.marksandspencer.com/food/rainbow-star-sprinkles/p/fdp60765219,https://www.marksandspencer.com/food/rainbow-star-sprinkles/p/fdp60765219,9c807a1bfc829ca32e978e4b1893c1c41a2d2868c4e976c21a0d81273fb06504,6ca4f13b561d0c33e5c9a6b00caa0fe752202b1972fef435235e107c2535786c
671731011,Plenish Enriched Oat Milk,PLENISH,1,https://www.ocado.com/products/671731011,vegan,manufacturer,https://www.plenishdrinks.com/,https://www.plenishdrinks.com/,d86aaeee9bc62b706c3fd21b170a49e0f8880db419236d15b73b27d4d1c659b0,d0f3e8090b99183e0ffd18bd926f5455021c7d4e674a0c2ca9e26a86130a3cba
672205011,This Works In Transit Vit C Serum,This Works,1,https://www.ocado.com/products/672205011,vegan,manufacturer,https://www.thisworks.com/products/in-transit-vit-c-serum,https://www.thisworks.com/products/in-transit-vit-c-serum,3337b404b7f6b60399040ff62be4eb2a6e163d8172a8e3e580deb24db72cc931,e7385eb2fc0b64c76f62ec8396e64b25734216a631feb00935f13851a7637996
673181011,Pip & Nut Protein Dark Chocolate Peanut Bars,Pip & Nut,1,https://www.ocado.com/products/673181011,vegan,manufacturer,https://www.pipandnut.com/pages/protein-bars,https://www.pipandnut.com/pages/protein-bars,c80a61203aa6ca06c57efad8152be1d834b3e81c8cee958277837862f71379d7,efd0da193020a1f9a51bd6a0a0b7a1e48df71326e8874bd0e66fa98390856f1f
673410011,Bundaberg Ginger Beer,Bundaberg,1,https://www.ocado.com/products/673410011,vegan,manufacturer,https://www.bundaberg.com/en-GB/faqs/,https://www.bundaberg.com/en-GB/faqs/,0e5b4b2ce8ab08590091c0748a748da47d0e6734d506319370150b54c741b6b5,436402d2d3c48b710ec90f130ad97b85e0e74bdfdccf5152e4faea743a4d0106 72186706fbc0884e0f30e92ae75c5328ea1986e247928aa6cce45d94975d39a8
673414011,Rio Tropical,Rio,1,https://www.ocado.com/products/673414011,vegan,manufacturer,https://drinkrio.com/pages/faqs,https://drinkrio.com/pages/faqs,374f1edd7f2eda13562f0ed03ecd219dc0520c1eb5e92356d67c7b4a3c631224,64ee120bdf2b7460b9b70894a9b277d4692f451326688d7caa7891798bd0b897 d92fea1940291f0abfceb61496e275e42fa7d2d3ef7e09ef8ad228953b524946
673798011,Boucleme Curl Defence Spray,Boucleme,1,https://www.ocado.com/products/673798011,vegan,manufacturer,https://www.boucleme.co.uk/products/curl-defence-spray,https://www.boucleme.co.uk/products/curl-defence-spray,d81c5e7c9bf9415d2338e9511bca5f26b24ea8365cf8c4c979ea2c92192872c5,d6e5ee28a2e5c4789b1248bf8cb345f8092879ac88804b9e9f8a5a676f75f976 94531ad897739f917b80ff0f72dcc03bc4a6480669453a241fe4a5828991c421 2b39f50ace8fb7642833390b6c0f5f53421f57b58cebaafc38153ca739874365
673799011,Boucleme Flexible Hold Hairspray,Boucleme,1,https://www.ocado.com/products/673799011,vegan,manufacturer,https://www.boucleme.co.uk/products/flexible-hold-hair-spray,https://www.boucleme.co.uk/products/flexible-hold-hair-spray,a4e13e9f91fb312431ed4a4c1f3748a7e7b416a641896b758de10280c8942bfc,836aa66e27f6d3d8ae7ca30a86addc77873be9f8e076db8fd01474e71a44f871 94531ad897739f917b80ff0f72dcc03bc4a6480669453a241fe4a5828991c421 2b39f50ace8fb7642833390b6c0f5f53421f57b58cebaafc38153ca739874365
674063011,BOS Organic Watermelon & Mint Rooibos Iced Tea,BOS,1,https://www.ocado.com/products/674063011,vegan,manufacturer,https://www.bosbrands.com/uk/,https://www.bosbrands.com/uk/,75ee151d41d38730029899e82bdeb785e7c85e8f1f94287dae3fed4defea3d14,50238f4d5cdcb40d6132dfdc212e4c6f2a5bbdf1478d72f0fb75787830e4bee2
674064011,BOS Organic Sugar Free Lemon Rooibos Iced Tea,BOS,1,https://www.ocado.com/products/674064011,vegan,manufacturer,https://www.bosbrands.com/uk/,https://www.bosbrands.com/uk/,c19bdc76b83e7b9793608bc5cbb8c5c189a3f9f6c0f69ac2575d5f145126e5fa,50238f4d5cdcb40d6132dfdc212e4c6f2a5bbdf1478d72f0fb75787830e4bee2
674065011,BOS Organic Lime & Ginger Rooibos Iced Tea,BOS,1,https://www.ocado.com/products/674065011,vegan,manufacturer,https://www.bosbrands.com/uk/,https://www.bosbrands.com/uk/,47b6c03e4968b2eb1b7004ec85a3a60629ba25c6665ab1d5a8fa484f2eedd1e5,50238f4d5cdcb40d6132dfdc212e4c6f2a5bbdf1478d72f0fb75787830e4bee2
674066011,BOS Organic Lemon Rooibos Iced Tea,BOS,1,https://www.ocado.com/products/674066011,vegan,manufacturer,https://www.bosbrands.com/uk/,https://www.bosbrands.com/uk/,61986f5d53d9a1453e12f304800204f76957eea627c18adc8fe66653dcb6c85f,50238f4d5cdcb40d6132dfdc212e4c6f2a5bbdf1478d72f0fb75787830e4bee2
674067011,BOS Organic Peach Rooibos Iced Tea,BOS,1,https://www.ocado.com/products/674067011,vegan,manufacturer,https://www.bosbrands.com/uk/,https://www.bosbrands.com/uk/,d9a2215c542e51ec0092f96ee28de314dad34d9ad2bc9cd637f52499ef9dba20,50238f4d5cdcb40d6132dfdc212e4c6f2a5bbdf1478d72f0fb75787830e4bee2
674235011,Dr. Beckmann Fabric Conditioner Sheets Fresh Blossom,Dr Beckmann,1,https://www.ocado.com/products/674235011,vegan,manufacturer,https://www.dr-beckmann.co.uk/products/fabric-softener-sheets-fresh-blossom-2/,https://www.dr-beckmann.co.uk/products/fabric-softener-sheets-fresh-blossom-2/,2f33c3c22e512bcc9194060e0adaad483c39951ae0ae2380a329490ce8163838,145bc9b93e36f8eb9b9b9a0b0b10a6ba860cf4b908bec9032514089a5fad2d4a 1e53336b310fb2fcf99077df25b725819a8032ca55f010f734d997efdba19ba8
674433011,This Works In Transit No Traces Facial Cleansing Pads,This Works,1,https://www.ocado.com/products/674433011,vegan,manufacturer,https://www.thisworks.com/products/in-transit-no-traces,https://www.thisworks.com/products/in-transit-no-traces,c9603d032a129568931224a38fa21a89a5b62a2c8f0ddd22ed3dcd1678a99bd6,a0e87d575bceb5ca1c045c885bd46c1789bb265ba5324722e385835c0255d19f
674479011,Biona Organic Green Pesto,Biona,1,https://www.ocado.com/products/674479011,vegan,manufacturer,https://biona.co.uk/pages/veganuary,https://biona.co.uk/pages/veganuary,1c639d31e9057c7644cea706a587a1eb0156a9f1c5c059cce0295d8e76b85af6,d0b5c0c6e863fe386f8cd65ebfe8c4bdc8865bf933119669ab9f77936180a1a3 ff216036ed31b1261856fa6d79f3bb5286b65c5b51056b108bedfab4e29e62e8
674556011,Holland & Barrett Baby & Toddler Essential Multivitamin Drops,Holland & Barrett,0,https://www.ocado.com/products/674556011,vegan,manufacturer,https://www.hollandandbarrett.com/shop/product/h-b-baby-tod-ess-multiv-dro-30ml-6100005224,https://www.hollandandbarrett.com/shop/product/h-b-baby-tod-ess-multiv-dro-30ml-6100005224,8f3719e1faa578779d7a57d16f2de56566524fb7c9f5dcd6e6d61e87b053fc46,af86e666bd3e337dc723c8bd5095b76b229dcccd6700d25145c006434ad158ed
675610011,Freee Gluten Free Dumpling Mix,Freee,1,https://www.ocado.com/products/675610011,vegan,manufacturer,https://www.freee-foods.co.uk/product/gluten-free-dumpling-mix-135g/,https://www.freee-foods.co.uk/product/gluten-free-dumpling-mix-135g/,18337b6a88e5d259acf2dd6c4c03ae46cbff11b0fc142899fa56a14a7522847a,b390add6c9cc1ece5a7ce86c0d900e5457e9c3542d97ac53d16d526721e79888 16d8e8e511ef5b219680cfaa49f4ac6d445266b6feeadf7bacda586d8aff0932
676210011,Dove Advanced Replenishing Body Wash with Dragon Fruit & Coconut Cream,Dove,1,https://www.ocado.com/products/676210011,vegan,manufacturer,https://www.dove.com/uk/collections/body-wash-collection.sm.html,https://www.dove.com/uk/collections/body-wash-collection.sm.html,3c719e947c1f85b53a070bf0dc88a8dead91042b589da92774a506c36e084fa7,e073196d5b816997a79ccfbf59d3bcfcd3165cc5a4eb0e33a29db92ad8476fae
676332011,Red Bull Energy Drink Sugar Free Winter Edition Fuji Apple & Ginger,Red Bull,1,https://www.ocado.com/products/676332011,vegan,manufacturer,https://www.redbull.com/gb-en/energydrink/questions/is-red-bull-energy-drink-vegan,https://www.redbull.com/gb-en/energydrink/questions/is-red-bull-energy-drink-vegan,a7cd5fc9a1ca7acdc7e4238a0a717394ba90785c1a8280d16b5029f760b38a24,a4eabf4aae508db3695cfa9c1b91ade94e3f105fa72744898ec93738d71a8d5a
676333011,Purdey's Apple & Grape Natural Energy Drink,Purdey's,1,https://www.ocado.com/products/676333011,vegan,manufacturer,https://www.purdeys.com/,https://www.purdeys.com/,5f539ab8cc7856f8fd35f301962b5a6432e5759e5dc924a98a238e2ce0d88d00,7841ade287c7a599fe79e3a8c6a4616e11bafafe8996cd68fed55d0f62332eca
676334011,Purdey's Orange & Mango Natural Energy Drink,Purdey's,1,https://www.ocado.com/products/676334011,vegan,manufacturer,https://www.purdeys.com/,https://www.purdeys.com/,fb6907836dd62c5e0fa9a025f47f22e25478feaa243d107dbd0333af0c0b4173,7841ade287c7a599fe79e3a8c6a4616e11bafafe8996cd68fed55d0f62332eca
676335011,Purdey's Berry & Dragon Fruit Natural Energy Drink,Purdey's,1,https://www.ocado.com/products/676335011,vegan,manufacturer,https://www.purdeys.com/,https://www.purdeys.com/,a00bcc488dc77babe3ffd983c90e4cc859906a3473389738f4974461d549533d,7841ade287c7a599fe79e3a8c6a4616e11bafafe8996cd68fed55d0f62332eca
676336011,Purdey's Orange & Mango Natural Energy Drink,Purdey's,1,https://www.ocado.com/products/676336011,vegan,manufacturer,https://www.purdeys.com/,https://www.purdeys.com/,a7d92650194b1b64f352b3edd71b35b3363b7ab898729c6986a4129124ac00bb,7841ade287c7a599fe79e3a8c6a4616e11bafafe8996cd68fed55d0f62332eca
676337011,Purdey's Berry & Dragon Fruit Natural Energy Drink,Purdey's,1,https://www.ocado.com/products/676337011,vegan,manufacturer,https://www.purdeys.com/,https://www.purdeys.com/,16201f19ad4ef37134ba3b28a03824c57867c215e363f0a34130c800332b98b4,7841ade287c7a599fe79e3a8c6a4616e11bafafe8996cd68fed55d0f62332eca
676338011,Purdey's Apple & Grape Natural Energy Drink,Purdey's,1,https://www.ocado.com/products/676338011,vegan,manufacturer,https://www.purdeys.com/,https://www.purdeys.com/,9a4b4648b825493475e00906f7f0f71aefc9d6951bfa92448d4becff68ccf797,7841ade287c7a599fe79e3a8c6a4616e11bafafe8996cd68fed55d0f62332eca
676998011,fourfive Energy Focus Electrolyte & Vitamin Hydration Sachets,FourFive,1,https://www.ocado.com/products/676998011,vegan,manufacturer,https://fourfive.com/products/hydro-plus-hydration-energy-focus-sachets,https://fourfive.com/products/hydro-plus-hydration-energy-focus-sachets,6a2146855f10fead63a9922f9e63081d6292d8a32af3b74f955984bd4bd84516,b7b0693fbca747c7ab05edc7497b27aafb445efe98fabaf332a3cd6d003812c8
676999011,fourfive Recovery Electrolyte & Vitamin Hydration Sachets,FourFive,1,https://www.ocado.com/products/676999011,vegan,manufacturer,https://fourfive.com/collections/informed-sport-tested/products/hydro-plus-hydration-recovery-sachets,https://fourfive.com/collections/informed-sport-tested/products/hydro-plus-hydration-recovery-sachets,16cdde84c574d57253f88c5af23df9231a0be09d9c6fe23be98e52a4971021d8,d68608fdd344d80d03fc8473d7038ab38f18ca31c0b422b4c2972df20f34f41d
677000011,fourfive Immune Electrolyte & Vitamin Hydration Sachets,FourFive,1,https://www.ocado.com/products/677000011,vegan,manufacturer,https://fourfive.com/products/hydro-plus-hydration-immunity-sachets,https://fourfive.com/products/hydro-plus-hydration-immunity-sachets,dd5390bfd93160c40a72a2c008517b3ac2eab04378001a168d07ce1dda05bab0,adbc6fd670179567714547c3c7ec3db00f8401fbf4bcadd3daa9cd78091835aa
677554011,Grind Bailey's Flavoured Coffee Pods,Grind,1,https://www.ocado.com/products/677554011,vegan,manufacturer,https://grind.co.uk/collections/christmas-coffee,https://grind.co.uk/collections/christmas-coffee,c3cb29813367d75ade1d852d97425648ccecace16c7c085c7b2f03034cd15d8c,b52eb6ee552461da890033702618abb82807b4cb0941f23411d5fa977995d906
678064011,Skin Genius Hits The Spot Spot Zapper,Skin Genius,1,https://www.ocado.com/products/678064011,vegan,manufacturer,https://skin-genius.co.uk/,https://skin-genius.co.uk/,3c1081e0c7b3138370b9dc830a14b598b71ca370d0a51e6685d0b2157ad9d674,0994f4f477940a7b9730939dbb7d8d32b75e712b2237077d25f840962df1adc2
678065011,Skin Genius Soothe Operator Soothing Moisturiser,Skin Genius,1,https://www.ocado.com/products/678065011,vegan,manufacturer,https://skin-genius.co.uk/,https://skin-genius.co.uk/,4bb541a4fba27c3de898cb508e4b0fadf1cd308fd8caa57a5a2be1928ae416d8,0994f4f477940a7b9730939dbb7d8d32b75e712b2237077d25f840962df1adc2
678066011,Skin Genius Cream Come True Speedy Absorbing Cream,Skin Genius,1,https://www.ocado.com/products/678066011,vegan,manufacturer,https://skin-genius.co.uk/,https://skin-genius.co.uk/,6c44dab2f40f42ffe90a5d2882dc183c417f2c3e400b058e7e2711c4a5bbb5e1,0994f4f477940a7b9730939dbb7d8d32b75e712b2237077d25f840962df1adc2
678067011,Skin Genius Alls Well That Gels Well Leave-On Purifying Gel,Skin Genius,1,https://www.ocado.com/products/678067011,vegan,manufacturer,https://skin-genius.co.uk/,https://skin-genius.co.uk/,9aa2839b76a3414a69a47a00d31d1cb6b04e7dfc1b77ae9f01db20356c68285f,0994f4f477940a7b9730939dbb7d8d32b75e712b2237077d25f840962df1adc2
678068011,Skin Genius Best Cleanse Forever Cleansing Face Wash,Skin Genius,1,https://www.ocado.com/products/678068011,vegan,manufacturer,https://skin-genius.co.uk/,https://skin-genius.co.uk/,3784387f9a141ee744e67866fb345ff227f982a3a980dfb14e36d82d6f31eb71,0994f4f477940a7b9730939dbb7d8d32b75e712b2237077d25f840962df1adc2
678069011,Skin Genius Oil Day Long Reviving Oil Elixir,Skin Genius,1,https://www.ocado.com/products/678069011,vegan,manufacturer,https://skin-genius.co.uk/,https://skin-genius.co.uk/,c26324582f8346685daec2e4c795d105f72c77909930393fa5f75103cbca1355,0994f4f477940a7b9730939dbb7d8d32b75e712b2237077d25f840962df1adc2
678303011,MISSION Perform Matcha Superblend Powder Tea,MISSION TEA,1,https://www.ocado.com/products/678303011,vegan,manufacturer,https://drink-mission.com/pages/faq,https://drink-mission.com/pages/faq,9d657390770fb1f603a35060396eeb86e21d10015970ddd65c1a0c94840c0e31,cd342765591647260ba1c82fe839b9d10899b3bef7ae6b40d7c58b6674d849a8 6aa2a3db442382083d8bdf24fdafb4cb49d904f04df91697263c59f0b8412788
678304011,MISSION Sleep Superblend Hot Chocolate,MISSION TEA,1,https://www.ocado.com/products/678304011,vegan,manufacturer,https://drink-mission.com/pages/faq,https://drink-mission.com/pages/faq,7bd50d12478106ebafb70fefce643d8557289a7f36d1977fad7824f8be24be5c,cd342765591647260ba1c82fe839b9d10899b3bef7ae6b40d7c58b6674d849a8 6aa2a3db442382083d8bdf24fdafb4cb49d904f04df91697263c59f0b8412788
678457011,Good Earth Teabags Camomile with Orange Blossom,Good Earth,1,https://www.ocado.com/products/678457011,vegan,manufacturer,https://goodearth.co.uk/products/chamomile-orange-blossom-teabags,https://goodearth.co.uk/products/chamomile-orange-blossom-teabags,2e3badb12018b71fdcaedab47c4918473be2e53fd23b779d7797cf8aeae62ce9,a535227a7608ec03db6fd2bfcffa04b8d213aa657c6d0b294fd19e941c719298
678458011,Teapigs Pumpkin Spice Chai,Teapigs,1,https://www.ocado.com/products/678458011,vegan,manufacturer,https://www.teapigs.co.uk/p/pumpkin-spiced-chai-tea/17785066/,https://www.teapigs.co.uk/p/pumpkin-spiced-chai-tea/17785066/,fb912c4ad782e10872ba24fe0208143e99f7c546886bd41aae77a9accae8f0f9,fa0ce03dc21511601b1acabc9c789a3cae57174331aadba5a45e7b7f9d510d04
678460011,Teapigs Strawberry and Juniper,Teapigs,1,https://www.ocado.com/products/678460011,vegan,manufacturer,https://www.teapigs.co.uk/p/strawberry-and-juniper-tea/17785081/,https://www.teapigs.co.uk/p/strawberry-and-juniper-tea/17785081/,4f66065386c5e0e6935b4d6654765ca0b1613a70f1fa60bcc2bca050679c375f,fa65d8828300ed960674e37422df7842155d6363a23998d67219eabbfc8ff4b7
678945011,TENZING Natural Energy Fiery Mango 500ml,Tenzing,1,https://www.ocado.com/products/678945011,vegan,manufacturer,https://tenzingnaturalenergy.com/pages/faqs,https://tenzingnaturalenergy.com/pages/faqs,2cdae56468777a4bd566176100ea2253f3d469b772352c7ec668d7b31eb6c7bb,8c139bae449ee34300a75bc15e5e9a1f1a3f8d653c2691bee9f94a3012a1e2de f47cf8f6602e11cb7914d0c72559acb1bd4c155ad3af4531c2574f0032122f83
679123011,Dove Bridgerton Love & Meadows Body Scrub Jar,Dove,1,https://www.ocado.com/products/679123011,vegan,manufacturer,https://www.dove.com/uk/p/dove-bergamot-&-wildflowers-limited-edition-body-scrub-225ml.sm.html/08720181865626,https://www.dove.com/uk/p/dove-bergamot-&-wildflowers-limited-edition-body-scrub-225ml.sm.html/08720181865626,8244425cc6b36a9361154ed697825e01eff9070168d54cd355db1c9170a1c129,0c37212e5f8617547d12c1de08d22ecf7a54e01dc6a3334fbebb12c0924abd9d
679649011,TRIP Mindful Blend Apple Blossom,Trip,0,https://www.ocado.com/products/679649011,vegan,manufacturer,https://tripdrinks.co.uk/,https://tripdrinks.co.uk/,df5f2308c1b56d0ee87e74ea700729c31e67dbea1bb44722b6637d13a4793d4f,97b5fd852918c28e7af433102ef01d778afcbf40ffb7923a63db02fd46b9fb38
679650011,TRIP Mindful Blend Apple Blossom,Trip,1,https://www.ocado.com/products/679650011,vegan,manufacturer,https://tripdrinks.co.uk/,https://tripdrinks.co.uk/,3b3f14c3ab28f828f9a3199daa991221fc9cd2c3e1368c317b3b96dc0f1feee7,97b5fd852918c28e7af433102ef01d778afcbf40ffb7923a63db02fd46b9fb38
679655011,TRIP Mindful Blend Sicilian Lemon,Trip,1,https://www.ocado.com/products/679655011,vegan,manufacturer,https://tripdrinks.co.uk/,https://tripdrinks.co.uk/,8552742c37d43dffbd1dbf5236cda60d23d440afd9ff144457f67c47a61ed95f,97b5fd852918c28e7af433102ef01d778afcbf40ffb7923a63db02fd46b9fb38
679656011,TRIP Mindful Blend Sicilian Lemon,Trip,1,https://www.ocado.com/products/679656011,vegan,manufacturer,https://tripdrinks.co.uk/,https://tripdrinks.co.uk/,d51309d6a9267d7d81002d0eec7d0da0ff83b89b77a1b7011d737eec86221f97,97b5fd852918c28e7af433102ef01d778afcbf40ffb7923a63db02fd46b9fb38
679932011,Carex Editions Seville Escape Antibacterial Handwash,Carex,1,https://www.ocado.com/products/679932011,vegan,manufacturer,https://www.cussonscarex.com/uk/faqs/,https://www.cussonscarex.com/uk/faqs/,e71cc22a29ff621c50782c6ebcce5eb7ef0e41684b1e1124c1ea23e5e4b4e687,47d0b03d712ff2ac97c916a8bd41d046dc78232a8832ad5d0f4cd7d31140a815
679933011,Carex Editions Rose Garden Antibacterial Handwash,Carex,1,https://www.ocado.com/products/679933011,vegan,manufacturer,https://www.cussonscarex.com/uk/faqs/,https://www.cussonscarex.com/uk/faqs/,76141c7b60318cff49a13d67dd09d4eb0cac52ec32dda40646dd0c2a5efe29b5,47d0b03d712ff2ac97c916a8bd41d046dc78232a8832ad5d0f4cd7d31140a815
679934011,Carex Editions Sunlit Spring Antibacterial Handwash,Carex,1,https://www.ocado.com/products/679934011,vegan,manufacturer,https://www.cussonscarex.com/uk/faqs/,https://www.cussonscarex.com/uk/faqs/,38023f05a7b4a00a8d0786b8d2604520728952a71d1d8d53291edd4532403cd2,47d0b03d712ff2ac97c916a8bd41d046dc78232a8832ad5d0f4cd7d31140a815
680010011,Neat Refillable Spray Bottle Midnight,Neat,1,https://www.ocado.com/products/680010011,vegan,manufacturer,https://neatclean.com/pages/faqs,https://neatclean.com/pages/faqs,eb7e8b4b78d7b61a8411fa6ca7cc348f7865f9c2a92ae3729f3c720136a68f46,6074a8597daba03babefa77fd5a55d99ebc52b3cdf37798856f4949417feea97 a316085ffbbf0cf8787fb5de225e1b5654ff4e5901ff545f4496e8c468f8db5f
680011011,Neat Refillable Spray Bottle Stone,Neat,1,https://www.ocado.com/products/680011011,vegan,manufacturer,https://neatclean.com/pages/faqs,https://neatclean.com/pages/faqs,e80f696654f04a1ee39ef9b780e2c529b8e4d4c52d2d7a38f8447b572de75a70,6074a8597daba03babefa77fd5a55d99ebc52b3cdf37798856f4949417feea97 a316085ffbbf0cf8787fb5de225e1b5654ff4e5901ff545f4496e8c468f8db5f
680012011,Neat Refillable Spray Bottle Sage,Neat,1,https://www.ocado.com/products/680012011,vegan,manufacturer,https://neatclean.com/pages/faqs,https://neatclean.com/pages/faqs,c4ca32fdedf2c6a750dc5c043da7264ed0ee11857308a0c59ff44d862b30c6a8,6074a8597daba03babefa77fd5a55d99ebc52b3cdf37798856f4949417feea97 a316085ffbbf0cf8787fb5de225e1b5654ff4e5901ff545f4496e8c468f8db5f
680034011,Beavertown Gamma Ray APA,Beavertown,1,https://www.ocado.com/products/680034011,vegan,manufacturer,https://beavertownbrewery.co.uk/pages/faqs,https://beavertownbrewery.co.uk/pages/faqs,fe95fdc795f85f73c6b1e1dac646844fdeb922279f8c03be001e802848af1627,f8e12d79026aba674bfac48df8dbf38ebdfbfa213804fa3cf7b7ed1d6f54d885 ef5e622254d4d4e78d51f83700c6684bf28cec759613e6bf8cc74ed079c33598
680121011,Neat Refillable Foaming Hand Wash Bottle Midnight,Neat,1,https://www.ocado.com/products/680121011,vegan,manufacturer,https://neatclean.com/pages/faqs,https://neatclean.com/pages/faqs,c5e6e5c28aec0f02536dbdb7eae489bdfe648ea493478a705c134c29663068a1,6074a8597daba03babefa77fd5a55d99ebc52b3cdf37798856f4949417feea97 fd3c1218d4f6eee957f5487040c01599814ee7f26300ba4d96bc9e8ffa19973d
680122011,Neat Refillable Foaming Hand Wash Bottle Stone,Neat,1,https://www.ocado.com/products/680122011,vegan,manufacturer,https://neatclean.com/pages/faqs,https://neatclean.com/pages/faqs,c9f0aee70a39a9d8edfe69d7b5abafbaf4e3cb2b7a702c6c31e9d642c329a4c3,6074a8597daba03babefa77fd5a55d99ebc52b3cdf37798856f4949417feea97 fd3c1218d4f6eee957f5487040c01599814ee7f26300ba4d96bc9e8ffa19973d
680123011,Neat Refillable Foaming Hand Wash Bottle Sage,Neat,1,https://www.ocado.com/products/680123011,vegan,manufacturer,https://neatclean.com/pages/faqs,https://neatclean.com/pages/faqs,74e51a187adadc8fee9262ec3b8fecd6769441b5f09f3a37a69c9488db2198d0,6074a8597daba03babefa77fd5a55d99ebc52b3cdf37798856f4949417feea97 fd3c1218d4f6eee957f5487040c01599814ee7f26300ba4d96bc9e8ffa19973d
680138011,Twinings Earl Grey Collection,Twinings,1,https://www.ocado.com/products/680138011,vegan,manufacturer,https://twinings.co.uk/products/earl-grey-discovery-collection-20-envelopes,https://twinings.co.uk/products/earl-grey-discovery-collection-20-envelopes,10e1693e7e045eee476b564016aef3e5ede30bb52a7c16615f3296a779b82e7d,2caf596dad525a3ac857dd49f1aa0677bf13b2f274f327a8bbb344adb3fc8307
680142011,Twinings Strong Earl Grey,Twinings,1,https://www.ocado.com/products/680142011,vegan,manufacturer,https://twinings.co.uk/products/strong-earl-grey-20-envelopes,https://twinings.co.uk/products/strong-earl-grey-20-envelopes,0970916322f1d801114ee119719d1e6101c70e0d9994d5a023301c1dcf870a8c,ea42c7816b3f75da932b3069d7e0ac8a08364bcd20d004be8409d14d0c8d1aff
680143011,Twinings Classic Chai,Twinings,1,https://www.ocado.com/products/680143011,vegan,manufacturer,https://twinings.co.uk/products/classic-chai-20-envelopes,https://twinings.co.uk/products/classic-chai-20-envelopes,09641f8be0451abdc5c0b737a466931934f4861cd2cae4ffdcdfe761cbcd209d,6342e3cfd607eb091ebef3297db5aa9d7018e4e3529bc38fd3723b730b1e29ec
680144011,Twinings Sparkling Tea Boost Multi,Twinings,1,https://www.ocado.com/products/680144011,vegan,manufacturer,https://twinings.co.uk/products/twinings-sparkling-tea-boost-12pack,https://twinings.co.uk/products/twinings-sparkling-tea-boost-12pack,b7fa8e0d822a671e31448f72ae57f9ef38ef70da63c58b137cd8993b0ff612fc,8d36e8951e36c4eb4b654805a5095c33e2e26db454a14367ec00519bd749e570
680145011,Twinings Sparkling Tea Boost,Twinings,1,https://www.ocado.com/products/680145011,vegan,manufacturer,https://twinings.co.uk/products/twinings-sparkling-tea-boost-4-pack,https://twinings.co.uk/products/twinings-sparkling-tea-boost-4-pack,6912f5f19c455ba36fbfc345ea998a5f7705027186c73fe9e4d394bdd29a70d2,57223a3b613dde73597b74f09d3a9f0cf1d51a729ad51adfc1e3135f3cd31898
680146011,Twinings Sparkling Tea Mixed Multi,Twinings,1,https://www.ocado.com/products/680146011,vegan,manufacturer,https://twinings.co.uk/products/mixed-sparkling-tea-4-pack,https://twinings.co.uk/products/mixed-sparkling-tea-4-pack,c7ccf59be6abf04d1a550f63b67325dd518d8d5d8b971bcb61ecacb338152df4,2828a34ab8fe56e572dc051ca5db36dc77dd6fc192f8763f438f90e955752899
680147011,Twinings Sparkling Tea Refresh Multi,Twinings,1,https://www.ocado.com/products/680147011,vegan,manufacturer,https://twinings.co.uk/products/twinings-sparkling-tea-refresh-4-pack,https://twinings.co.uk/products/twinings-sparkling-tea-refresh-4-pack,a982b490c16d93209b86501d9aa240bc62c205339660aff771e98549801185ef,de85c8715de50be3a41436ed6a9bafdb3d669cb17630c7bd1cdebe182ea746c6
680148011,Twinings Sparkling Tea Refresh,Twinings,1,https://www.ocado.com/products/680148011,vegan,manufacturer,https://twinings.co.uk/products/twinings-sparkling-tea-refresh,https://twinings.co.uk/products/twinings-sparkling-tea-refresh,e4dcf74096bfcc0f6a6a3e2cc6ead01f7fbe9e3a267a640f77f3bbf91e0e9bbd,09a329ccc489c5c90efeeb16373e6935ef6993a5db93c7b4d055b7c8cc15d696
680149011,Twinings Sparkling Tea Defence,Twinings,0,https://www.ocado.com/products/680149011,vegan,manufacturer,https://twinings.co.uk/products/twinings-sparkling-tea-defence-12-pack,https://twinings.co.uk/products/twinings-sparkling-tea-defence-12-pack,7828a88c72af98e263818b9634ebda24d542b06da06f688010c25b00cb46cf6d,3bb3b000b89389c98a1dddb70858c57f0aa70c6e3c36f9c71728cf82488e5d43
680150011,Twinings Sparkling Tea Revive,Twinings,1,https://www.ocado.com/products/680150011,vegan,manufacturer,https://twinings.co.uk/products/twinings-sparkling-tea-revive-250ml-can,https://twinings.co.uk/products/twinings-sparkling-tea-revive-250ml-can,e3162e53998adbcd6f1748a1c028dc4c52b44e0dac334d6175b66805f6124b6f,f564037479f91b3568cffe0b91d54eafe45a91602006bd04c23f945d084ca6b0
680172011,Flint Vineyard Charmat Rose,Flint,1,https://www.ocado.com/products/680172011,vegan,manufacturer,https://flintvineyard.com/products/charmat-rose,https://flintvineyard.com/products/charmat-rose,5b1c1f6ce3389ac38f043df300d03054de5cb1a56bef50b42b769a93ca068397,f7470e44659c3c31ef276d38e3437ab53953268d21f511a1893b086f12961140
680173011,Flint Vineyard Charmat,Flint,1,https://www.ocado.com/products/680173011,vegan,manufacturer,https://flintvineyard.com/products/charmat,https://flintvineyard.com/products/charmat,eecbc2fe350acd352ee7b71107a417c9c7f0f432b16e5cffc63b81d4bb49feb2,7f9f64d3ae1e3db6b44aee0b433daaa09ceeadfb771dcb240fe167d0c6a8da01
680296011,Nature's Finest Fruit Pots Fruit Cocktail,Natures Finest,1,https://www.ocado.com/products/680296011,vegan,manufacturer,https://naturesfinestfoods.co.uk/healthy-vegan-snacks/,https://naturesfinestfoods.co.uk/healthy-vegan-snacks/,e90e314f641888cec7e8ad35f564af9796f9d4d89095cfcc588d9f46ab0120e7,aa1cdeb00f936ad3c92e12be8131f1913a78c626acfe35b1c6ac31144b578aa2 515c4e3731081a7b08011df292a4443eeec7580e436e87b8c07722fd2750902a e761e60d573f65b8538311c6615b83f2dc1d715e924d936b362711c79500bb96
680407011,"M&S Apothecary Sleep 3 Wick Candle, Amber",M&S,1,https://www.ocado.com/products/680407011,vegan,manufacturer,https://www.marksandspencer.com/sleep-3-wick-candle/p/hbp60780873,https://www.marksandspencer.com/sleep-3-wick-candle/p/hbp60780873,7d781961542332b856ed6b478f46049aa48ac079f7a76c23e393df10291c6b85,63387fe9a53a7e2219e0868ed255ae9ef8a85207b6dbcb060faab2d236f6dac2
680451011,Mount Gay Silver White Rum,Mount Gay,1,https://www.ocado.com/products/680451011,vegan,manufacturer,https://www.mountgayrum.com/faq/,https://www.mountgayrum.com/faq/,6aabf017f7d57dfdf30d1d4d880b244aef175e6292820a9d30991bb3ef103861,f41fd1457e90170dca7cc42a833c7c95af241a26308bd473935e7173c786f65e
680786011,Oatly Barista Coconut,Oatly,1,https://www.ocado.com/products/680786011,vegan,manufacturer,https://www.oatly.com/en-gb/random-answers,https://www.oatly.com/en-gb/random-answers,6e5a7b8b7a5b4484d86fd79b9c1f13c1222c10bd3b5c4d94cca55c55be789db0,8a4820af2d8eb4ff7c5cb9e02eff1901ef1e57b63fbe48ba1366bb0ec9b9602f
680788011,Oatly Barista Iced Flat White,Oatly,1,https://www.ocado.com/products/680788011,vegan,manufacturer,https://www.oatly.com/en-gb/random-answers,https://www.oatly.com/en-gb/random-answers,b2b47979fe474ebf17e049751385b11b98ddc0d1e7811fdd19d28beb78e480e3,8a4820af2d8eb4ff7c5cb9e02eff1901ef1e57b63fbe48ba1366bb0ec9b9602f
680789011,Oatly Barista Iced Caramel Macchiato,Oatly,1,https://www.ocado.com/products/680789011,vegan,manufacturer,https://www.oatly.com/en-gb/random-answers,https://www.oatly.com/en-gb/random-answers,4485b1a024a1c2ae18d9618e161f1c2587c9e744116a5f80c2aae3b885b4ff0f,8a4820af2d8eb4ff7c5cb9e02eff1901ef1e57b63fbe48ba1366bb0ec9b9602f
680902011,Oatly Barista Caramel,Oatly,1,https://www.ocado.com/products/680902011,vegan,manufacturer,https://www.oatly.com/en-gb/random-answers,https://www.oatly.com/en-gb/random-answers,28372ffe62b09a545c85d11687e6292578cca5809a665c7a417316d3f7c62c81,8a4820af2d8eb4ff7c5cb9e02eff1901ef1e57b63fbe48ba1366bb0ec9b9602f
681333011,John Frieda Go Blonder Lightening Shampoo,John Frieda,1,https://www.ocado.com/products/681333011,vegan,manufacturer,https://www.johnfrieda.com/en-uk/products/blonde/go-blonder/lightening-shampoo/,https://www.johnfrieda.com/en-uk/products/blonde/go-blonder/lightening-shampoo/,d65f9b66e6237a8e9ce2e5fcef3c09caf2167c43a2f9aee1da5a3f3edd61b630,3b31147cc28134ef0def06f6fff9315dcc6a893313b8ae0e37c8e59ed172fce2
681334011,John Frieda Go Blonder Lightening Conditioner,John Frieda,1,https://www.ocado.com/products/681334011,vegan,manufacturer,https://www.johnfrieda.com/en-uk/products/blonde/go-blonder/lightening-conditioner/,https://www.johnfrieda.com/en-uk/products/blonde/go-blonder/lightening-conditioner/,cb06ed397b469ab955c2d20fc34c309ae2b2dc30971584e52d08f0ad45d90d7b,c0ae01fcc298690f68fa09670cd586b2103629b9e9fe00634c30b7e61c2bab10
681335011,John Frieda Go Blonder Lightening Spray,John Frieda,1,https://www.ocado.com/products/681335011,vegan,manufacturer,https://www.johnfrieda.com/en-uk/products/blonde/go-blonder/lightening-spray/,https://www.johnfrieda.com/en-uk/products/blonde/go-blonder/lightening-spray/,1e56774ed239e3c328faf3a0c38fd5880e1eb90ed22bd7dbbd26547e1eceb6e3,0ca82dd14ac2072d52de741d7424f9fd61876e0f622d522e567b117891939a50
681336011,John Frieda Go Blonder Intensive Repair Mask,John Frieda,1,https://www.ocado.com/products/681336011,vegan,manufacturer,https://www.johnfrieda.com/en-uk/products/blonde/go-blonder/intensive-repair-mask/,https://www.johnfrieda.com/en-uk/products/blonde/go-blonder/intensive-repair-mask/,8ac7ac322ff994bfeef44ada7e4ec41a3879bb43277a0c6fbfeab39586be9dc9,cf2ff672c1b1e5ae0c1e433b3d9835b1c221418eef1e0056b3fb7b0a203d2c50
681422011,Lucozade Sport Drink Raspberry,Lucozade,1,https://www.ocado.com/products/681422011,vegan,manufacturer,https://lucozade.com/support/,https://lucozade.com/support/,3f5a66091cccd3cd54753e20e600a3644a7bacf8f87cb27dccf2510e5fe9a279,a257d08bc97fba91f494f44c4f4681d072339e889857fdd25edbca357f45c139
681423011,Lucozade Sport Drink Orange,Lucozade,1,https://www.ocado.com/products/681423011,vegan,manufacturer,https://lucozade.com/support/,https://lucozade.com/support/,79bd0d917e62f659ad38a0b0cbc38928a027211cdb93480c8325b77207d6a43e,a257d08bc97fba91f494f44c4f4681d072339e889857fdd25edbca357f45c139
681424011,Lucozade Energy Drink Orange,Lucozade,1,https://www.ocado.com/products/681424011,vegan,manufacturer,https://lucozade.com/support/,https://lucozade.com/support/,46bf72e954289c37b685bbb8c3de200e4a78326d9b87bc359a88dafde487d1fa,a257d08bc97fba91f494f44c4f4681d072339e889857fdd25edbca357f45c139
681425011,Lucozade Energy Drink Original,Lucozade,1,https://www.ocado.com/products/681425011,vegan,manufacturer,https://lucozade.com/support/,https://lucozade.com/support/,42e8b4b40c5e45ca7930dc23706793c069767d5d5d4719c249c48421472607d5,a257d08bc97fba91f494f44c4f4681d072339e889857fdd25edbca357f45c139
681854011,John Frieda Frizz Ease The Controller Extra Strength Serum,John Frieda,1,https://www.ocado.com/products/681854011,vegan,manufacturer,https://www.johnfrieda.com/en-uk/products/frizz-ease/serums/the-controller-extra-strength-serum/,https://www.johnfrieda.com/en-uk/products/frizz-ease/serums/the-controller-extra-strength-serum/,e2637b204ee5cabb41df64da87b1d1bf265b60e77fcf4c79ae8052431066784f,d6e09da90f30491847b94337c42983392a0d5ae53a48e9972ee79756c749bc5e
681855011,John Frieda Frizz Ease Miraculous Recovery Deep Conditioner,John Frieda,1,https://www.ocado.com/products/681855011,vegan,manufacturer,https://www.johnfrieda.com/en-uk/products/frizz-ease/miraculous-recovery/deep-conditioner/,https://www.johnfrieda.com/en-uk/products/frizz-ease/miraculous-recovery/deep-conditioner/,ce272f59857e2b2bdfcf48d9a323238e5d2aa7a1cdd54e05fd0431e68d1a43b6,eeed96852ef3081efebfd8e01d4d8a6f4502a735dc9206039ba400267b67ac42
681856011,John Frieda Frizz Ease The Hydro Sealer Moisture Protect Serum,John Frieda,1,https://www.ocado.com/products/681856011,vegan,manufacturer,https://www.johnfrieda.com/en-uk/products/frizz-ease/serums/the-hydro-sealer-original-serum/,https://www.johnfrieda.com/en-uk/products/frizz-ease/serums/the-hydro-sealer-original-serum/,a0b72582bd0c3c5be4f9a9f91d077f86fefb073fe9de81dbb4dd96cb2d14e703,970846ee97cc268867ed85614f2c7d7aee3d56a8cf240d68faa11a88fa706e98
681857011,John Frieda Frizz Ease Dream Curls Deep Conditioner,John Frieda,1,https://www.ocado.com/products/681857011,vegan,manufacturer,https://www.johnfrieda.com/en-uk/products/dream-curls/cleanse-condition/curly-deep-conditioner/,https://www.johnfrieda.com/en-uk/products/dream-curls/cleanse-condition/curly-deep-conditioner/,340b665cd13ab64bd18549716f955a13b9a886f477829811b88aad4346824f3a,8f2e1cf0f58c81e3bd2244a48dc541db246a8cbb457ced23561b5263702bf0d7
681860011,John Frieda Radiant Red Red Boosting Shampoo,John Frieda,1,https://www.ocado.com/products/681860011,vegan,manufacturer,https://www.johnfrieda.com/en-uk/products/colour/radiant-red/red-shampoo/,https://www.johnfrieda.com/en-uk/products/colour/radiant-red/red-shampoo/,3f9a4807bd2eddbd67dbfa76b0204fc746f635850c44ca93046d3c4ec95c9da1,98a4b1b00a641a086bb74aa0e3ee11dd47c970eec69fd260cbd62f64125feb6e
681918011,John Frieda Frizz Ease Dream Curls Curl Defining Oil,John Frieda,1,https://www.ocado.com/products/681918011,vegan,manufacturer,https://www.johnfrieda.com/en-uk/products/dream-curls/hydrate-nourish/cream-oil/,https://www.johnfrieda.com/en-uk/products/dream-curls/hydrate-nourish/cream-oil/,b43316a953b3f1c8f5f06923b0bb0bbf7176801550577db191c1305eea034b8d,eafc59c5155ad65647daffc65867df8128c8b0af32f5b16af640f96afa7c2714
681921011,John Frieda Frizz Ease Infinite Smooth Boosting Treatment,John Frieda,1,https://www.ocado.com/products/681921011,vegan,manufacturer,https://www.johnfrieda.com/en-uk/products/frizz-ease/infinite-smooth/smooth-boosting-treatment/,https://www.johnfrieda.com/en-uk/products/frizz-ease/infinite-smooth/smooth-boosting-treatment/,09e880e76452264769bf0684a3572a8408db0914b9429b120e01e08033717bb9,fbd5959d649ccc7a85dd3a433ec46b433c2789007cec259e7e9f333e43a9ea00
681972011,John Frieda Violet Crush Purple Shampoo,John Frieda,1,https://www.ocado.com/products/681972011,vegan,manufacturer,https://www.johnfrieda.com/en-uk/products/blonde/violet-crush/purple-shampoo-for-blonde-hair/,https://www.johnfrieda.com/en-uk/products/blonde/violet-crush/purple-shampoo-for-blonde-hair/,3d1928d9fa1a7328da51ff2fb33a72df332de63f2331764ceab72e300885e477,7e856c7b318ba586893a4604fcb85421d6094bc7ca6d0c239a3347125f7bb95c
681993011,John Frieda Frizz Ease Secret Agent Touch-Up Creme,John Frieda,1,https://www.ocado.com/products/681993011,vegan,manufacturer,https://www.johnfrieda.com/en-uk/products/frizz-ease/frizz-stylers/secret-agent-creme/,https://www.johnfrieda.com/en-uk/products/frizz-ease/frizz-stylers/secret-agent-creme/,afde1503bf84555bccce7b3ff08af637f5cf0b93dbd9be06c9b5474d8937e62e,fb86f450ed5d56dfde3afc3c184e69dbfa8d3b00e382ecd169fbb91c6c479f78
682054011,Pepsi Max Tropical,Pepsi,1,https://www.ocado.com/products/682054011,vegan,manufacturer,https://www.pepsi.co.uk/faq,https://www.pepsi.co.uk/faq,3bb8b1cfcddb74952929b14c75077fa01269d992da404292ef2a84ce77c032e8,39914e626e7900e5ab69a67c0f33872f5c5656c79e9b1434f4ddf34e654c860c
682055011,Pepsi Max Tropical,Pepsi,1,https://www.ocado.com/products/682055011,vegan,manufacturer,https://www.pepsi.co.uk/faq,https://www.pepsi.co.uk/faq,a57508719bda8ed73600bb206a552343076bf9e7e14e1373c92da84ed934f306,39914e626e7900e5ab69a67c0f33872f5c5656c79e9b1434f4ddf34e654c860c
682078011,John Frieda Frizz Ease Dream Curls Shampoo,John Frieda,1,https://www.ocado.com/products/682078011,vegan,manufacturer,https://www.johnfrieda.com/en-uk/products/dream-curls/cleanse-condition/curl-defining-shampoo/,https://www.johnfrieda.com/en-uk/products/dream-curls/cleanse-condition/curl-defining-shampoo/,1781832aef3743fbd1db79078d6545660c03675bac37a66ad06bd1fe75cf7f18,52c7b77f2da74eae57aae0d5a65d4a49c20f4d1cc0cbe63b17665c7026b0eaeb
682080011,John Frieda PROfiller+ Thickening Shampoo,John Frieda,1,https://www.ocado.com/products/682080011,vegan,manufacturer,https://www.johnfrieda.com/en-uk/products/volume/profiller/shampoo/,https://www.johnfrieda.com/en-uk/products/volume/profiller/shampoo/,47f5f43769777e191927546ac845a6afe55061823ed359f1f3b2d3a6bffb4827,69a07e05dd5036f6b4ed87da562cf88d88a3ff0da3d6238d15251b539e0c7f7d
682081011,John Frieda Go Blonder Lightening Shampoo,John Frieda,1,https://www.ocado.com/products/682081011,vegan,manufacturer,https://www.johnfrieda.com/en-uk/products/blonde/go-blonder/lightening-shampoo/,https://www.johnfrieda.com/en-uk/products/blonde/go-blonder/lightening-shampoo/,193758860b8e167ec2d43862fd5c66489b056998aa5c25d7a40b0eedfcbdfaf5,3b31147cc28134ef0def06f6fff9315dcc6a893313b8ae0e37c8e59ed172fce2
682082011,John Frieda Volume Lift Lightweight Shampoo,John Frieda,1,https://www.ocado.com/products/682082011,vegan,manufacturer,https://www.johnfrieda.com/en-uk/products/volume/volume-lift/lightweight-shampoo/,https://www.johnfrieda.com/en-uk/products/volume/volume-lift/lightweight-shampoo/,f45aabc01af379b91d9c3150ed9fc30a7e9b48efe5babbc633766daf295129e8,76c90ab45da4391cd10786bae7a8f396f759d90b72966b2a3d95008e7523ae8c
682083011,John Frieda Frizz Ease Miraculous Recovery Shampoo,John Frieda,1,https://www.ocado.com/products/682083011,vegan,manufacturer,https://www.johnfrieda.com/en-uk/products/frizz-ease/miraculous-recovery/shampoo/,https://www.johnfrieda.com/en-uk/products/frizz-ease/miraculous-recovery/shampoo/,f16cb4cc11375681f42342a5105acf7c24e772491cf7671f848a284eba4e0f7a,40d8e49cc947506d76cc6614bd1794074d6ccf0ff55210ecd7a85981a194874b
682097011,John Frieda PROfiller+ Thickening Conditioner,John Frieda,1,https://www.ocado.com/products/682097011,vegan,manufacturer,https://www.johnfrieda.com/en-uk/products/volume/profiller/conditioner/,https://www.johnfrieda.com/en-uk/products/volume/profiller/conditioner/,82b010901ab8fd4d4de2453ed6d873a6624bd71b23316f5e958b92d855f4d8e6,70250d769ccb11141ceca9880674d33190c8e3f7de4a67353f12651d1dbcee64
682108011,TRIP Mindful Blend Mixed Pack 12,Trip,1,https://www.ocado.com/products/682108011,vegan,manufacturer,https://tripdrinks.co.uk/,https://tripdrinks.co.uk/,27f4b2e289ae20ba6e5a853dedac2afb6aee006cc2a0569ea77e7351bab98f83,97b5fd852918c28e7af433102ef01d778afcbf40ffb7923a63db02fd46b9fb38
682109011,TRIP CBD Infused Mixed Pack 12,Trip,1,https://www.ocado.com/products/682109011,vegan,manufacturer,https://tripdrinks.co.uk/,https://tripdrinks.co.uk/,45e1c615b948d01ff18d489af0ec7a274e4038d821156b3a3a6bda0dbbe87291,97b5fd852918c28e7af433102ef01d778afcbf40ffb7923a63db02fd46b9fb38
682111011,TRIP Mindful Blend Mixed Pack 4,Trip,1,https://www.ocado.com/products/682111011,vegan,manufacturer,https://tripdrinks.co.uk/,https://tripdrinks.co.uk/,693dc006ca5e99fc68ed5d7821c82ff49282c3a5bf42041d2b4a003bb275742e,97b5fd852918c28e7af433102ef01d778afcbf40ffb7923a63db02fd46b9fb38
682131011,John Frieda PROfiller+ Thickening Spray,John Frieda,1,https://www.ocado.com/products/682131011,vegan,manufacturer,https://www.johnfrieda.com/en-uk/products/volume/profiller/spray/,https://www.johnfrieda.com/en-uk/products/volume/profiller/spray/,acfcb85c554503691fff986b1781925041c0f550af8f2ffc0909cfadc1e27a5a,b05d47c129be0ee17bce0d5e9d42be76bee998b44338daf9f60d9bca6137a0c1
682132011,John Frieda Violet Crush Purple Shampoo,John Frieda,1,https://www.ocado.com/products/682132011,vegan,manufacturer,https://www.johnfrieda.com/en-uk/products/blonde/violet-crush/purple-shampoo-for-blonde-hair/,https://www.johnfrieda.com/en-uk/products/blonde/violet-crush/purple-shampoo-for-blonde-hair/,443dd491a2e385d405c9c078c257c2c57f293b49447febbfdecb6779dd1f585c,7e856c7b318ba586893a4604fcb85421d6094bc7ca6d0c239a3347125f7bb95c
682134011,John Frieda Shimmering Silver Shampoo,John Frieda,1,https://www.ocado.com/products/682134011,vegan,manufacturer,https://www.johnfrieda.com/en-uk/products/colour/shimmering-silver/shampoo-for-grey-hair/,https://www.johnfrieda.com/en-uk/products/colour/shimmering-silver/shampoo-for-grey-hair/,0e4003433cd5ed5cc26c0e7b38ba7112d708e3c31898f6476c4f73f236a03252,edfa045b89e21af4b448ca3520906b990798cd3902314a2b01a90712766770a6
682145011,John Frieda Shimmering Silver Conditioner,John Frieda,1,https://www.ocado.com/products/682145011,vegan,manufacturer,https://www.johnfrieda.com/en-uk/products/colour/shimmering-silver/conditioner-for-grey-hair/,https://www.johnfrieda.com/en-uk/products/colour/shimmering-silver/conditioner-for-grey-hair/,32efd20d829d0dea6ed7587ee4a99f80ba2530f695e2b7d5edf92ad9c5b26550,2634c58e91bc9d5179831ea3f63628abdf374e778f074910d51217ffdc15c245
682149011,John Frieda PROfiller+ Strengthening Super Fluid,John Frieda,1,https://www.ocado.com/products/682149011,vegan,manufacturer,https://www.johnfrieda.com/en-uk/products/volume/profiller/strengthening-super-fluid/,https://www.johnfrieda.com/en-uk/products/volume/profiller/strengthening-super-fluid/,1a0bd7148908d7a197beb4c28e796c86a60798000d103417a8bef76a3391fd95,4aceb916d6e7ef1e6e50099be4585c092f38fb07f4de1f015d0ee8b3bf92d753
682150011,John Frieda PROfiller+ Thickening Spray,John Frieda,1,https://www.ocado.com/products/682150011,vegan,manufacturer,https://www.johnfrieda.com/en-uk/products/volume/profiller/spray/,https://www.johnfrieda.com/en-uk/products/volume/profiller/spray/,6a448ff8ba3d33d397e192b4500e597d8ef0c4ad5d666e2d153ebbf4fc6b3472,b05d47c129be0ee17bce0d5e9d42be76bee998b44338daf9f60d9bca6137a0c1
682152011,John Frieda PROfiller+ Thickening Conditioner,John Frieda,1,https://www.ocado.com/products/682152011,vegan,manufacturer,https://www.johnfrieda.com/en-uk/products/volume/profiller/conditioner/,https://www.johnfrieda.com/en-uk/products/volume/profiller/conditioner/,7e51b3438272b3070565525c61aa5fe4bf29951f64f14499b1764f1d999a2bc0,70250d769ccb11141ceca9880674d33190c8e3f7de4a67353f12651d1dbcee64
682153011,John Frieda PROfiller+ Thickening Shampoo,John Frieda,1,https://www.ocado.com/products/682153011,vegan,manufacturer,https://www.johnfrieda.com/en-uk/products/volume/profiller/shampoo/,https://www.johnfrieda.com/en-uk/products/volume/profiller/shampoo/,b652e933474c291089315d2f27a2794c9a0b5eb2ace2532154537db5caa5e0ef,69a07e05dd5036f6b4ed87da562cf88d88a3ff0da3d6238d15251b539e0c7f7d
682194011,John Frieda PROfiller+ Thickening Conditioner,John Frieda,1,https://www.ocado.com/products/682194011,vegan,manufacturer,https://www.johnfrieda.com/en-uk/products/volume/profiller/conditioner/,https://www.johnfrieda.com/en-uk/products/volume/profiller/conditioner/,ec3b99ff18bf9d378cd4b29a5762844b9a8783c8e659a783bec57cad4d028b87,70250d769ccb11141ceca9880674d33190c8e3f7de4a67353f12651d1dbcee64
682195011,John Frieda PROfiller+ Thickening Shampoo,John Frieda,1,https://www.ocado.com/products/682195011,vegan,manufacturer,https://www.johnfrieda.com/en-uk/products/volume/profiller/shampoo/,https://www.johnfrieda.com/en-uk/products/volume/profiller/shampoo/,b145c4833344499357530f4f3d15cdcb2044cf6b397e32c81d72351e4fc263dc,69a07e05dd5036f6b4ed87da562cf88d88a3ff0da3d6238d15251b539e0c7f7d
682346011,Oatly Barista Vanilla,Oatly,1,https://www.ocado.com/products/682346011,vegan,manufacturer,https://www.oatly.com/en-gb/random-answers,https://www.oatly.com/en-gb/random-answers,e31bdc957f00a88a01351c72449a9ed9611a0f888ba947369fa6f70ec936397c,8a4820af2d8eb4ff7c5cb9e02eff1901ef1e57b63fbe48ba1366bb0ec9b9602f
682349011,TRUYU Ultimate Face Brush,Truyu,1,https://www.ocado.com/products/682349011,vegan,manufacturer,https://www.truyubeauty.com/pages/faqs,https://www.truyubeauty.com/pages/faqs,db9e0119a7935473a051037469bba251f81f7352552d3580c25c8742faef3e8e,5368bbf3973556d373b2ace477cfb821b91e5c649e35120a1ca009519d021330
682350011,TRUYU Blending Makeup Sponge Trio,Truyu,1,https://www.ocado.com/products/682350011,vegan,manufacturer,https://www.truyubeauty.com/pages/faqs,https://www.truyubeauty.com/pages/faqs,44c23d5e67f5f8b8ca01cba9beb97dbcb7711f094e1ae3a509fee28f9647f0b8,5368bbf3973556d373b2ace477cfb821b91e5c649e35120a1ca009519d021330
682351011,TRUYU Cuticle & Nail Care Duo,Truyu,1,https://www.ocado.com/products/682351011,vegan,manufacturer,https://www.truyubeauty.com/pages/faqs,https://www.truyubeauty.com/pages/faqs,c47d395c84b223663cb8f3b15ff074c9dbda73634f723cf5c17ff8759746867e,5368bbf3973556d373b2ace477cfb821b91e5c649e35120a1ca009519d021330
682352011,TRUYU Ultimate Brush Collection,Truyu,1,https://www.ocado.com/products/682352011,vegan,manufacturer,https://www.truyubeauty.com/pages/faqs,https://www.truyubeauty.com/pages/faqs,4581b1820bc6049aa022a83a00b777d5adf1184417a0fbe7680c6381a825810c,5368bbf3973556d373b2ace477cfb821b91e5c649e35120a1ca009519d021330
682353011,TRUYU Curl Wonder Eyelash Curler,Truyu,1,https://www.ocado.com/products/682353011,vegan,manufacturer,https://www.truyubeauty.com/pages/faqs,https://www.truyubeauty.com/pages/faqs,79ec9527b980b6ae96b75cd04a1ed44f3f1d55a0f107e0bda4c05361ad9524b4,5368bbf3973556d373b2ace477cfb821b91e5c649e35120a1ca009519d021330
682354011,TRUYU Cloud Makeup Sponge,Truyu,1,https://www.ocado.com/products/682354011,vegan,manufacturer,https://www.truyubeauty.com/pages/faqs,https://www.truyubeauty.com/pages/faqs,a5b9fbd59eb4a97536672cc548188c7ba2955500e231cc6f1592ce6005b4cc43,5368bbf3973556d373b2ace477cfb821b91e5c649e35120a1ca009519d021330
682355011,TRUYU Makeup Puff,Truyu,1,https://www.ocado.com/products/682355011,vegan,manufacturer,https://www.truyubeauty.com/pages/faqs,https://www.truyubeauty.com/pages/faqs,5e54d45e5fa484ca6a0fcf839a30eec25310e55ad88a0bc218f51c71f39874be,5368bbf3973556d373b2ace477cfb821b91e5c649e35120a1ca009519d021330
682356011,TRUYU Complexion Brush Duo,Truyu,1,https://www.ocado.com/products/682356011,vegan,manufacturer,https://www.truyubeauty.com/pages/faqs,https://www.truyubeauty.com/pages/faqs,5e89d3c5102be44729775af6d09b355d97a535413274396468317f42266850ea,5368bbf3973556d373b2ace477cfb821b91e5c649e35120a1ca009519d021330
682357011,TRUYU Eyeshadow Brush Duo,Truyu,1,https://www.ocado.com/products/682357011,vegan,manufacturer,https://www.truyubeauty.com/pages/faqs,https://www.truyubeauty.com/pages/faqs,e854c92313e16f7f72e28ed3ebb913816a6f5f2db1d7c2babf0e18e49fc8b24f,5368bbf3973556d373b2ace477cfb821b91e5c649e35120a1ca009519d021330
682358011,TRUYU Angled Blusher Brush,Truyu,1,https://www.ocado.com/products/682358011,vegan,manufacturer,https://www.truyubeauty.com/pages/faqs,https://www.truyubeauty.com/pages/faqs,53e72416aa6a88b557bd4a03d493bacd1119bfb9e5f849745d76eea2073d7ef6,5368bbf3973556d373b2ace477cfb821b91e5c649e35120a1ca009519d021330
682359011,TRUYU Gold Easy View Tweezer,Truyu,1,https://www.ocado.com/products/682359011,vegan,manufacturer,https://www.truyubeauty.com/pages/faqs,https://www.truyubeauty.com/pages/faqs,045b52c8b932d3f7432636113d64e98fa9c62dd69b6152a1d5cc43501dda8360,5368bbf3973556d373b2ace477cfb821b91e5c649e35120a1ca009519d021330
682411011,DAISE Peachy Fragrance Body Mist in Berry & Mandarin,DAISE,1,https://www.ocado.com/products/682411011,vegan,manufacturer,https://www.daisebeauty.com/en-GB/product/fragrance-body-mist/peachy-daise,https://www.daisebeauty.com/en-GB/product/fragrance-body-mist/peachy-daise,f9bd66704f08092a4e8adedc967d059facd1fabde58ebc6699f665204ffd6f6c,bac2869b1c5a1327621c5d9dab5897b12a54be17f94e4530c4383a5a1bc5cd8e
682412011,DAISE Hello Fragrance Body Mist in Raspberry & Mint,DAISE,1,https://www.ocado.com/products/682412011,vegan,manufacturer,https://www.daisebeauty.com/en-GB/product/fragrance-body-mist/hello-daise,https://www.daisebeauty.com/en-GB/product/fragrance-body-mist/hello-daise,09fbe27c87c510d8648931965564c287dd1e7c9dce323691896465c692d8406c,a2d6ff6d37e4661c7ef65cfa29ca2de2fd84e64eafe298b5001af1c7bc167a81
682414011,DAISE Sunny Fragrance Body Mist in Vanilla & Coconut,DAISE,1,https://www.ocado.com/products/682414011,vegan,manufacturer,https://www.daisebeauty.com/en-GB/product/fragrance-body-mist/sunny-daise,https://www.daisebeauty.com/en-GB/product/fragrance-body-mist/sunny-daise,7b48c70940ecff98b2a4f00f000c325f6fa2c4b10da87791ed5195e4c9381e7a,01c2b0d0e1d9c50fb23289cfd2a9e728debf45c67e436c81b0762369cfc9eebd
682452011,Sukin Botanical Body Wash Sensitive Scent,Sukin,1,https://www.ocado.com/products/682452011,vegan,manufacturer,https://sukinnaturals.co.uk/pages/brand-values,https://sukinnaturals.co.uk/pages/brand-values,266b5441b43ff153249fdce1e962866ee629315a7cff9dd615c919cb9954af57,d71661a2bad3e55c57f5013d2f2c9901d5e2214c881c137292626e2cb07e5529
682453011,Sukin Botanical Lime and Coconut Body Wash,Sukin,1,https://www.ocado.com/products/682453011,vegan,manufacturer,https://sukinnaturals.co.uk/pages/brand-values,https://sukinnaturals.co.uk/pages/brand-values,19f74a7390b1f821ac45ac88b81f784ecfa626643d0a1939280608cec56b3f60,d71661a2bad3e55c57f5013d2f2c9901d5e2214c881c137292626e2cb07e5529
682475011,Dove Advanced Care Rebalancing Shower Gel,Dove,1,https://www.ocado.com/products/682475011,vegan,manufacturer,https://www.dove.com/uk/collections/body-wash-collection.sm.html,https://www.dove.com/uk/collections/body-wash-collection.sm.html,6b220f27f59123e785048811e088c252247e624d12032831c95f58e0e4301473,e073196d5b816997a79ccfbf59d3bcfcd3165cc5a4eb0e33a29db92ad8476fae
682476011,Dove Advanced Care Juicy Hydrate Body Wash,Dove,1,https://www.ocado.com/products/682476011,vegan,manufacturer,https://www.dove.com/uk/collections/body-wash-collection.sm.html,https://www.dove.com/uk/collections/body-wash-collection.sm.html,08e02d8260329f37a7231d780b892c13404bc9d0a4124c804526407a3b2db0ed,e073196d5b816997a79ccfbf59d3bcfcd3165cc5a4eb0e33a29db92ad8476fae
682487011,This Works Deep Sleep Beauty Soak,This Works,1,https://www.ocado.com/products/682487011,vegan,manufacturer,https://www.thisworks.com/products/deep-sleep-beauty-soak,https://www.thisworks.com/products/deep-sleep-beauty-soak,06fe7b5488dd2f27f3d2ba3c64f01472ef61e540e21c3ab4279297a8a4acb5a7,93d9cb374aa9510fc7c9f07548d2db8b7759df863bd67b7909ae36a4e8394a6a
682501011,Ecover Concentrated Fabric Softener Apple Blossom and Almond 30 Washes,Ecover,1,https://www.ocado.com/products/682501011,vegan,manufacturer,https://uk.ecover.com/faq/are-ecover-products-vegan/,https://uk.ecover.com/faq/are-ecover-products-vegan/,7ca65bc75eec238c09b9dfc456f048bad4c7caa954f1dfd652d407b26f6ea91f,103aa905691a3d06b62fde31fb3885cd18c3b1b00f8974d57c9290d4da99eea2
682502011,Ecover Concentrated Fabric Softener Gardenia & Vanilla 30 Washes,Ecover,1,https://www.ocado.com/products/682502011,vegan,manufacturer,https://uk.ecover.com/faq/are-ecover-products-vegan/,https://uk.ecover.com/faq/are-ecover-products-vegan/,7cbf73035181585dbcfa7c3fc319eda76f4cb417425f3b0cc521ee23fae14cf5,103aa905691a3d06b62fde31fb3885cd18c3b1b00f8974d57c9290d4da99eea2
682503011,Ecover Concentrated Fabric Softener Apple Blossom and Almond 57 Washes,Ecover,1,https://www.ocado.com/products/682503011,vegan,manufacturer,https://uk.ecover.com/faq/are-ecover-products-vegan/,https://uk.ecover.com/faq/are-ecover-products-vegan/,04a5c820235308ac2d07d25d1a0a90198196ce8b272986947d000af2251a4ad0,103aa905691a3d06b62fde31fb3885cd18c3b1b00f8974d57c9290d4da99eea2
682504011,Ecover Concentrated Fabric Softener Gardenia & Vanilla 57 Washes,Ecover,1,https://www.ocado.com/products/682504011,vegan,manufacturer,https://uk.ecover.com/faq/are-ecover-products-vegan/,https://uk.ecover.com/faq/are-ecover-products-vegan/,a8b43c4006ffba024941f5de2d812168cfd59331d0d85b127ab31c45e0c11b19,103aa905691a3d06b62fde31fb3885cd18c3b1b00f8974d57c9290d4da99eea2
682505011,Ecover Concentrated Fabric Softener Rose & Bergamot 57 Washes,Ecover,1,https://www.ocado.com/products/682505011,vegan,manufacturer,https://uk.ecover.com/faq/are-ecover-products-vegan/,https://uk.ecover.com/faq/are-ecover-products-vegan/,0075106798b2ed5d7a26b8632a19eb9a779c76072c99735f4d7aa96377ef7233,103aa905691a3d06b62fde31fb3885cd18c3b1b00f8974d57c9290d4da99eea2
682506011,Ecover Concentrated Fabric Softener Zero Non Bio 57 Washes,Ecover,1,https://www.ocado.com/products/682506011,vegan,manufacturer,https://uk.ecover.com/faq/are-ecover-products-vegan/,https://uk.ecover.com/faq/are-ecover-products-vegan/,9f5fb2e53c961d5093fe364e7f903b77e1c2ccd0214ce133d658b6585bcca15c,103aa905691a3d06b62fde31fb3885cd18c3b1b00f8974d57c9290d4da99eea2
682507011,Ecover Concentrated Fabric Softener Gardenia & Vanilla 200 Washes,Ecover,1,https://www.ocado.com/products/682507011,vegan,manufacturer,https://uk.ecover.com/faq/are-ecover-products-vegan/,https://uk.ecover.com/faq/are-ecover-products-vegan/,80b478b77ccfa544ac52e826acbed31b6afcba06a020b2922ad068f5bfd8ed67,103aa905691a3d06b62fde31fb3885cd18c3b1b00f8974d57c9290d4da99eea2
682508011,Ecover Concentrated Fabric Softener Apple Blossom and Almond 200 Washes,Ecover,1,https://www.ocado.com/products/682508011,vegan,manufacturer,https://uk.ecover.com/faq/are-ecover-products-vegan/,https://uk.ecover.com/faq/are-ecover-products-vegan/,982855cbe2c3f24afc4930f3297d7167accc23215fe9f1a4b0d15221cb5bdd8d,103aa905691a3d06b62fde31fb3885cd18c3b1b00f8974d57c9290d4da99eea2
682511011,Pepsi Max Tropical,Pepsi,1,https://www.ocado.com/products/682511011,vegan,manufacturer,https://www.pepsi.co.uk/faq,https://www.pepsi.co.uk/faq,e809b5a9f739990742227fd56931bc5a51f27947d884adf635cedf5fa51b311e,39914e626e7900e5ab69a67c0f33872f5c5656c79e9b1434f4ddf34e654c860c
682514011,Harry's Razor and 10 Blades Indigo Set,Harry's,1,https://www.ocado.com/products/682514011,vegan,manufacturer,https://harrys-uk.gorgias.help/en-GB/do-you-test-any-of-your-products-on-animals-1057279,https://harrys-uk.gorgias.help/en-GB/do-you-test-any-of-your-products-on-animals-1057279,57f4cb06303f8993148d4bfdf9a0da5577d57757c916824a829ab2975f134d49,80380652613806e11bb6cd948bd074a874ed354cd9f970fd276fb4b01e25ecb5 7aeb44f7d6ed344258e3c041363e78c0b88a16aaae98d9399532b8dad4fc0b6a 59a5bffc6b32fb86f6a82c7ba97a1cc37b33f87730789e008da1200b6f851769
682531011,Dr Organic Skin Clear Oil Control Moisturiser,Dr Organic,1,https://www.ocado.com/products/682531011,vegan,manufacturer,https://www.drorganic.co.uk/products/organic-skin-moisturisers,https://www.drorganic.co.uk/products/organic-skin-moisturisers,81ced18036c029a53cd38b39beb58796522160ccb14b0ec48e7685f7dc5b8618,47c8eb087459021e84562db01da46e188864ca42132ba1157b0e3f08088ab066
682533011,Dr Organic Skin Clear 5-in-1 Spot Treatment Gel,Dr Organic,1,https://www.ocado.com/products/682533011,vegan,manufacturer,https://www.drorganic.co.uk/products/skin-clear-treatment-gel?productid=droskn5in1gel,https://www.drorganic.co.uk/products/skin-clear-treatment-gel?productid=droskn5in1gel,3e771310a9565bed9e2d24b6ae754ab9cc2caaafe79e5c234b9ed8374d3f83e4,d4dedbbea3c30fbcbbdd063e4bfbb7678d46bbd0fdcbe90003d2ff96d76284de
682538011,Dr Organic Skin Clear Exfoliating Scrub,Dr Organic,1,https://www.ocado.com/products/682538011,vegan,manufacturer,https://www.drorganic.co.uk/products/skin-clear-exfoliating-scrub,https://www.drorganic.co.uk/products/skin-clear-exfoliating-scrub,de039f949d460180a593fa749fa6864c8ad349efb18a36c6c7b7b054ae8d213f,a3d79e4c0957aaaf3760203489fa965b9f96195a80c0e725d8099a40645ea515
682539011,Dr Organic Skin Clear Deep Cleansing Face Wash,Dr Organic,1,https://www.ocado.com/products/682539011,vegan,manufacturer,https://www.drorganic.co.uk/products/organic-skin-clear-face?productid=droskndepfcewash,https://www.drorganic.co.uk/products/organic-skin-clear-face?productid=droskndepfcewash,d9e9b68d50c55c9bae2eab3a8c5686b1b3b64e68e371bfc55bfbaea85441af4e,667008479090744512671fc5e156c1cb0603a9f5c4e22699f3b783ae2e3ab88b
682741011,Ecover Concentrated Non Bio Laundry Powder 19 Washes,Ecover,1,https://www.ocado.com/products/682741011,vegan,manufacturer,https://uk.ecover.com/faq/are-ecover-products-vegan/,https://uk.ecover.com/faq/are-ecover-products-vegan/,fafbd480992d3271251cbb67117fc1055e0a9ec9e32450611a1c4b39c262800a,103aa905691a3d06b62fde31fb3885cd18c3b1b00f8974d57c9290d4da99eea2
682742011,Ecover Concentrated Bio Laundry Powder 19 Washes,Ecover,1,https://www.ocado.com/products/682742011,vegan,manufacturer,https://uk.ecover.com/faq/are-ecover-products-vegan/,https://uk.ecover.com/faq/are-ecover-products-vegan/,76987be962dd533aa95a25ccd1331d3055a2f25c4ed3a1e7302feedffb3a62ca,103aa905691a3d06b62fde31fb3885cd18c3b1b00f8974d57c9290d4da99eea2
682743011,Ecover Concentrated Non Bio Laundry Powder 80 Washes,Ecover,1,https://www.ocado.com/products/682743011,vegan,manufacturer,https://uk.ecover.com/faq/are-ecover-products-vegan/,https://uk.ecover.com/faq/are-ecover-products-vegan/,26e291b51190e8c9d696e25141f6f53861436eceabad1d8f1953b5f3402e67fe,103aa905691a3d06b62fde31fb3885cd18c3b1b00f8974d57c9290d4da99eea2
682744011,Ecover Concentrated Non Bio Laundry Powder 38 Washes,Ecover,1,https://www.ocado.com/products/682744011,vegan,manufacturer,https://uk.ecover.com/faq/are-ecover-products-vegan/,https://uk.ecover.com/faq/are-ecover-products-vegan/,8b50e2ff7315f6f2732a5c6254be8eb8a9ac861c3754b9dbf5c4ca9bd8332139,103aa905691a3d06b62fde31fb3885cd18c3b1b00f8974d57c9290d4da99eea2
682745011,Ecover Power Washing Up Liquid,Ecover,1,https://www.ocado.com/products/682745011,vegan,manufacturer,https://uk.ecover.com/faq/are-ecover-products-vegan/,https://uk.ecover.com/faq/are-ecover-products-vegan/,32461a904c95bed9d4e7342d76cb7342a3f7b5d69cb214f3f048ba8a3ab388ff,103aa905691a3d06b62fde31fb3885cd18c3b1b00f8974d57c9290d4da99eea2
682746011,Ecover Power Washing Up Liquid,Ecover,1,https://www.ocado.com/products/682746011,vegan,manufacturer,https://uk.ecover.com/faq/are-ecover-products-vegan/,https://uk.ecover.com/faq/are-ecover-products-vegan/,6051415caab7243aa12d5fc3c7c7f806d4bfc11771846cad524c6e3dbf19c332,103aa905691a3d06b62fde31fb3885cd18c3b1b00f8974d57c9290d4da99eea2
682747011,Ecover Power Washing Up Liquid,Ecover,1,https://www.ocado.com/products/682747011,vegan,manufacturer,https://uk.ecover.com/faq/are-ecover-products-vegan/,https://uk.ecover.com/faq/are-ecover-products-vegan/,12992f88303c12733b4039d6910317d89ca2b0b8010b8de075dd04ac5937036b,103aa905691a3d06b62fde31fb3885cd18c3b1b00f8974d57c9290d4da99eea2
682748011,Ecover Concentrated Fabric Softener Rose & Bergamot 200 Washes,Ecover,1,https://www.ocado.com/products/682748011,vegan,manufacturer,https://uk.ecover.com/faq/are-ecover-products-vegan/,https://uk.ecover.com/faq/are-ecover-products-vegan/,b6efb04e3a0fff6074ad4e1f9e88b9fc03509b5e3eba78c070e5b7adeca74b92,103aa905691a3d06b62fde31fb3885cd18c3b1b00f8974d57c9290d4da99eea2
682749011,Ecover Concentrated Fabric Softener Zero Non Bio 200 Washes,Ecover,1,https://www.ocado.com/products/682749011,vegan,manufacturer,https://uk.ecover.com/faq/are-ecover-products-vegan/,https://uk.ecover.com/faq/are-ecover-products-vegan/,2ec9cab9fa640dce789c57e711845f6565f894dd7363b5eecfee15984b11a9d2,103aa905691a3d06b62fde31fb3885cd18c3b1b00f8974d57c9290d4da99eea2
682751011,Method Heavy Duty Bathroom Cleaner,Method,1,https://www.ocado.com/products/682751011,vegan,manufacturer,https://methodproducts.co.uk/about-us/faq/,https://methodproducts.co.uk/about-us/faq/,a167d9a18f5faf56c17f9b1d31f3695f2603e95d8e00a4a6441e9c68ca43853b,746e77346138f37e5f7008edf1df397fd577b7a48ed80d68554f2247288a0e12 af56d2c5ebe196f060f2be37c35644dbed4abf1f9a6f9ee93ddb6e9b289ba122
682752011,Method Heavy Duty Oven & Hob Cleaner,Method,1,https://www.ocado.com/products/682752011,vegan,manufacturer,https://methodproducts.co.uk/about-us/faq/,https://methodproducts.co.uk/about-us/faq/,e07027735dd18da7586a1077574ab21b3a0d8dc81ae24f4424c87f2163779846,746e77346138f37e5f7008edf1df397fd577b7a48ed80d68554f2247288a0e12 af56d2c5ebe196f060f2be37c35644dbed4abf1f9a6f9ee93ddb6e9b289ba122
682753011,Method Heavy Duty Lime Scale Removal,Method,1,https://www.ocado.com/products/682753011,vegan,manufacturer,https://methodproducts.co.uk/about-us/faq/,https://methodproducts.co.uk/about-us/faq/,0ea16e51c22e2dde3500e8e43665185f7756220a2d44377bd86eb3a99a878c0e,746e77346138f37e5f7008edf1df397fd577b7a48ed80d68554f2247288a0e12 af56d2c5ebe196f060f2be37c35644dbed4abf1f9a6f9ee93ddb6e9b289ba122
682802011,TRIBE Wildfarmed Apple and Raspberry Flapjack,TRIBE,1,https://www.ocado.com/products/682802011,vegan,manufacturer,https://wearetribe.co/pages/faq,https://wearetribe.co/pages/faq,273d6763651ec99c665ce928d4cfe15174d0aada38376c9c2c606958ba994a56,08328eb6837db280993a3e9211bdda14ba4cd7b104d5dbc8ee5b2f7d38b7c3de
682803011,TRIBE Wildfarmed Blueberry and Almond Butter Flapjack,TRIBE,1,https://www.ocado.com/products/682803011,vegan,manufacturer,https://wearetribe.co/pages/faq,https://wearetribe.co/pages/faq,e09360e6cdc311dd44b386a2b6c15f64fb541d8f5357d4f6d69db1cae4311245,08328eb6837db280993a3e9211bdda14ba4cd7b104d5dbc8ee5b2f7d38b7c3de
682804011,"TRIBE Wildfarmed Pecan, Toffee and Raisin Flapjack",TRIBE,1,https://www.ocado.com/products/682804011,vegan,manufacturer,https://wearetribe.co/pages/faq,https://wearetribe.co/pages/faq,f9046ef801345df4c147693f8d41b592a385b7a53e7c8bf21180d4ba3e3311ec,08328eb6837db280993a3e9211bdda14ba4cd7b104d5dbc8ee5b2f7d38b7c3de
682967011,Lucozade Sport Drink Ice Kick Jude Bellingham Edition,Lucozade,1,https://www.ocado.com/products/682967011,vegan,manufacturer,https://lucozade.com/support/,https://lucozade.com/support/,2ecf5ec6cb8db0ca2b603c515f695457f31d71cac0e0a0d04dd1cd8902475d52,a257d08bc97fba91f494f44c4f4681d072339e889857fdd25edbca357f45c139
683120011,Ecover Concentrated Non Bio Zero Laundry Powder 19 Washes,Ecover,1,https://www.ocado.com/products/683120011,vegan,manufacturer,https://uk.ecover.com/faq/are-ecover-products-vegan/,https://uk.ecover.com/faq/are-ecover-products-vegan/,68ec1e212807d6117857bed2d4788787a361f084c3993d25dc57b744c5f666c2,103aa905691a3d06b62fde31fb3885cd18c3b1b00f8974d57c9290d4da99eea2
683235011,Nails.INC Topless Nail Polish Scarlett,Nails Inc.,1,https://www.ocado.com/products/683235011,vegan,manufacturer,https://nailsinc.com/products/scarlett-1-step-gel-its-topless-nail-polish,https://nailsinc.com/products/scarlett-1-step-gel-its-topless-nail-polish,6f15c9975659b1a2e363ba1bd49e12409874732398cb29c20451f3f5e359bd14,b8a425d28108102b6f062bd87a6d46eff0946516bea00f2cc4061d6d385a661a fef8415a1e4660e1ca98bda30a2d6ed87eaf28c302deb36126ba1f587dc0334a
683236011,Nails.INC Topless Nail Polish Renee,Nails Inc.,1,https://www.ocado.com/products/683236011,vegan,manufacturer,https://nailsinc.com/products/renee-1-step-gel-its-topless-nail-polish,https://nailsinc.com/products/renee-1-step-gel-its-topless-nail-polish,ad863042f50e16aa1dcb7b94112052df5a6e888729a5e7e6f739b3a1c949e6aa,c072e123791cfeec52189e6240e7e734c0e4ef49c7d4d5f9418dc3ea4bc076e0 fef8415a1e4660e1ca98bda30a2d6ed87eaf28c302deb36126ba1f587dc0334a
683237011,Nails.INC Topless Nail Polish Allegra,Nails Inc.,1,https://www.ocado.com/products/683237011,vegan,manufacturer,https://nailsinc.com/products/allegra-1-step-gel-its-topless-nail-polish,https://nailsinc.com/products/allegra-1-step-gel-its-topless-nail-polish,9965e13e04d4324d4cb1bd72258a8508efc3bfd1e53f376422a101b393c27c1c,96f519be8bfb2146dcabec37ef5bc391019d12278fc3516678307aa708779066 fef8415a1e4660e1ca98bda30a2d6ed87eaf28c302deb36126ba1f587dc0334a
683238011,Nails.INC Topless Nail Polish Trinny,Nails Inc.,1,https://www.ocado.com/products/683238011,vegan,manufacturer,https://nailsinc.com/products/trinny-1-step-gel-its-topless-nail-polish,https://nailsinc.com/products/trinny-1-step-gel-its-topless-nail-polish,1e45518763a316f35a947fe27ae8dfb339e6775221daf4d34bc631be3f5ee500,e33e0a02343312bffc5b6f2abdb2b74f316a840763cbce119dd59b1dc990866d fef8415a1e4660e1ca98bda30a2d6ed87eaf28c302deb36126ba1f587dc0334a
683239011,Nails.INC Topless Nail Polish Florence,Nails Inc.,1,https://www.ocado.com/products/683239011,vegan,manufacturer,https://nailsinc.com/products/florence-1-step-gel-its-topless-nail-polish,https://nailsinc.com/products/florence-1-step-gel-its-topless-nail-polish,747de3f888dbd6b6390a256503a3e8ae0788e87ff922f4cddcae7bc4885defa1,d968cc60a65fbd3ae46832a9f73d2a8069be6fea7072de1eef5f5e3ccffac6e6 fef8415a1e4660e1ca98bda30a2d6ed87eaf28c302deb36126ba1f587dc0334a
683240011,Nails.INC Euphoria Nail Polish Must Be Magic,Nails Inc.,1,https://www.ocado.com/products/683240011,vegan,manufacturer,https://nailsinc.com/products/must-be-magic-euphoria-highlight-nail-polish,https://nailsinc.com/products/must-be-magic-euphoria-highlight-nail-polish,13112697ad3b79fa37ac090f8f447a9aea0ec4dad78b31d7058fbed25ccd93f7,628d675c21aabe3913dcc8b6ab8a6e1f408dde64f60a371232827b334811651a fef8415a1e4660e1ca98bda30a2d6ed87eaf28c302deb36126ba1f587dc0334a
683241011,Nails.INC Topless Nail Polish Simone,Nails Inc.,1,https://www.ocado.com/products/683241011,vegan,manufacturer,https://nailsinc.com/products/simone-1-step-gel-its-topless-nail-polish,https://nailsinc.com/products/simone-1-step-gel-its-topless-nail-polish,90bd91cbf055945eed7b361f6ad9b73a84b643e268bc260ad8056fcfce7ae351,980370edae80450a6e29b78538a57b37071a9342450045e553772502356d8459 fef8415a1e4660e1ca98bda30a2d6ed87eaf28c302deb36126ba1f587dc0334a
683242011,Nails.INC Topless Nail Polish Kylie,Nails Inc.,1,https://www.ocado.com/products/683242011,vegan,manufacturer,https://nailsinc.com/products/kylie-1-step-gel-its-topless-nail-polish,https://nailsinc.com/products/kylie-1-step-gel-its-topless-nail-polish,397b5795ffdfcb964807cd00ef19b358beccbc4ace050ba2389f753a179483b9,af5eb4630dab00e17e19c93603bd6acec2eb97d69c281e210a5be32afaf2bb28 fef8415a1e4660e1ca98bda30a2d6ed87eaf28c302deb36126ba1f587dc0334a
683243011,Nails.INC Topless Nail Polish Addison,Nails Inc.,1,https://www.ocado.com/products/683243011,vegan,manufacturer,https://nailsinc.com/products/addison-1-step-gel-its-topless-nail-polish,https://nailsinc.com/products/addison-1-step-gel-its-topless-nail-polish,9d7bf133c7209685204ad0569933d0a4494070942773b4197cff6d3af50067c6,d9e31079169d13b13c6c7874aac6e22107be33e6ead3561fe3e98ae6fe7fddea fef8415a1e4660e1ca98bda30a2d6ed87eaf28c302deb36126ba1f587dc0334a
683244011,Nails.INC Pink Mirror Chrome Nail Polish You're Being Chromatic,Nails Inc.,1,https://www.ocado.com/products/683244011,vegan,manufacturer,https://nailsinc.com/products/youre-being-chromatic-mirror-nail-polish,https://nailsinc.com/products/youre-being-chromatic-mirror-nail-polish,cc9b38ef6e8069d73f058d09774978d7bc7390c660c2188eb2ba7d4ae21e165a,049b9c1e274de202c9a6322bee96276a040d6fdb6e7b3f606bdf425d1093dbf2 fef8415a1e4660e1ca98bda30a2d6ed87eaf28c302deb36126ba1f587dc0334a
683245011,Nails.INC Topless Nail Polish Khloe,Nails Inc.,1,https://www.ocado.com/products/683245011,vegan,manufacturer,https://nailsinc.com/products/khloe-1-step-gel-its-topless-nail-polish,https://nailsinc.com/products/khloe-1-step-gel-its-topless-nail-polish,86b58d32b7ef19054a9008bc82e6ad4aca35b0000dfd2aba7b67e3d6b6980820,9b39f29a4a57affe4ea952103358af45195bfae285246169f1dc36703e128cd7 fef8415a1e4660e1ca98bda30a2d6ed87eaf28c302deb36126ba1f587dc0334a
683246011,Nails.INC Topless Nail Polish Demi,Nails Inc.,1,https://www.ocado.com/products/683246011,vegan,manufacturer,https://nailsinc.com/products/demi-1-step-gel-its-topless-nail-polish,https://nailsinc.com/products/demi-1-step-gel-its-topless-nail-polish,03a4eb57da29d7c69b5fdb5e99fccfd8add2b3f24e03a266ea368ff449913aaa,aecdb6e12473776d1f3c04cc1e5e8f37275a704479ce74584389495f05ab6ce3 fef8415a1e4660e1ca98bda30a2d6ed87eaf28c302deb36126ba1f587dc0334a
683358011,Nails.INC Cherry Noir Nail Polish Duo,Nails Inc.,1,https://www.ocado.com/products/683358011,vegan,manufacturer,https://nailsinc.com/products/cherry-noir-nail-polish-duo,https://nailsinc.com/products/cherry-noir-nail-polish-duo,b05b90695260a7ce2b20f88186c6ddd123e0d10ec098bbaadd5c095fb72b8e7d,d79eb023891001379abcb2906b9db7b99dacd678581963cd02312985f1df7882 fef8415a1e4660e1ca98bda30a2d6ed87eaf28c302deb36126ba1f587dc0334a
683419011,Miniml Body Wash & Bubble Bath Refreshing Tea Tree & Mint,Miniml,1,https://www.ocado.com/products/683419011,vegan,manufacturer,https://minimlrefills.co.uk/pages/our-mission,https://minimlrefills.co.uk/pages/our-mission,a2eb1b14ce384fafbf422c96d36c0df196edc39a81e0452082dcce1a14831025,a0518f26ea2eff45a5d83c71ce89ef134d5ed855ed5c1e03cd71339c30bdf874
683420011,Miniml Body Wash & Bubble Bath Calming Lavender,Miniml,1,https://www.ocado.com/products/683420011,vegan,manufacturer,https://minimlrefills.co.uk/pages/our-mission,https://minimlrefills.co.uk/pages/our-mission,2da2abd511a789bada4126367767f3a81a2767b29a758d809d92bbc2ff76ada9,a0518f26ea2eff45a5d83c71ce89ef134d5ed855ed5c1e03cd71339c30bdf874
683421011,Miniml Body Wash & Bubble Bath Indulgent Coconut,Miniml,1,https://www.ocado.com/products/683421011,vegan,manufacturer,https://minimlrefills.co.uk/pages/our-mission,https://minimlrefills.co.uk/pages/our-mission,26a6e86b30e9c8b4d017b653667b241894cd0682adc6ea05d161cd289664ad28,a0518f26ea2eff45a5d83c71ce89ef134d5ed855ed5c1e03cd71339c30bdf874
683422011,Miniml Body Wash & Bubble Bath Uplifting Pink Grapefruit,Miniml,1,https://www.ocado.com/products/683422011,vegan,manufacturer,https://minimlrefills.co.uk/pages/our-mission,https://minimlrefills.co.uk/pages/our-mission,d9230f006825c3ad2258aa0aa5d3b23a6d8972ebcc966b94fef49c1021d381f1,a0518f26ea2eff45a5d83c71ce89ef134d5ed855ed5c1e03cd71339c30bdf874
683423011,Miniml Nourishing Shampoo Calming Lavender,Miniml,1,https://www.ocado.com/products/683423011,vegan,manufacturer,https://minimlrefills.co.uk/pages/our-mission,https://minimlrefills.co.uk/pages/our-mission,4541f3ec024a8797ebb76c29c91c6c221caacdedde3b476b56445d036fa3b34e,a0518f26ea2eff45a5d83c71ce89ef134d5ed855ed5c1e03cd71339c30bdf874
683424011,Miniml Hydrating Shampoo Indulgent Coconut,Miniml,1,https://www.ocado.com/products/683424011,vegan,manufacturer,https://minimlrefills.co.uk/pages/our-mission,https://minimlrefills.co.uk/pages/our-mission,74f7703e8768cb3fc76c0caa2ac5078db16002f38d29c1314d1f2b11459252ff,a0518f26ea2eff45a5d83c71ce89ef134d5ed855ed5c1e03cd71339c30bdf874
683425011,Miniml Balancing Shampoo Uplifting Pink Grapefruit,Miniml,1,https://www.ocado.com/products/683425011,vegan,manufacturer,https://minimlrefills.co.uk/pages/our-mission,https://minimlrefills.co.uk/pages/our-mission,cc5c51348cf4d318f2a599eb11fb5a99f018412f954bfde3384251936ec7b06b,a0518f26ea2eff45a5d83c71ce89ef134d5ed855ed5c1e03cd71339c30bdf874
683426011,Miniml Clarifying Shampoo Refreshing Tea Tree & Mint,Miniml,1,https://www.ocado.com/products/683426011,vegan,manufacturer,https://minimlrefills.co.uk/pages/our-mission,https://minimlrefills.co.uk/pages/our-mission,7fd39a49d037fe29d29fbd3b598ff59ebb53f007bce37b2c11144bc700521a08,a0518f26ea2eff45a5d83c71ce89ef134d5ed855ed5c1e03cd71339c30bdf874
683427011,Miniml Hand Wash Refreshing Lime & Basil,Miniml,1,https://www.ocado.com/products/683427011,vegan,manufacturer,https://minimlrefills.co.uk/pages/our-mission,https://minimlrefills.co.uk/pages/our-mission,7db184c4dfd6b7f5f9146f49bb0bc24001a61eb9c3999793e89f631a45501bfa,a0518f26ea2eff45a5d83c71ce89ef134d5ed855ed5c1e03cd71339c30bdf874
683428011,Miniml Anti-Bac Hand Wash Uplifting Clementine,Miniml,1,https://www.ocado.com/products/683428011,vegan,manufacturer,https://minimlrefills.co.uk/pages/our-mission,https://minimlrefills.co.uk/pages/our-mission,19176d8cf38fc4c655e02ed3726730662b9e5f69eb16d47e1b1e666449a0fa21,a0518f26ea2eff45a5d83c71ce89ef134d5ed855ed5c1e03cd71339c30bdf874
683429011,Miniml Hand Wash Calming Cucumber,Miniml,1,https://www.ocado.com/products/683429011,vegan,manufacturer,https://minimlrefills.co.uk/pages/our-mission,https://minimlrefills.co.uk/pages/our-mission,d1faed92ea29375a18120b3ca550215f57c4e80921d218f05bd734347bf5a9d2,a0518f26ea2eff45a5d83c71ce89ef134d5ed855ed5c1e03cd71339c30bdf874
683430011,Miniml Hand Wash Uplifting Pink Grapefruit,Miniml,1,https://www.ocado.com/products/683430011,vegan,manufacturer,https://minimlrefills.co.uk/pages/our-mission,https://minimlrefills.co.uk/pages/our-mission,18bcdf8c8c96975f1e689180ab31b7e680c3ceb586b2cbe052b0264a7ec1bbf4,a0518f26ea2eff45a5d83c71ce89ef134d5ed855ed5c1e03cd71339c30bdf874
683438011,Miniml Nourishing Hair Conditioner Calming Lavender,Miniml,1,https://www.ocado.com/products/683438011,vegan,manufacturer,https://minimlrefills.co.uk/pages/our-mission,https://minimlrefills.co.uk/pages/our-mission,a3ae9f5e3f4a1b0a87eba5b06f528abdf4269f5a55a3ac008ed3a43ac08dcf7c,a0518f26ea2eff45a5d83c71ce89ef134d5ed855ed5c1e03cd71339c30bdf874
683439011,Miniml Hydrating Hair Conditioner Indulgent Coconut,Miniml,1,https://www.ocado.com/products/683439011,vegan,manufacturer,https://minimlrefills.co.uk/pages/our-mission,https://minimlrefills.co.uk/pages/our-mission,4429080289b347281756ff0256012349d2ec5ca4cd0c2632d5af7147bd5c7d10,a0518f26ea2eff45a5d83c71ce89ef134d5ed855ed5c1e03cd71339c30bdf874
683440011,Miniml Clarifying Hair Conditioner Refreshing Tea Tree & Mint,Miniml,1,https://www.ocado.com/products/683440011,vegan,manufacturer,https://minimlrefills.co.uk/pages/our-mission,https://minimlrefills.co.uk/pages/our-mission,bf4408f256eeccfe219c67da5baaee3d91e868af79f2cce762f0cc5f84ceafe1,a0518f26ea2eff45a5d83c71ce89ef134d5ed855ed5c1e03cd71339c30bdf874
683565011,John Frieda Violet Crush Purple Bundle Pack,John Frieda,1,https://www.ocado.com/products/683565011,vegan,manufacturer,https://www.johnfrieda.com/en-uk/products/blonde/violet-crush/purple-shampoo-for-blonde-hair/,https://www.johnfrieda.com/en-uk/products/blonde/violet-crush/purple-shampoo-for-blonde-hair/,4dc42fd8a1a576cb2536d43cb9a3fdd678dce220946819e80af0134cdfbb68cd,7e856c7b318ba586893a4604fcb85421d6094bc7ca6d0c239a3347125f7bb95c 2c75a49fcfcdbbb5f43d05a13d7ca3e69bf99828a0ac3190b308065961a792a0
683567011,John Frieda Sheer Blonde Brightening Bundle Pack,John Frieda,1,https://www.ocado.com/products/683567011,vegan,manufacturer,https://www.johnfrieda.com/en-uk/products/blonde/sheer-blonde/brightening-shampoo/,https://www.johnfrieda.com/en-uk/products/blonde/sheer-blonde/brightening-shampoo/,d6f2f35c4bf0eff771ea72b5c0ad555165e02006fcccdcef664e6b483eae7fd3,4ebce1478cac3907beab9bea1106977474c7100f43f40666a9ee41047fb5db29 cdd49562b86052a894e278939a282538849516db282cdbfb419fc6e2d6a9c38f
683568011,John Frieda Go Blonder Lightening Bundle Pack,John Frieda,1,https://www.ocado.com/products/683568011,vegan,manufacturer,https://www.johnfrieda.com/en-uk/products/blonde/go-blonder/lightening-shampoo/,https://www.johnfrieda.com/en-uk/products/blonde/go-blonder/lightening-shampoo/,28779b58184cdf9c7e71d73b653e9032ebd2ec96edbe47d23b989f55fe778e3a,3b31147cc28134ef0def06f6fff9315dcc6a893313b8ae0e37c8e59ed172fce2 c0ae01fcc298690f68fa09670cd586b2103629b9e9fe00634c30b7e61c2bab10
683569011,John Frieda Miraculous Recovery Bundle Pack,John Frieda,1,https://www.ocado.com/products/683569011,vegan,manufacturer,https://www.johnfrieda.com/en-uk/products/frizz-ease/miraculous-recovery/shampoo/,https://www.johnfrieda.com/en-uk/products/frizz-ease/miraculous-recovery/shampoo/,0853809c0f95629e5a50849f04a34d12d90f80835fe1986b54dae66818049089,40d8e49cc947506d76cc6614bd1794074d6ccf0ff55210ecd7a85981a194874b 5f759281267c315f92c9053fdef59849ab181c93570fe8dd9780ca0e3aaa2dab
683570011,John Frieda Volume Lift Lightweight Bundle Pack,John Frieda,1,https://www.ocado.com/products/683570011,vegan,manufacturer,https://www.johnfrieda.com/en-uk/products/volume/volume-lift/lightweight-shampoo/,https://www.johnfrieda.com/en-uk/products/volume/volume-lift/lightweight-shampoo/,cd2b2780c4e5ca6bb777ec001c271b71d829403987cbf44b39b89aa5dd863cbf,76c90ab45da4391cd10786bae7a8f396f759d90b72966b2a3d95008e7523ae8c e9f92342b022fb6a6d8446f5d03a8ab481caecfe8c82ab03c640c4e467395ffd
683572011,Miniml Balancing Hair Conditioner Uplifting Pink Grapefruit,Miniml,1,https://www.ocado.com/products/683572011,vegan,manufacturer,https://minimlrefills.co.uk/pages/our-mission,https://minimlrefills.co.uk/pages/our-mission,3f7c9a4276d263b875e85d7e983bdbf7318bd25fb9d4f26507d0be58af54cb0a,a0518f26ea2eff45a5d83c71ce89ef134d5ed855ed5c1e03cd71339c30bdf874
683626011,Absolut Tabasco Flavoured Swedish Vodka,Absolut,1,https://www.ocado.com/products/683626011,vegan,manufacturer,https://www.absolut.com/en/faq/,https://www.absolut.com/en/faq/,c6c59237cea3177117464a28f85c6694a115f0bf30dbc98412781af5fe7bc86f,6d416f60c99bf304f6f4bfee92ec3c8f1d73f950bf55f2f62428762f49abbe6b
683627011,Absolut Peach Flavoured Swedish Vodka,Absolut,1,https://www.ocado.com/products/683627011,vegan,manufacturer,https://www.absolut.com/en/faq/,https://www.absolut.com/en/faq/,59b695e69c0fd04421f72317c112f9f439e489a206efad1ccddb1b85df7194da,6d416f60c99bf304f6f4bfee92ec3c8f1d73f950bf55f2f62428762f49abbe6b
683628011,Absolut Vanilia Flavoured Swedish Vodka,Absolut,1,https://www.ocado.com/products/683628011,vegan,manufacturer,https://www.absolut.com/en/faq/,https://www.absolut.com/en/faq/,d186f3db04582b1e5bc18fb40a032799e1191253760f73da5a3c09c90a393333,6d416f60c99bf304f6f4bfee92ec3c8f1d73f950bf55f2f62428762f49abbe6b
683643011,Miniml Toilet Cleaner Spearmint And Peppermint,Miniml,1,https://www.ocado.com/products/683643011,vegan,manufacturer,https://minimlrefills.co.uk/pages/our-mission,https://minimlrefills.co.uk/pages/our-mission,aed4f79e739d8156a26d163100b89179f5f3dffb7db3919d280afa102aaca982,a0518f26ea2eff45a5d83c71ce89ef134d5ed855ed5c1e03cd71339c30bdf874
683662011,Method Pure Peace Shampoo,Method,1,https://www.ocado.com/products/683662011,vegan,manufacturer,https://methodproducts.co.uk/about-us/faq/,https://methodproducts.co.uk/about-us/faq/,11f8800b2558346f1977e686b80c2e1562c5ffcb0b142ec1e3a91be87de15a87,746e77346138f37e5f7008edf1df397fd577b7a48ed80d68554f2247288a0e12 af56d2c5ebe196f060f2be37c35644dbed4abf1f9a6f9ee93ddb6e9b289ba122
683663011,Method Daily Zen Shampoo,Method,1,https://www.ocado.com/products/683663011,vegan,manufacturer,https://methodproducts.co.uk/about-us/faq/,https://methodproducts.co.uk/about-us/faq/,c248dae1a9053216364fa1f10a8148be21f222010985ee08008da17a24a8cd39,746e77346138f37e5f7008edf1df397fd577b7a48ed80d68554f2247288a0e12 af56d2c5ebe196f060f2be37c35644dbed4abf1f9a6f9ee93ddb6e9b289ba122
683665011,Method Pure Peace Hair Conditioner,Method,1,https://www.ocado.com/products/683665011,vegan,manufacturer,https://methodproducts.co.uk/about-us/faq/,https://methodproducts.co.uk/about-us/faq/,e56498f1f1f1d8429587cc1a6823652dbf2735a891ad4701859ba6291b5461ae,746e77346138f37e5f7008edf1df397fd577b7a48ed80d68554f2247288a0e12 af56d2c5ebe196f060f2be37c35644dbed4abf1f9a6f9ee93ddb6e9b289ba122
683667011,Method Daily Zen Hair Conditioner,Method,1,https://www.ocado.com/products/683667011,vegan,manufacturer,https://methodproducts.co.uk/about-us/faq/,https://methodproducts.co.uk/about-us/faq/,7a781454c559c43131bb096feac3fa03ac280e7822a54afba819b64a6f136ebb,746e77346138f37e5f7008edf1df397fd577b7a48ed80d68554f2247288a0e12 af56d2c5ebe196f060f2be37c35644dbed4abf1f9a6f9ee93ddb6e9b289ba122
683790011,"Mitchum Male Ultimate 72H Roll-On, Forest Air",Mitchum,1,https://www.ocado.com/products/683790011,vegan,manufacturer,https://www.mitchum.co.uk/products/mitchum-men-ultimate-72h-roll-on-forest-air-100ml,https://www.mitchum.co.uk/products/mitchum-men-ultimate-72h-roll-on-forest-air-100ml,112c832c1e6da39a47200aeabfbd0bded66096c9c8c2e2f7662c65a49ce242cc,5b51ad4f665c2363b719222cadc794f60b862819907a090f2c2e40a2e8e7a099
683791011,"Mitchum Female Ultimate 72H Roll-On, Bright Floral",Mitchum,1,https://www.ocado.com/products/683791011,vegan,manufacturer,https://www.mitchum.co.uk/products/mitchum-women-ultimate-72h-roll-on-bright-floral-100ml,https://www.mitchum.co.uk/products/mitchum-women-ultimate-72h-roll-on-bright-floral-100ml,f695255126ae89f0e8845a7657288483c59b5ba988dc23f782b93f92da8de9f1,899cd47b0cc7a3e7b1db09c6aae4eaa1e062aab4fe21265246852316d4ceff7e
683792011,"Mitchum Female Ultimate 72H Roll-On, Floral Citrus",Mitchum,1,https://www.ocado.com/products/683792011,vegan,manufacturer,https://www.mitchum.co.uk/products/mitchum-women-ultimate-72h-roll-on-floral-citrus-100ml,https://www.mitchum.co.uk/products/mitchum-women-ultimate-72h-roll-on-floral-citrus-100ml,aec86082367e645a9714554c90667ffe38a950ec0e4b1191f222bfa4899650ab,e50cb3b6c2a1c5c447a149008263cfe88f10c98ea878c86fe4ee6722a638547c
683793011,"Mitchum Male Ultimate 72H Roll-On, Active Ocean",Mitchum,1,https://www.ocado.com/products/683793011,vegan,manufacturer,https://www.mitchum.co.uk/products/mitchum-men-ultimate-72h-roll-on-active-ocean-100ml,https://www.mitchum.co.uk/products/mitchum-men-ultimate-72h-roll-on-active-ocean-100ml,df29f4c7e6794f128fcf3b8ddb7db55dc982f82300b3be3dd7ddcc013cb2c119,db442fbafa8bbc094bea0c9f926f6391a214db90b33dbb5e46791cc91d26702d
683794011,"Mitchum Male Ultimate 72H Roll-On, Bold Energy",Mitchum,1,https://www.ocado.com/products/683794011,vegan,manufacturer,https://www.mitchum.co.uk/products/mitchum-men-ultimate-72h-roll-on-bold-energy-100ml,https://www.mitchum.co.uk/products/mitchum-men-ultimate-72h-roll-on-bold-energy-100ml,eed677f4d3d6e242fc5323ccbfcd465414be7e07b717471307b0b76fcfe267b5,cc4ddc56cbb5da2e6096bf769f85ac144b673265d82a5dbd6d957675ce2f9ab2
683795011,"Mitchum Female Ultimate 72H Roll-On, Cotton Burst",Mitchum,1,https://www.ocado.com/products/683795011,vegan,manufacturer,https://www.mitchum.co.uk/products/mitchum-women-ultimate-72h-roll-on-cotton-burst-100ml,https://www.mitchum.co.uk/products/mitchum-women-ultimate-72h-roll-on-cotton-burst-100ml,a2abf6ccca2e816c03e7a2e331c6454c2aa5fcf94a64d3defe2393698440ac45,5062e836a45de7f5aa6729806e81d64ed8de18c1c7383b8a82b0145a932aa77b
683879011,ADONiS Keto Protein Shake Vanilla,Adonis,1,https://www.ocado.com/products/683879011,vegan,manufacturer,https://adonis-foods.com/collections/complete-protein,https://adonis-foods.com/collections/complete-protein,4701633658cd1c02ba74ee8a3d7c37fddadd93306c1b32ac16e53997904bce6d,689158ead86c97ba687d6c9756a9ab5b1f74802aeb1fa183dd8cb39891f3009b 390a14fd93147770494ebc81239936ddf144c1c6ed7790c155fbd32808d0362f
684220011,Inch's Reserve Apple Cider,Inch's,1,https://www.ocado.com/products/684220011,vegan,manufacturer,https://www.inchscider.co.uk/faqs,https://www.inchscider.co.uk/faqs,3df8e315921604c424ef9c4f532062927505ab585a239cf71b51a5a699f56008,1ceef805400789476738fd2d10bf25b01dc6e1d7bed86db26463675b7ca3d612 a53a79a8865a40de9ec339e22423f4651c9eb3cd9f81ca588fac77f9523eb494 b6cf0ddc2ab4b7fc620b9e2d3290fb8c26303a7e2a20fe5dd428a01098b6f981
684925011,Dove No01 Original 72h Antiperspirant Deodorant Refillable Kit,Dove,1,https://www.ocado.com/products/684925011,vegan,manufacturer,https://www.dove.com/uk/deodorants.sm.html,https://www.dove.com/uk/deodorants.sm.html,1d8cd5305f8cd5d50b9e48deedb77830df2dd02d6cad60b6836f83824f1057f8,263ee7fa383f0caf943b173d73c8134c1f6afba6c0005e87ab4c5bdb9dd4607e
684926011,Dove No4 Violet & Tonka Bean 72h Antiperspirant Deodorant Refillable Kit,Dove,1,https://www.ocado.com/products/684926011,vegan,manufacturer,https://www.dove.com/uk/deodorants.sm.html,https://www.dove.com/uk/deodorants.sm.html,2df46f7e9697ea79884a9524d37b43a1e0ce03078873be921e77f9abdae6b1cb,263ee7fa383f0caf943b173d73c8134c1f6afba6c0005e87ab4c5bdb9dd4607e
684927011,Dove No41 Peony & Pineapple 72h Antiperspirant Deodorant Refillable Kit,Dove,1,https://www.ocado.com/products/684927011,vegan,manufacturer,https://www.dove.com/uk/deodorants.sm.html,https://www.dove.com/uk/deodorants.sm.html,d9d1d4013d0d4160e2cc4369094aea4fb2d57b3a35b36105a800d97fcfecd0e0,263ee7fa383f0caf943b173d73c8134c1f6afba6c0005e87ab4c5bdb9dd4607e
684928011,Dove No30 Macadamia & Coconut 72h Antiperspirant Deodorant Refillable Kit,Dove,1,https://www.ocado.com/products/684928011,vegan,manufacturer,https://www.dove.com/uk/deodorants.sm.html,https://www.dove.com/uk/deodorants.sm.html,ec6c12570b47fbb3c5b91fb9b338d57c17d848572a87bf93ea015889babce92a,263ee7fa383f0caf943b173d73c8134c1f6afba6c0005e87ab4c5bdb9dd4607e
685009011,Garnier Ambre Solaire SUPER UV Egg Face Water Fluid SFP50,Ambre Solaire,1,https://www.ocado.com/products/685009011,vegan,manufacturer,https://www.garnier.co.uk/our-brands/sun-protection-and-self-tan/ambre-solaire/products/super-uv/face-refreshing-water-fluid-invisible,https://www.garnier.co.uk/our-brands/sun-protection-and-self-tan/ambre-solaire/products/super-uv/face-refreshing-water-fluid-invisible,77c09ca53c6ce52aa311f04d37643edb1d123924e4dc4b7487cc46f704ed9a6b,42cce1153ff9947995b843c08718e616eff44b1f328505fea5c49e47de31a404
685019011,NIVEA SUN UV Face SPF 50 Sun Cream Q10 Anti-Age,Nivea,1,https://www.ocado.com/products/685019011,vegan,manufacturer,https://www.nivea.co.uk/products/nivea-sun-breathable-uv-face-anti-age-q10-spf50plus-40ml-40060002198200045.html,https://www.nivea.co.uk/products/nivea-sun-breathable-uv-face-anti-age-q10-spf50plus-40ml-40060002198200045.html,fa9f9eb78b39c4cd6312ee98e7eced5e10de4850099d0863b870ab119531965c,d8e76299aa6ebf5c29968e9e3ac142248040048f5f15acfbf5086a8df00d8c38
685313011,Dove No1 Original 72h Antiperspirant Deodorant Refill Pack,Dove,1,https://www.ocado.com/products/685313011,vegan,manufacturer,https://www.dove.com/uk/deodorants.sm.html,https://www.dove.com/uk/deodorants.sm.html,968c2516b6c0cebe9c0a67cb22146aa76aa2f464791257639b60e1bfe17e8ab9,263ee7fa383f0caf943b173d73c8134c1f6afba6c0005e87ab4c5bdb9dd4607e
685314011,Dove Violet & Tonka Bean Antiperspirant Refill,Dove,1,https://www.ocado.com/products/685314011,vegan,manufacturer,https://www.dove.com/uk/deodorants.sm.html,https://www.dove.com/uk/deodorants.sm.html,de53d4cbead153f8e97ba43d97720cc0fbc22aef24c7bb1ac4d2fd594bcba15c,263ee7fa383f0caf943b173d73c8134c1f6afba6c0005e87ab4c5bdb9dd4607e
685315011,Dove No41 Peony & Pineapple 72h Antiperspirant Deodorant Refill Pack,Dove,1,https://www.ocado.com/products/685315011,vegan,manufacturer,https://www.dove.com/uk/deodorants.sm.html,https://www.dove.com/uk/deodorants.sm.html,2f6d5afa9727d480ad6f0915667e388f0ee0c6ba5eb9c27f6c133fd462a8e5e1,263ee7fa383f0caf943b173d73c8134c1f6afba6c0005e87ab4c5bdb9dd4607e
685316011,Dove No30 Macadamia & Coconut 72h Antiperspirant Deodorant Refill Pack,Dove,1,https://www.ocado.com/products/685316011,vegan,manufacturer,https://www.dove.com/uk/deodorants.sm.html,https://www.dove.com/uk/deodorants.sm.html,e4158f4a19f40e7041283da1f97b113e88dd745167b14396126a635d68d2767f,263ee7fa383f0caf943b173d73c8134c1f6afba6c0005e87ab4c5bdb9dd4607e
685319011,Big Tom Spiced Tomato Juice,Big Tom,1,https://www.ocado.com/products/685319011,vegan,manufacturer,https://www.bigtom.co.uk/products/big-tom-250ml-can,https://www.bigtom.co.uk/products/big-tom-250ml-can,6bb15e3e7812e46961c603e46f4eb84690f57e26b5d00fb8834ad7f6a02b3825,5312cf3b9f7bb4ed680ddf04843656cbe5af99eaced47b67dbf7e5ab313afc00 67e757d23f0d54b5c8f862d6ebeea845a3fe3834c00c741f24319a56c83127a0 5324cd7027783139dc879e49f4712cdf4abf234495cbb4dbd918dfa1db947dfb
685701011,Fever-Tree Non-Alcoholic Mediterranean G&T,Fever-Tree,1,https://www.ocado.com/products/685701011,vegan,manufacturer,https://fever-tree.com/en-gb/faqs-contact-us,https://fever-tree.com/en-gb/faqs-contact-us,f9f311cca9b216e99c8d6691913fb23c4f3eeb31e866a5233028c66abdc1c61b,b000aa556867dec084c2af5135fc21ab1776764b39d9ddde0cf045d6a8fb9964
685706011,Fever-Tree Non-Alcoholic Italian Spritz,Fever-Tree,1,https://www.ocado.com/products/685706011,vegan,manufacturer,https://fever-tree.com/en-gb/faqs-contact-us,https://fever-tree.com/en-gb/faqs-contact-us,1b0341f8a32da20e265fceedd0c34de414e180173cdaae6bed84ec391d2e6e5c,b000aa556867dec084c2af5135fc21ab1776764b39d9ddde0cf045d6a8fb9964
685723011,Fever-Tree Refreshingly Light Blood Orange Ginger Beer,Fever-Tree,1,https://www.ocado.com/products/685723011,vegan,manufacturer,https://fever-tree.com/en-gb/faqs-contact-us,https://fever-tree.com/en-gb/faqs-contact-us,64d4254767bc5254cb4f87913ff8d5e46fd68afdda4c3fab135d1c2418b9ff51,b000aa556867dec084c2af5135fc21ab1776764b39d9ddde0cf045d6a8fb9964
685729011,Fever-Tree Non-Alcoholic Mojito,Fever-Tree,1,https://www.ocado.com/products/685729011,vegan,manufacturer,https://fever-tree.com/en-gb/faqs-contact-us,https://fever-tree.com/en-gb/faqs-contact-us,e18d9124a23f37ac1ec7eb34133940ee4a40eef7b4669ad022ffbc811d428680,b000aa556867dec084c2af5135fc21ab1776764b39d9ddde0cf045d6a8fb9964
685775011,Garnier Pure Active Salicylic Serum,Garnier,1,https://www.ocado.com/products/685775011,vegan,manufacturer,https://www.garnier.co.uk/our-brands/skin-care/pure-active/garnier-pure-active-salicylic-serum,https://www.garnier.co.uk/our-brands/skin-care/pure-active/garnier-pure-active-salicylic-serum,7ac2e3d530dacc1355dfd37fbcace945fd631cca3d23c6678ed110f8a20ef9c0,5c593c682d4200d605b8f85448e60b6f6ee42c323cc6c2d6df2ce6b0969b458b
686111011,Fever-Tree Light Ginger Beer 12x250ml,Fever-Tree,1,https://www.ocado.com/products/686111011,vegan,manufacturer,https://fever-tree.com/en-gb/faqs-contact-us,https://fever-tree.com/en-gb/faqs-contact-us,9eb70134b9fa6c62781ca93bc18e9f842348a4707160a468394af32a98f2e4e7,b000aa556867dec084c2af5135fc21ab1776764b39d9ddde0cf045d6a8fb9964
686116011,Fever-Tree Sparkling Mexican Lime 12x250ml,Fever-Tree,1,https://www.ocado.com/products/686116011,vegan,manufacturer,https://fever-tree.com/en-gb/faqs-contact-us,https://fever-tree.com/en-gb/faqs-contact-us,795f75904c16e7b3005040ec0bcb3e7e5d82cc0dc72178bcb46359ade99fbffc,b000aa556867dec084c2af5135fc21ab1776764b39d9ddde0cf045d6a8fb9964
689227011,Red Bull Energy Drink Spring Edition Cherry,Red Bull,1,https://www.ocado.com/products/689227011,vegan,manufacturer,https://www.redbull.com/gb-en/energydrink/questions/is-red-bull-energy-drink-vegan,https://www.redbull.com/gb-en/energydrink/questions/is-red-bull-energy-drink-vegan,eaffb2ab31dd8ecfd31fb3b76d990ab509484931ba99c6ce799ee4a39294e001,a4eabf4aae508db3695cfa9c1b91ade94e3f105fa72744898ec93738d71a8d5a
690052011,Cetaphil Gentle Exfoliating SA Cleanser,Cetaphil,1,https://www.ocado.com/products/690052011,vegan,manufacturer,https://www.cetaphil.co.uk/cleansers/gentle-exfoliating-salicylic-acid-cleanser%2C-for-face-%26-body/5020465203964.html,https://www.cetaphil.co.uk/cleansers/gentle-exfoliating-salicylic-acid-cleanser%2C-for-face-%26-body/5020465203964.html,c01cddf0005747332253a4d3d707e242826499eaa91c09be73734d296cbddfba,b433444e4b301e6191ced0f3229c105e358c0c4a90549e61987aeeb315a19717
690053011,Cetaphil Gentle Exfoliating SA Lotion,Cetaphil,1,https://www.ocado.com/products/690053011,vegan,manufacturer,https://www.cetaphil.co.uk/products/face/gentle-smoothing-salicylic-acid-lotion%2C-moisturiser-for-face-%26-body/5020465203988.html,https://www.cetaphil.co.uk/products/face/gentle-smoothing-salicylic-acid-lotion%2C-moisturiser-for-face-%26-body/5020465203988.html,f88400c1e53b5ddabf0e5426d331fbe68c760d3437ec3571d635987a8f1f1819,b8bf28ae8126a85f529a24ee168252509691109e0a465021edcda8fc1b4c7072
690085011,Red Bull Energy Drink Sugar Free Summer Edition Citrus Zest,Red Bull,1,https://www.ocado.com/products/690085011,vegan,manufacturer,https://www.redbull.com/gb-en/energydrink/questions/is-red-bull-energy-drink-vegan,https://www.redbull.com/gb-en/energydrink/questions/is-red-bull-energy-drink-vegan,9e8e5d6365a5a495de952646c18a79a519ca39ef3035a82de01bae4dd0895fcc,a4eabf4aae508db3695cfa9c1b91ade94e3f105fa72744898ec93738d71a8d5a
690143011,Wild Coconut & Vanilla Mini Stick Deodorant,Wild,1,https://www.ocado.com/products/690143011,vegan,manufacturer,https://support.wearewild.com/hc/en-gb/articles/360021843960-Is-Wild-a-vegan-company,https://support.wearewild.com/hc/en-gb/articles/360021843960-Is-Wild-a-vegan-company,cf52a59d3ad26b5e3f44e9084f11540fd1889dd0a85ae17fd3e6662e4ff2e4c7,bab228b241618a0f0005c2dc3e234283b75c8588db6bfc068d483937cd7d8736 ad18b4c2f9f961cd32aba924f3679d5acd6929cab00cba6591ff1b11a7c5a719
690265011,M&S Electric Neroli 4 Wick Candle,M&S,1,https://www.ocado.com/products/690265011,vegan,manufacturer,https://www.marksandspencer.com/electric-neroli-4-wick-candle/p/hbp60780859,https://www.marksandspencer.com/electric-neroli-4-wick-candle/p/hbp60780859,7987e9414a145948bb17a7daa1f67c4a92a0b06c2e87a79e349f5bd94dac7c66,188bb5c0563711ecc8a3ce9cee3f97cdf64299b1b12313cebe73220568e8d8fc
690271011,M&S Golden Vanilla 4 Wick Candle,M&S,1,https://www.ocado.com/products/690271011,vegan,manufacturer,https://www.marksandspencer.com/golden-vanilla-4-wick-candle/p/hbp60780883,https://www.marksandspencer.com/golden-vanilla-4-wick-candle/p/hbp60780883,26ace9aafc298bb58fa53ea6a12d7c26bc9e0461f7b63537698ec469638e0e64,ee8a741b7ded5566f1e3361e1a464102a328de0113e1a48c49c610363df33732
690896011,M&S Apothecary Revitalise Hand & Body Lotion,M&S,1,https://www.ocado.com/products/690896011,vegan,manufacturer,https://www.marksandspencer.com/revitalise-hand-and-body-lotion/p/hbp60916187,https://www.marksandspencer.com/revitalise-hand-and-body-lotion/p/hbp60916187,dfdbe951ea16e40dcf1922c564e63f0297cd55c9fa76aa7b11da68a67361633e,c55a1110ccfa9dccfd7a37e6ff8bd463d17604973980c28a16d9ca39e5104f75
691006011,"M&S Atelier Diffuser Reeds, Black",M&S,1,https://www.ocado.com/products/691006011,vegan,manufacturer,https://www.marksandspencer.com/atelier-diffuser-reeds/p/hbp61228466,https://www.marksandspencer.com/atelier-diffuser-reeds/p/hbp61228466,bea5ad95337f2d2f8065a2523eda178e8300ef1b6f4b317f806fbc09f3e4ac08,b9997893a3f9e893bbb74b4caaea2f9888152cd159fd8e44bad41ee8cbd9ba61
692737011,Being GOOD BYE FRIZZ Smoothing Shampoo,Being,1,https://www.ocado.com/products/692737011,vegan,manufacturer,https://beinghaircare.com/uk/faqs/,https://beinghaircare.com/uk/faqs/,bacfc39ccde44c89b2ff031af7b66f0d5cbb5d91d12efed308f9ca10f0eaf6f2,ec8ae361e156f440c30cdcbe3d80fc891eb59eeb7de8712ea02b011d5290374b cdeb8444e52358c115d27dba63559bde68a41861ed0aa492b9ddbdeed2a2b33b
692738011,Being GOOD BYE FRIZZ Smoothing Conditioner,Being,1,https://www.ocado.com/products/692738011,vegan,manufacturer,https://beinghaircare.com/uk/faqs/,https://beinghaircare.com/uk/faqs/,f09b28ca19c6287b93ae46e4ff5327999fd2fb56239c3291ff541b49ae983913,ec8ae361e156f440c30cdcbe3d80fc891eb59eeb7de8712ea02b011d5290374b cdeb8444e52358c115d27dba63559bde68a41861ed0aa492b9ddbdeed2a2b33b
692740011,Being CURL POWER Curl Defining Shampoo,Being,1,https://www.ocado.com/products/692740011,vegan,manufacturer,https://beinghaircare.com/uk/faqs/,https://beinghaircare.com/uk/faqs/,316cf57e3d04b3c3b4c4ec8a1b7f7f305325ac024db698ef8decdf0847a99eea,ec8ae361e156f440c30cdcbe3d80fc891eb59eeb7de8712ea02b011d5290374b cdeb8444e52358c115d27dba63559bde68a41861ed0aa492b9ddbdeed2a2b33b
692741011,Being BIG VOLUMNE Volumising Shampoo,Being,1,https://www.ocado.com/products/692741011,vegan,manufacturer,https://beinghaircare.com/uk/faqs/,https://beinghaircare.com/uk/faqs/,45e27914655d70f33c502c0e92f6728de07e2a8004704de8cef5a839a6065c7f,ec8ae361e156f440c30cdcbe3d80fc891eb59eeb7de8712ea02b011d5290374b cdeb8444e52358c115d27dba63559bde68a41861ed0aa492b9ddbdeed2a2b33b
692744011,Being VOLUMNE HAIR Volumising Conditioner,Being,1,https://www.ocado.com/products/692744011,vegan,manufacturer,https://beinghaircare.com/uk/faqs/,https://beinghaircare.com/uk/faqs/,f57c6fa54554589cd94a66045ec1bc31387ee745ad3a4241c7424e9c995e9f1a,ec8ae361e156f440c30cdcbe3d80fc891eb59eeb7de8712ea02b011d5290374b cdeb8444e52358c115d27dba63559bde68a41861ed0aa492b9ddbdeed2a2b33b
693096011,Hendrick's Another Hendricks,Hendrick's,1,https://www.ocado.com/products/693096011,vegan,manufacturer,https://hendricksgin.com/uk/faqs/,https://hendricksgin.com/uk/faqs/,716ba0f2c48ea3e7f40dfa36ba23a5f5438b5d995ad15136f370cfb4250abbd9,0c133627383dde4dd4f09c81eb38665bb7d023fb80498ddecc6f1d5093249428
693565011,"M&S Formula Buriti Nourishing Facial Oil, No Colour",M&S,1,https://www.ocado.com/products/693565011,vegan,manufacturer,https://www.marksandspencer.com/buriti-nourishing-facial-oil-30ml/p/hbp60916809,https://www.marksandspencer.com/buriti-nourishing-facial-oil-30ml/p/hbp60916809,f40a51070fe4e1b63ed3275d6a119f50a69969dd6a977ee578c279a680c8f9c5,1b90dd7fd6be9f4fa76ed05b5fbb9a6ce33919b14a0b59a4f6bd7453b8546198
693566011,"M&S Formula Hyaluronic Hydration Serum, No Colour",M&S,1,https://www.ocado.com/products/693566011,vegan,manufacturer,https://www.marksandspencer.com/hyaluronic-hydrating-serum-30ml/p/hbp60916813,https://www.marksandspencer.com/hyaluronic-hydrating-serum-30ml/p/hbp60916813,f327ddbc654b39beaad516c1071c0316ce4818844a2fdd159bb0153de91bb6b9,4007530ec8e63ef8531ba335353d081da8f303ca457df653a3598c4584d60857
693568011,"M&S Formula AHA Exfoliating Toner, No Colour",M&S,1,https://www.ocado.com/products/693568011,vegan,manufacturer,https://www.marksandspencer.com/aha-exfoliating-toner-200ml/p/hbp60916818,https://www.marksandspencer.com/aha-exfoliating-toner-200ml/p/hbp60916818,731710e6abb5e9d6f7828fdcb770d2bec7674cd6a94ebb43bd3b048f61731941,1834b9a34d29b33d972888a26708078885ed1d4d35b1b25aa64630ad13edd821
693577011,M&S Ultra Peptide Neck and Decolletage Cream,M&S,1,https://www.ocado.com/products/693577011,vegan,manufacturer,https://www.marksandspencer.com/ultra-peptide-neck-and-dcolletage-cream-50ml/p/hbp60916822,https://www.marksandspencer.com/ultra-peptide-neck-and-dcolletage-cream-50ml/p/hbp60916822,b3fb100b808565148485bde07ca2cdf803a8950d6fe11ac533fe12416e54ae57,f30da637fe514983ea9aec86e0564bdf00ff007e50e1b47e90fa9fdf4065f43e
693756011,Harry's Plus Razor Blade Cartridges 4s,Harry's,1,https://www.ocado.com/products/693756011,vegan,manufacturer,https://harrys-uk.gorgias.help/en-GB/do-you-test-any-of-your-products-on-animals-1057279,https://harrys-uk.gorgias.help/en-GB/do-you-test-any-of-your-products-on-animals-1057279,13762fa0b9f59c8e0bb020a43099ee9c11f36b7f10aa692801415215c5e308cd,80380652613806e11bb6cd948bd074a874ed354cd9f970fd276fb4b01e25ecb5 7aeb44f7d6ed344258e3c041363e78c0b88a16aaae98d9399532b8dad4fc0b6a 59a5bffc6b32fb86f6a82c7ba97a1cc37b33f87730789e008da1200b6f851769
693757011,Harry's Plus Razor and 1 Blade Tide Set,Harry's,1,https://www.ocado.com/products/693757011,vegan,manufacturer,https://harrys-uk.gorgias.help/en-GB/do-you-test-any-of-your-products-on-animals-1057279,https://harrys-uk.gorgias.help/en-GB/do-you-test-any-of-your-products-on-animals-1057279,3e82c0c1e507d7a3541e18c71078fcb9a41b01f043e104ab34ef86cd0bc237a5,80380652613806e11bb6cd948bd074a874ed354cd9f970fd276fb4b01e25ecb5 7aeb44f7d6ed344258e3c041363e78c0b88a16aaae98d9399532b8dad4fc0b6a 59a5bffc6b32fb86f6a82c7ba97a1cc37b33f87730789e008da1200b6f851769
693758011,Harry's Plus Razor Blade Cartridges 8s,Harry's,1,https://www.ocado.com/products/693758011,vegan,manufacturer,https://harrys-uk.gorgias.help/en-GB/do-you-test-any-of-your-products-on-animals-1057279,https://harrys-uk.gorgias.help/en-GB/do-you-test-any-of-your-products-on-animals-1057279,700b227fb655ab1de624a0d2277e36eafda16df1e98177fab8b5319d9fa15a24,80380652613806e11bb6cd948bd074a874ed354cd9f970fd276fb4b01e25ecb5 7aeb44f7d6ed344258e3c041363e78c0b88a16aaae98d9399532b8dad4fc0b6a 59a5bffc6b32fb86f6a82c7ba97a1cc37b33f87730789e008da1200b6f851769
693759011,Harry's Plus Razor and 5 Blades Tide Set,Harry's,1,https://www.ocado.com/products/693759011,vegan,manufacturer,https://harrys-uk.gorgias.help/en-GB/do-you-test-any-of-your-products-on-animals-1057279,https://harrys-uk.gorgias.help/en-GB/do-you-test-any-of-your-products-on-animals-1057279,c7d90052fb95d56296ad196f553d982d8636b99e1aec0b3921ef93e677a1a17e,80380652613806e11bb6cd948bd074a874ed354cd9f970fd276fb4b01e25ecb5 7aeb44f7d6ed344258e3c041363e78c0b88a16aaae98d9399532b8dad4fc0b6a 59a5bffc6b32fb86f6a82c7ba97a1cc37b33f87730789e008da1200b6f851769
693838011,Dove Women 48h Whole Body Stick Deodorant Raspberry & Rose,Dove,1,https://www.ocado.com/products/693838011,vegan,manufacturer,https://www.dove.com/uk/deodorants.sm.html,https://www.dove.com/uk/deodorants.sm.html,a92f98bd589dbae6f0fd6f8e12f982fe9a3a0fc2c513c89d2aafe33ad8d3c98c,263ee7fa383f0caf943b173d73c8134c1f6afba6c0005e87ab4c5bdb9dd4607e
693840011,Dove Women 48h Whole Body Cream Deodorant Lavender & Chamomile,Dove,1,https://www.ocado.com/products/693840011,vegan,manufacturer,https://www.dove.com/uk/p/dove-lavender-&-chamomile-whole-body-deodorant-cream-75ml.sm.html/08720181596483,https://www.dove.com/uk/p/dove-lavender-&-chamomile-whole-body-deodorant-cream-75ml.sm.html/08720181596483,8364c5b9530acb51569f8ab9c39c2c1fa524e872ea00987a0cc5b358aa2db5e0,32198e10a0746aa6c1aba4aedc61e97a6dcb5d81c68dbabce233a48fb76b528b
693841011,Dove Women 48h Whole Body Stick Deodorant Lavender & Chamomile,Dove,1,https://www.ocado.com/products/693841011,vegan,manufacturer,https://www.dove.com/uk/deodorants.sm.html,https://www.dove.com/uk/deodorants.sm.html,bf4bfbdb779eaf5afca872d879e008263d231b0bea90f9341cb105dabb1890a0,263ee7fa383f0caf943b173d73c8134c1f6afba6c0005e87ab4c5bdb9dd4607e
693843011,Dove Men+ 48h Whole Body Stick Marine & Blue Cypress,Dove,1,https://www.ocado.com/products/693843011,vegan,manufacturer,https://www.dove.com/uk/p/men%2Bcare-marine-&-blue-cypress-whole-body-deodorant-stick.sm.html/00000087116069,https://www.dove.com/uk/p/men%2Bcare-marine-&-blue-cypress-whole-body-deodorant-stick.sm.html/00000087116069,4910c95e768bba426617e92aaa8eecea2c88c25522a0742ab1276d5a8f418ca2,4a4263aa47086162e30ef60e20d35f7ea4896421359729e0fd95a5925aa4fdae
693845011,Dove Men+ 48h Whole Body Stick Bamboo & Aloe,Dove,1,https://www.ocado.com/products/693845011,vegan,manufacturer,https://www.dove.com/uk/p/men%2Bcare-bamboo-&-aloe-vera-whole-body-deodorant-stick.sm.html/00000087116045,https://www.dove.com/uk/p/men%2Bcare-bamboo-&-aloe-vera-whole-body-deodorant-stick.sm.html/00000087116045,591c1e49541d8d06aa24f6d518e580ea1c84ebd15eb8f4d9866e91087c62d228,feb97fa0ad0681a1869a254d538199ac86c0fbe6f0bcb1f8f001767e6882f22f
693854011,Dove Body + Mind French Lavender & Oat Milk Bath Soak,Dove,1,https://www.ocado.com/products/693854011,vegan,manufacturer,https://www.dove.com/uk/p/dove-body-%2B-mind-french-lavender-serum%E2%80%91infused-bath-soak-400-ml.sm.html/08720181947087,https://www.dove.com/uk/p/dove-body-%2B-mind-french-lavender-serum%E2%80%91infused-bath-soak-400-ml.sm.html/08720181947087,c3b30e6df13728d921b466cc4b162d979f4643ffc77f4bff62e3ad445f103ea5,986e89d3c4a08c9eed4d05a3e75180f0deb119a7d41c7ea34311c33ff1073206
693855011,Dove Body & Mind Dragonfruit & Primrose Bath Soak,Dove,1,https://www.ocado.com/products/693855011,vegan,manufacturer,https://www.dove.com/uk/p/dove-body-%2B-mind-dragon-fruit-serum%E2%80%91infused-bath-soak.sm.html/08720181947070,https://www.dove.com/uk/p/dove-body-%2B-mind-dragon-fruit-serum%E2%80%91infused-bath-soak.sm.html/08720181947070,c8bcf44a71f4d1309ca9ba3188ad54bb784a02fecc1d61ad1568d01566431b4f,405be47ff5344483d29051e0cb23fa88394e0641e280797dcc7637aa30d880ec
693856011,Dove Body + Mind French Lavender & Oat Milk Mousse,Dove,1,https://www.ocado.com/products/693856011,vegan,manufacturer,https://www.dove.com/uk/p/dove-french-lavender-rich-shower-foam-200-ml.sm.html/08720181947025,https://www.dove.com/uk/p/dove-french-lavender-rich-shower-foam-200-ml.sm.html/08720181947025,d2981b4faad80450f07c0f2e5ee29c8de8f1a3821c8a51a51d080964313672b6,cd657341b3188fe2cd3aa69b853fe781aba7507fd6bf00a34a38e972b6575dd2
693857011,Dove Body & Mind Dragonfruit & Primrose Mousse,Dove,1,https://www.ocado.com/products/693857011,vegan,manufacturer,https://www.dove.com/uk/p/dove-body-%2B-mind-dragon-fruit-body-cleanser-shower-foam-200-ml.sm.html/08720181947018,https://www.dove.com/uk/p/dove-body-%2B-mind-dragon-fruit-body-cleanser-shower-foam-200-ml.sm.html/08720181947018,22034760550e616d2ddaf573cec80144cd862c936bf10ef5bb7f31e8f9f95d3e,972e7fc7f930d5b00d71d807649b754e30a0310b59fdd7a0b17c27437d46fee2
693858011,Dove Body + Mind French Lavender & Oat Milk Bath Scrub,Dove,1,https://www.ocado.com/products/693858011,vegan,manufacturer,https://www.dove.com/uk/p/dove-body-%2B-mind-french-lavender-&-oat-milk-body-scrub-295-ml.sm.html/08720181947056,https://www.dove.com/uk/p/dove-body-%2B-mind-french-lavender-&-oat-milk-body-scrub-295-ml.sm.html/08720181947056,fba96fa2eeeb8fe5ae4889a2f35d1a43d0fb552f61e998bb08a826fb82876c48,0549ce5671cecdc52ad017c099320b3366c9a5e7e3182c288ad169a91b856d9c
693859011,Dove Body & Mind Dragonfruit & Primrose Bath Scrub,Dove,1,https://www.ocado.com/products/693859011,vegan,manufacturer,https://www.dove.com/uk/p/dove-body-%2B-mind-dragon-fruit-body-scrub-295-ml.sm.html/08720181947049,https://www.dove.com/uk/p/dove-body-%2B-mind-dragon-fruit-body-scrub-295-ml.sm.html/08720181947049,61bd2d8f840a8da0ae8312ef63ba397dbc96ccb0e36c01467e4091b7063f6bc2,e29872dffd385279f31e5978edab8576175a3007200b1b84f331a50213b9708c
693860011,Dove Body + Mind French Lavender & Oat Milk Bath Salts,Dove,1,https://www.ocado.com/products/693860011,vegan,manufacturer,https://www.dove.com/uk/p/dove-body-%2B-mind-french-lavender-bath-salts-400-g.sm.html/08720181947100,https://www.dove.com/uk/p/dove-body-%2B-mind-french-lavender-bath-salts-400-g.sm.html/08720181947100,c63fca80ef51c4bcbeebe7885054d90805cd015cd7274de0625e2793840f8aa5,4dabf0cc20bc1392794b5a73f66929798277fe5f7733148eecd4cd342f8bd081
694249011,Alpro Kids Strawberry Soya Dairy Free Yoghurt Alternative,Alpro,1,https://www.ocado.com/products/694249011,vegan,manufacturer,https://www.alpro.com/en-gb/products/plant-based-alternative-to-yogurt/kids-strawberry,https://www.alpro.com/en-gb/products/plant-based-alternative-to-yogurt/kids-strawberry,4602a995763ff50f5972dc1232b454615d0f6488e557f3a0f97fb3c1a1f2b12f,32149390595b265932ccee52dd81b01d96ac364bb2fab08d1c4788f966da8dd8
694312011,"Zooki Liposomal Vitamin C 1,000mg, Citrus Orange Sachets",Zooki,1,https://www.ocado.com/products/694312011,vegan,manufacturer,https://zooki.com/products/liposomal-vitamin-c-liquid,https://zooki.com/products/liposomal-vitamin-c-liquid,46056098e6c7bbcbea71a21554e677e1d46caf2ac8e5ac04f90d203b7fd3243b,ffc28c55f38ea83e69ecf49552ee8a78551e040e0af3aa3c599ff8e5497e785d
694417011,Rimmel Thrill Seeker Mega Lift Mascara 001 Black,Rimmel,1,https://www.ocado.com/products/694417011,vegan,manufacturer,https://www.rimmellondon.com/en-gb/eyes/mascaras/thrill-seeker-mega-lift-mascara,https://www.rimmellondon.com/en-gb/eyes/mascaras/thrill-seeker-mega-lift-mascara,b69e24fe10766a5a37aee0c2ff433f95e0af4c55f5c3c2fb64d8e31697fdc7ed,f19506c4d0ddddaf8f5a6d3d5c2865f514efb6639e8123788ead5aefdc357fc2
694502011,Rimmel Multitasker Concealer 010 Porcelain,Rimmel,1,https://www.ocado.com/products/694502011,vegan,manufacturer,https://www.rimmellondon.com/en-gb/face/concealers/the-multi-tasker-concealer,https://www.rimmellondon.com/en-gb/face/concealers/the-multi-tasker-concealer,3e87a71cf5f2953fb4b5dbc1fb37b8dd2927b5a9a3900becbae7827fcd50faa1,d00c63f648ee90b44cab6ae4e800b2f1a03caca1ee19a119da37931428747a3f
694503011,Rimmel Multitasker Concealer 060 Light Honey,Rimmel,1,https://www.ocado.com/products/694503011,vegan,manufacturer,https://images.contentstack.io/v3/assets/bltf10d43c9de06a4a3/blt0fae22831c0a9d56/6895d2972af951a9546719cc/Rimmel_MultiTaskerConcealer_2025_060_Light_Honey_EPI.jpg?auto=webp,https://images.contentstack.io/v3/assets/bltf10d43c9de06a4a3/blt0fae22831c0a9d56/6895d2972af951a9546719cc/Rimmel_MultiTaskerConcealer_2025_060_Light_Honey_EPI.jpg?auto=webp,7114a8d6c94fc4c083ec4c089f3b07ed8e72e4f738306513df39acbc0f870008,d00c63f648ee90b44cab6ae4e800b2f1a03caca1ee19a119da37931428747a3f 0074826d48ccef34407d236e7be43d0fdf59af3648cdd87ce710a49c9077a412
694504011,Rimmel Multitasker Concealer 110 Coconut,Rimmel,1,https://www.ocado.com/products/694504011,vegan,manufacturer,https://www.rimmellondon.com/en-gb/face/concealers/the-multi-tasker-concealer,https://www.rimmellondon.com/en-gb/face/concealers/the-multi-tasker-concealer,96c7501282153e9c9e182f84b9a23083f0aabc67b75c585d400c8704ec7448e7,d00c63f648ee90b44cab6ae4e800b2f1a03caca1ee19a119da37931428747a3f
694505011,Rimmel Multi-Tasker Concealer 050 Sand,Rimmel,1,https://www.ocado.com/products/694505011,vegan,manufacturer,https://www.rimmellondon.com/en-gb/face/concealers/the-multi-tasker-concealer,https://www.rimmellondon.com/en-gb/face/concealers/the-multi-tasker-concealer,78f802f38ea381f09a59dc60a927422badac11616a061f53bdfaa069147c9563,d00c63f648ee90b44cab6ae4e800b2f1a03caca1ee19a119da37931428747a3f
694515011,Rimmel Multi-Tasker Concealer 70 Honey,Rimmel,1,https://www.ocado.com/products/694515011,vegan,manufacturer,https://www.rimmellondon.com/en-gb/face/concealers/the-multi-tasker-concealer,https://www.rimmellondon.com/en-gb/face/concealers/the-multi-tasker-concealer,3afa09c31604edbc38334e8ab3690fc76b3c69ae5f020cba200474a5d3a85bb2,d00c63f648ee90b44cab6ae4e800b2f1a03caca1ee19a119da37931428747a3f
694516011,Rimmel Multi-Tasker Concealer 020 Fair,Rimmel,1,https://www.ocado.com/products/694516011,vegan,manufacturer,https://www.rimmellondon.com/en-gb/face/concealers/the-multi-tasker-concealer,https://www.rimmellondon.com/en-gb/face/concealers/the-multi-tasker-concealer,a67415843fc993b07053c9f2bb70f6bf317a847331a63148cb628a91500efd70,d00c63f648ee90b44cab6ae4e800b2f1a03caca1ee19a119da37931428747a3f
694517011,Rimmel Multitasker Concealer 040 Ivory,Rimmel,1,https://www.ocado.com/products/694517011,vegan,manufacturer,https://www.rimmellondon.com/en-gb/face/concealers/the-multi-tasker-concealer,https://www.rimmellondon.com/en-gb/face/concealers/the-multi-tasker-concealer,3fbc0cca84a652f797d35445c6312b84fb3b1c99824c3c8f2cf3a699815b6b5e,d00c63f648ee90b44cab6ae4e800b2f1a03caca1ee19a119da37931428747a3f
694518011,Rimmel Multitasker Concealer 030 Light,Rimmel,1,https://www.ocado.com/products/694518011,vegan,manufacturer,https://images.contentstack.io/v3/assets/bltf10d43c9de06a4a3/blt50dd9aa1139d3c0c/6895cee592b28615a057219a/Rimmel_MultiTaskerConcealer_2025_030_Light_EPI.jpg?auto=webp,https://images.contentstack.io/v3/assets/bltf10d43c9de06a4a3/blt50dd9aa1139d3c0c/6895cee592b28615a057219a/Rimmel_MultiTaskerConcealer_2025_030_Light_EPI.jpg?auto=webp,b31204c4634a37e3657d3164d3c5d05e760e150264c87f5422bbe7dcdeef424f,d00c63f648ee90b44cab6ae4e800b2f1a03caca1ee19a119da37931428747a3f 6775a65309d4fbf4a67741e03c43c0984f8b20adced72e47124ef55d6a5267f8
694519011,Rimmel Multitasker Concealer 090 Toffee,Rimmel,1,https://www.ocado.com/products/694519011,vegan,manufacturer,https://images.contentstack.io/v3/assets/bltf10d43c9de06a4a3/blte57b4768869413cc/6895d488987c885afdb211ed/Rimmel_MultiTaskerConcealer_2025_090_Toffee_EPI.jpg?auto=webp,https://images.contentstack.io/v3/assets/bltf10d43c9de06a4a3/blte57b4768869413cc/6895d488987c885afdb211ed/Rimmel_MultiTaskerConcealer_2025_090_Toffee_EPI.jpg?auto=webp,3ec38eb9544f8e2773bc2430f7bcaab7f777fc383578f48a5e4c57fb02ae45eb,d00c63f648ee90b44cab6ae4e800b2f1a03caca1ee19a119da37931428747a3f 8e99fd062eb6d058980cd2e175e58b0c577d0ec7d5d8bad0a0f29eaf40e04ba8
694520011,Rimmel Multi-Tasker Concealer 045 Classic Ivory,Rimmel,1,https://www.ocado.com/products/694520011,vegan,manufacturer,https://images.contentstack.io/v3/assets/bltf10d43c9de06a4a3/bltcaf6da1def23f110/6895cfa910270bb45755a389/Rimmel_MultiTaskerConcealer_2025_045_Classic_Ivory_EPI.jpg?auto=webp,https://images.contentstack.io/v3/assets/bltf10d43c9de06a4a3/bltcaf6da1def23f110/6895cfa910270bb45755a389/Rimmel_MultiTaskerConcealer_2025_045_Classic_Ivory_EPI.jpg?auto=webp,eb434aa99591d6ceb2ef61015a3b50cd106003825a50f17ea179e05ae5603b72,d00c63f648ee90b44cab6ae4e800b2f1a03caca1ee19a119da37931428747a3f 937d6bfb337f368ad40f6ad6b7aaaba34695fdab1cfbc62b1b12b13662a10c75
694521011,Rimmel Multi-Tasker Concealer 025 Rose Ivory,Rimmel,1,https://www.ocado.com/products/694521011,vegan,manufacturer,https://www.rimmellondon.com/en-gb/face/concealers/the-multi-tasker-concealer,https://www.rimmellondon.com/en-gb/face/concealers/the-multi-tasker-concealer,476012b234042cf8436311e477f38118a826d569a2b65b1f5df823ffef865bab,d00c63f648ee90b44cab6ae4e800b2f1a03caca1ee19a119da37931428747a3f
694523011,Rimmel Wonder Bond Mascara Black,Rimmel,1,https://www.ocado.com/products/694523011,vegan,manufacturer,https://www.rimmellondon.com/en-gb/eyes/mascaras/wonder-bond-mascara,https://www.rimmellondon.com/en-gb/eyes/mascaras/wonder-bond-mascara,890529f45039f9824ae9c3283117b5c572a8622b540cb81bba379bd3f1faa880,c6cb698641af37397f7b4f32b403f502a018653cf748f408634ddef2b8be22cf
694600011,Rimmel Oh My Gloss! Butter Me Up 003 Mellow Mocha,Rimmel,1,https://www.ocado.com/products/694600011,vegan,manufacturer,https://www.rimmellondon.com/en-gb/lips/lip-gloss/oh-my-gloss!-butter-me-up,https://www.rimmellondon.com/en-gb/lips/lip-gloss/oh-my-gloss!-butter-me-up,7ac6274a4afce99785cefa1a257bd7c337f6725d971cde96ce45aec551332139,67d9b6458ea0e8280b4f173b826309e4da6c3b78a74f7665ecc0688cf5c3a507
694601011,Rimmel Oh My Gloss! Butter Me Up 002 Bubble Gum,Rimmel,1,https://www.ocado.com/products/694601011,vegan,manufacturer,https://www.rimmellondon.com/en-gb/lips/lip-gloss/oh-my-gloss!-butter-me-up,https://www.rimmellondon.com/en-gb/lips/lip-gloss/oh-my-gloss!-butter-me-up,d551cc72f49bed8c826762d5886fbb25341e55b0e0992d98f741d169a55e7904,67d9b6458ea0e8280b4f173b826309e4da6c3b78a74f7665ecc0688cf5c3a507
694603011,Rimmel Oh My Gloss! Butter Me Up 000 Vanilla Frost,Rimmel,1,https://www.ocado.com/products/694603011,vegan,manufacturer,https://www.rimmellondon.com/en-gb/lips/lip-gloss/oh-my-gloss!-butter-me-up,https://www.rimmellondon.com/en-gb/lips/lip-gloss/oh-my-gloss!-butter-me-up,05bd79d561b2fc9a76c91448d45cc54613603318b621dbacae776f551cd35bba,67d9b6458ea0e8280b4f173b826309e4da6c3b78a74f7665ecc0688cf5c3a507
694650011,Beavertown Cosmic Drop Tropical 4.0% 440ml,Beavertown,1,https://www.ocado.com/products/694650011,vegan,manufacturer,https://beavertownbrewery.co.uk/pages/faqs,https://beavertownbrewery.co.uk/pages/faqs,96fc25b5535c93ddf9d0740c4bb3b07365f947010af64f4162262caa57507b23,f8e12d79026aba674bfac48df8dbf38ebdfbfa213804fa3cf7b7ed1d6f54d885 ef5e622254d4d4e78d51f83700c6684bf28cec759613e6bf8cc74ed079c33598
694651011,Beavertown Cosmic Drop Tropical 4.0% 4x330ml,Beavertown,1,https://www.ocado.com/products/694651011,vegan,manufacturer,https://beavertownbrewery.co.uk/pages/faqs,https://beavertownbrewery.co.uk/pages/faqs,0c820626c592dc2677fc8b23bff9e2633326d75d46d677135e4074f104533bf5,f8e12d79026aba674bfac48df8dbf38ebdfbfa213804fa3cf7b7ed1d6f54d885 ef5e622254d4d4e78d51f83700c6684bf28cec759613e6bf8cc74ed079c33598
694652011,Beavertown Rumble West Coast DIPA 8% 440ml,Beavertown,1,https://www.ocado.com/products/694652011,vegan,manufacturer,https://beavertownbrewery.co.uk/pages/faqs,https://beavertownbrewery.co.uk/pages/faqs,1bda95359a6a791da0e8e084d8943adf3b074b54a1ed8a5637b71273f4430ba8,f8e12d79026aba674bfac48df8dbf38ebdfbfa213804fa3cf7b7ed1d6f54d885 ef5e622254d4d4e78d51f83700c6684bf28cec759613e6bf8cc74ed079c33598
694653011,Beavertown Lunar Haze Hazy IPA 4.5% 440ml,Beavertown,1,https://www.ocado.com/products/694653011,vegan,manufacturer,https://beavertownbrewery.co.uk/pages/faqs,https://beavertownbrewery.co.uk/pages/faqs,53d2a0d92547dd80393a6f29b0610182ba41f19319c806b7502f2f837430f633,f8e12d79026aba674bfac48df8dbf38ebdfbfa213804fa3cf7b7ed1d6f54d885 ef5e622254d4d4e78d51f83700c6684bf28cec759613e6bf8cc74ed079c33598
694668011,Rimmel Lasting Finish Compact Powder Foundation 004 Rose Ivory,Rimmel,1,https://www.ocado.com/products/694668011,vegan,manufacturer,https://www.rimmellondon.com/en-gb/face/foundations/lasting-finish-25h-compact-powder-foundation,https://www.rimmellondon.com/en-gb/face/foundations/lasting-finish-25h-compact-powder-foundation,7bd6f780e110477ab2b81ff1c242b54f65f8ea11336e8e4b570949d1a46d22b8,e3f2299be4e1b6a34d607a3a17a71dba506278ffd463e25d3351c402f7b8c082
694669011,Rimmel Lasting Finish Compact Powder Foundation 008 Soft Beige,Rimmel,1,https://www.ocado.com/products/694669011,vegan,manufacturer,https://www.rimmellondon.com/en-gb/face/foundations/lasting-finish-25h-compact-powder-foundation,https://www.rimmellondon.com/en-gb/face/foundations/lasting-finish-25h-compact-powder-foundation,3e021dd350d517a394db8bd473ec269a60150a12ebf2345f36ff97fb5dd6181f,e3f2299be4e1b6a34d607a3a17a71dba506278ffd463e25d3351c402f7b8c082
694670011,Rimmel Lasting Finish Compact Powder Foundation 001 Fair Porcelain,Rimmel,1,https://www.ocado.com/products/694670011,vegan,manufacturer,https://www.rimmellondon.com/en-gb/face/foundations/lasting-finish-25h-compact-powder-foundation,https://www.rimmellondon.com/en-gb/face/foundations/lasting-finish-25h-compact-powder-foundation,b6d1f6a478f3fab517b063bd64ae2d19b880a79c3f54796dc89e4c3cb2a4bdfd,e3f2299be4e1b6a34d607a3a17a71dba506278ffd463e25d3351c402f7b8c082
694671011,Rimmel Lasting Finish Compact Powder Foundation 010 Latte,Rimmel,1,https://www.ocado.com/products/694671011,vegan,manufacturer,https://www.rimmellondon.com/en-gb/face/foundations/lasting-finish-25h-compact-powder-foundation,https://www.rimmellondon.com/en-gb/face/foundations/lasting-finish-25h-compact-powder-foundation,6c956488a8b75292d421bde3d1f3c9cb4c3aef251dd7be4dd69407fd8c0df9bb,e3f2299be4e1b6a34d607a3a17a71dba506278ffd463e25d3351c402f7b8c082
694672011,Rimmel Lasting Finish Compact Powder Foundation 005 Ivory,Rimmel,1,https://www.ocado.com/products/694672011,vegan,manufacturer,https://www.rimmellondon.com/en-gb/face/foundations/lasting-finish-25h-compact-powder-foundation,https://www.rimmellondon.com/en-gb/face/foundations/lasting-finish-25h-compact-powder-foundation,0d4ed711296c50befc8d776158ca3ad79879420990a2966406fb1606cc189045,e3f2299be4e1b6a34d607a3a17a71dba506278ffd463e25d3351c402f7b8c082
694673011,Rimmel Lasting Finish Compact Powder Foundation 007 Golden Beige,Rimmel,1,https://www.ocado.com/products/694673011,vegan,manufacturer,https://www.rimmellondon.com/en-gb/face/foundations/lasting-finish-25h-compact-powder-foundation,https://www.rimmellondon.com/en-gb/face/foundations/lasting-finish-25h-compact-powder-foundation,8ffb585638c5310db87def44c3c321950ae9b9b93b36d756b84acd8c5aab0448,e3f2299be4e1b6a34d607a3a17a71dba506278ffd463e25d3351c402f7b8c082
694682011,Rimmel Nail Nurse 7 in 1 Nail Treatment,Rimmel,1,https://www.ocado.com/products/694682011,vegan,manufacturer,https://www.rimmellondon.com/en-gb/nails/nail-care/nail-nurse-7-in-1,https://www.rimmellondon.com/en-gb/nails/nail-care/nail-nurse-7-in-1,a1d62b6b953285ac3b2f16ac25c8f0eb22aed89f6f51db42d33eef31abdebd0e,feec4847b1d764c46e1fa782a5b5548e515d8b8a0cb817cd9e49c32ce0918b86
694684011,Rimmel Nail Nurse Nail Cuticle Oil,Rimmel,1,https://www.ocado.com/products/694684011,vegan,manufacturer,https://www.rimmellondon.com/en-gb/nails/nail-care/nail-nurse-2-v-1-repair-oil,https://www.rimmellondon.com/en-gb/nails/nail-care/nail-nurse-2-v-1-repair-oil,3a9d256ddcf132f2517b39a8a2a5c9312cff17ab830f2c9647032b7df04f543e,7d0c43abaa6adddd7f17e9bdada503ca632a1ba644ace4c9350ab8032c196ca8
694732011,Max Factor 2000 Calorie Lip Glaze Cotton Candy,Max Factor,1,https://www.ocado.com/products/694732011,vegan,manufacturer,https://www.maxfactor.com/en-gb/lips/lip-gloss/2000-calorie-lip-glaze,https://www.maxfactor.com/en-gb/lips/lip-gloss/2000-calorie-lip-glaze,a89f3a14fd7fb4cb1d57df1c56a615c533e5da32c759fbf00cb2b584fbf9aeca,3e66468406ef54d1008fb5b4a73cbd8214327e4e4a971a202433ab7fa557f422
694734011,Max Factor 2000 Calorie Lip Glaze Caramel Swish,Max Factor,1,https://www.ocado.com/products/694734011,vegan,manufacturer,https://www.maxfactor.com/en-gb/lips/lip-gloss/2000-calorie-lip-glaze,https://www.maxfactor.com/en-gb/lips/lip-gloss/2000-calorie-lip-glaze,c3361b9051b9e9a0ab59ac9f1d575fee5bebe4ee7206642e80d021938d0f86fc,3e66468406ef54d1008fb5b4a73cbd8214327e4e4a971a202433ab7fa557f422
694737011,Max Factor 2000 Calorie Lip Glaze Guava Flair,Max Factor,1,https://www.ocado.com/products/694737011,vegan,manufacturer,https://www.maxfactor.com/en-gb/lips/lip-gloss/2000-calorie-lip-glaze,https://www.maxfactor.com/en-gb/lips/lip-gloss/2000-calorie-lip-glaze,9e1eb8eda9c70cdc4b7e6310ffbe5261daaecb549c5e88039c553bf372d45607,3e66468406ef54d1008fb5b4a73cbd8214327e4e4a971a202433ab7fa557f422
694738011,Max Factor 2000 Calorie Lip Glaze Melting Ice,Max Factor,1,https://www.ocado.com/products/694738011,vegan,manufacturer,https://www.maxfactor.com/en-gb/lips/lip-gloss/2000-calorie-lip-glaze,https://www.maxfactor.com/en-gb/lips/lip-gloss/2000-calorie-lip-glaze,db39aa1611af545da1fb60de5e3b3a979de45d882e6d938aa5da82e6bd4963e5,3e66468406ef54d1008fb5b4a73cbd8214327e4e4a971a202433ab7fa557f422
694740011,Max Factor 2000 Calorie Lip Glaze Pink Fizz,Max Factor,1,https://www.ocado.com/products/694740011,vegan,manufacturer,https://www.maxfactor.com/en-gb/lips/lip-gloss/2000-calorie-lip-glaze,https://www.maxfactor.com/en-gb/lips/lip-gloss/2000-calorie-lip-glaze,139bfea0aeacc93fe60acc48c86f9bf1e82b984d13cf505fb44cb9e62661890c,3e66468406ef54d1008fb5b4a73cbd8214327e4e4a971a202433ab7fa557f422
694741011,Max Factor 2000 Calorie Lip Glaze Berry Sorbet,Max Factor,1,https://www.ocado.com/products/694741011,vegan,manufacturer,https://www.maxfactor.com/en-gb/lips/lip-gloss/2000-calorie-lip-glaze,https://www.maxfactor.com/en-gb/lips/lip-gloss/2000-calorie-lip-glaze,68245c049b7543e9402fd9d70668895a0f6277f7eb5b11ba411604c6bd2b280b,3e66468406ef54d1008fb5b4a73cbd8214327e4e4a971a202433ab7fa557f422
694742011,Max Factor 2000 Calorie Lip Glaze Floral Cream,Max Factor,1,https://www.ocado.com/products/694742011,vegan,manufacturer,https://www.maxfactor.com/en-gb/lips/lip-gloss/2000-calorie-lip-glaze,https://www.maxfactor.com/en-gb/lips/lip-gloss/2000-calorie-lip-glaze,fa0b759f4170dc4c6343620dfb1c114bcf95aa5463beb2b332a557aa830f0a9b,3e66468406ef54d1008fb5b4a73cbd8214327e4e4a971a202433ab7fa557f422
694800011,Max Factor Masterpiece 2-In-1 Lash WOW Volume & Length Mascara Black,Max Factor,1,https://www.ocado.com/products/694800011,vegan,manufacturer,https://www.maxfactor.com/en-gb/eyes/mascara/masterpiece-2-in-1-lash-wow-mascara,https://www.maxfactor.com/en-gb/eyes/mascara/masterpiece-2-in-1-lash-wow-mascara,3e4d1a289e6e2f538eaf9294404043949d20eb0ab49a216b057e408f6adcdbc4,e524248ef586fc2f8a67807206f851f88164a413e8d34af76210ca1158b7b644
694933011,Puresport Ultra Electrolytes Watermelon Salt,PURE SPORT OIL LTD,1,https://www.ocado.com/products/694933011,vegan,manufacturer,https://puresport.co/products/ultra-electrolytes-30-pack-orange-lemonade,https://puresport.co/products/ultra-electrolytes-30-pack-orange-lemonade,93dca615c4d6ec9ab466446d22b53b504e62d056141af1f6cbf2d88cf033c93b,84e91960470f82ff70b25827ecac87968bbcc0d7d34cc2fc6c8a247bb94beb06 de83b50bab9434ccfbdcab267d02599e4cc50f10e9fa05f88f85a400493b7f1b
694934011,Puresport Ultra Electrolytes Raspberry Salt,PURE SPORT OIL LTD,1,https://www.ocado.com/products/694934011,vegan,manufacturer,https://puresport.co/products/ultra-electrolytes-30-pack-orange-lemonade,https://puresport.co/products/ultra-electrolytes-30-pack-orange-lemonade,1d557b0af3f5b791330d4bc8623a4697afe854f6bf0e07b048c2a2ba82796978,84e91960470f82ff70b25827ecac87968bbcc0d7d34cc2fc6c8a247bb94beb06 de83b50bab9434ccfbdcab267d02599e4cc50f10e9fa05f88f85a400493b7f1b
694935011,Puresport Ultra Electrolytes Orange Lemonade,PURE SPORT OIL LTD,1,https://www.ocado.com/products/694935011,vegan,manufacturer,https://puresport.co/products/ultra-electrolytes-30-pack-orange-lemonade,https://puresport.co/products/ultra-electrolytes-30-pack-orange-lemonade,e4510b78d14217b37a70831adbe1c554c29b67512ba573a3c29ff935f8b30941,84e91960470f82ff70b25827ecac87968bbcc0d7d34cc2fc6c8a247bb94beb06 de83b50bab9434ccfbdcab267d02599e4cc50f10e9fa05f88f85a400493b7f1b
694936011,Puresport Energy Gel Berry,PURE SPORT OIL LTD,1,https://www.ocado.com/products/694936011,vegan,manufacturer,https://puresport.co/products/energy-gels-variety,https://puresport.co/products/energy-gels-variety,93c4a649aca7a89bf152ab801abeb8644f04495ca25e8d50a8a8c514e6b2a569,334289d70b4a89a6c46f038763be11c5dcd2aef572acc0af5562dd8b9ba1437e
694937011,Puresport Energy Gel Orange,PURE SPORT OIL LTD,1,https://www.ocado.com/products/694937011,vegan,manufacturer,https://puresport.co/products/energy-gels-variety,https://puresport.co/products/energy-gels-variety,c66a45beff3704f4df9fcee56975044012dc790aa8b6753c4840ea6f48faa347,334289d70b4a89a6c46f038763be11c5dcd2aef572acc0af5562dd8b9ba1437e
694939011,Puresport Energy Gel Berry 6 Pack,PURE SPORT OIL LTD,1,https://www.ocado.com/products/694939011,vegan,manufacturer,https://puresport.co/products/energy-gels-variety,https://puresport.co/products/energy-gels-variety,9ed74188bb12f4cc551ec9b82bc4c40dab45f162741453d16550593c09769181,334289d70b4a89a6c46f038763be11c5dcd2aef572acc0af5562dd8b9ba1437e
694940011,Puresport Ultra Electrolytes - Trial Pack,PURE SPORT OIL LTD,1,https://www.ocado.com/products/694940011,vegan,manufacturer,https://puresport.co/products/ultra-electrolytes-30-pack-orange-lemonade,https://puresport.co/products/ultra-electrolytes-30-pack-orange-lemonade,85e2455cf3acb685a2dabb719c2fbdf3a5adee009e52126d225392fdc215573b,84e91960470f82ff70b25827ecac87968bbcc0d7d34cc2fc6c8a247bb94beb06 de83b50bab9434ccfbdcab267d02599e4cc50f10e9fa05f88f85a400493b7f1b
695061011,Rimmel Lasting Finish Lipstick 084 Amethyst Shimmer,Rimmel,1,https://www.ocado.com/products/695061011,vegan,manufacturer,https://www.rimmellondon.com/en-gb/lips/lipsticks/lasting-finish-satin-lipstick?shade=084-amethyst-shimmer,https://www.rimmellondon.com/en-gb/lips/lipsticks/lasting-finish-satin-lipstick?shade=084-amethyst-shimmer,3b74cc19e1eac0ee142ed70f09c35a7eb0cdde48cd0ab2a49b4d7b5e28d422b8,159bd2343cd3e71cef8c5b4d3102f7d7f4af5484410350edaf9dd8cebaaf3b76
695102011,Cetaphil Pro Itch Prone Skin Body Lotion,Cetaphil,1,https://www.ocado.com/products/695102011,vegan,manufacturer,https://www.cetaphil.co.uk/moisturisers/pro-itch-prone-moisturising-body-lotion/5020465201830.html,https://www.cetaphil.co.uk/moisturisers/pro-itch-prone-moisturising-body-lotion/5020465201830.html,cd6174ccd91c5baccaed5aaae3868b31baf6c390e27d61fb90d8e0887c5efe31,4b87159d9ebe50c4f99814a7b037b79ed186f40430bf371314bf1bd5bffb4424
695123011,Little's Coffee Liquid Coffee Concentrate Sticks Frozen Vanilla,Little's,1,https://www.ocado.com/products/695123011,vegan,manufacturer,https://wearelittles.com/pages/faqs,https://wearelittles.com/pages/faqs,8e66c837f0d431eb1c943323969f6e1dab7689005ecf593e2d0f7d090eca432c,ccf46fc330a5c955cb3cc54cedc74e13fe2e583f1b5025ac75047f442134c18f
695124011,Little's Coffee Liquid Coffee Concentrate Sticks Creamy Caramel,Little's,1,https://www.ocado.com/products/695124011,vegan,manufacturer,https://wearelittles.com/pages/faqs,https://wearelittles.com/pages/faqs,d496b2de8f37509ec618b3f889847e57a1cb2ce58931213d6d71bdf09e5753bd,ccf46fc330a5c955cb3cc54cedc74e13fe2e583f1b5025ac75047f442134c18f
695125011,Little's Coffee Liquid Coffee Concentrate Sticks Sweet Cinnamon,Little's,1,https://www.ocado.com/products/695125011,vegan,manufacturer,https://wearelittles.com/pages/faqs,https://wearelittles.com/pages/faqs,85e826c13065bc098bf4ab87e39d6ff39f15813a33ea7732681ced462f605063,ccf46fc330a5c955cb3cc54cedc74e13fe2e583f1b5025ac75047f442134c18f
695210011,Oumph! Spiced Kebab Pieces,Oumph!,1,https://www.ocado.com/products/695210011,vegan,manufacturer,https://oumph.net/uk/faqs/,https://oumph.net/uk/faqs/,0a9609e46e1fc9257102633d02853a18dea6c1bccd656f8b6ebf5e4cc02a3178,3e3b02c67b8cf2393ea872b8a5c9f22f091decbe660590dc17307a6fd4442c6d 810044d374cd58713f195a3b76a6ad9dc0f39754725310274121e1125aa9c423
695246011,Aveeno Daily Moisturising Body Wash with Shea Butter and Berry Scent,Aveeno,1,https://www.ocado.com/products/695246011,vegan,manufacturer,https://www.aveeno.co.uk/products/daily-moisturising-shea-berry-body-wash,https://www.aveeno.co.uk/products/daily-moisturising-shea-berry-body-wash,60372a3874235b4a9a049a36056bcdc5bf77c065e816ca1689b7859fbd2b76aa,da3504f5e6c6d6b6ade917ae2f95e58c1c07476750f803edd4f9324a65ae8636
695247011,Aveeno Daily Moisturising Body Wash with Cocoa Butter and Vanilla Scent,Aveeno,1,https://www.ocado.com/products/695247011,vegan,manufacturer,https://www.aveeno.co.uk/products/daily-moisturising-cocoa-vanilla-body-wash,https://www.aveeno.co.uk/products/daily-moisturising-cocoa-vanilla-body-wash,2b43ee0bfaea127e4ac1505c1a88bdc762e225457a6d30f901d19a9e6407ab70,8cc8ecc3ec0f15cff89ea9e7969e16e5a7e7faad2727beb1cb4791c0cb88949c
695740011,Seep Summer Stripe Edit Sponge Cloths,Seep,0,https://www.ocado.com/products/695740011,vegan,manufacturer,https://theseepcompany.com/pages/faqs,https://theseepcompany.com/pages/faqs,ec36550e8aa8c25a2d1bdab2d4a60e57f25ccf3b9c2c5dd2488443b765b6a005,26938c23e54b6f9b21d4c0c9c2ac6dc35748a395929a3ac7aff335bdbbcdfdab
696099011,Method Sweet Water Hand Soap Refill,Method,1,https://www.ocado.com/products/696099011,vegan,manufacturer,https://methodproducts.co.uk/about-us/faq/,https://methodproducts.co.uk/about-us/faq/,900f9f92ff992884f56ddc9fd8a89392e1b6d6b56776fb198f9b732ff3ecd2fe,746e77346138f37e5f7008edf1df397fd577b7a48ed80d68554f2247288a0e12 af56d2c5ebe196f060f2be37c35644dbed4abf1f9a6f9ee93ddb6e9b289ba122
696100011,Method Lavender Hand Soap Refill,Method,1,https://www.ocado.com/products/696100011,vegan,manufacturer,https://methodproducts.co.uk/about-us/faq/,https://methodproducts.co.uk/about-us/faq/,a27e72471aeb2acdafa8237a1c99e70b80de5cae221286e4e5c1c13590568b4b,746e77346138f37e5f7008edf1df397fd577b7a48ed80d68554f2247288a0e12 af56d2c5ebe196f060f2be37c35644dbed4abf1f9a6f9ee93ddb6e9b289ba122
696105011,Tallow + Ash Icing on the Cake Laundry Conditioner,Tallow and Ash,1,https://www.ocado.com/products/696105011,vegan,manufacturer,https://www.tallow-ash.com/,https://www.tallow-ash.com/,ffa5969aafa567f64257db7e88e8c72bcabeae62b8cb078b438787b712faa110,e78262c39dc27fed66f378deb3853308e196f168ef1e09fd33521a2b37118609
696112011,MOTH Strawberry Daiquiri Cocktail,Moth,1,https://www.ocado.com/products/696112011,vegan,manufacturer,https://mothdrinks.com/products/taster-pack?variant=42008753995947,https://mothdrinks.com/products/taster-pack?variant=42008753995947,0a15e1de5db4c38a9407255cd2c12695f15d2e248a08c1f49cee0d5709da6462,f8b8cda7400dab95e2095bafc6aab882c612a9f4981657c24fff0f17c297ef84
696113011,MOTH Mango Margarita Cocktail,Moth,1,https://www.ocado.com/products/696113011,vegan,manufacturer,https://mothdrinks.com/products/taster-pack?variant=42008753995947,https://mothdrinks.com/products/taster-pack?variant=42008753995947,b78b6a145b43cb247b93d6faa2e8bf53688d3e469e17dad0caa388f78700aeb0,f8b8cda7400dab95e2095bafc6aab882c612a9f4981657c24fff0f17c297ef84
696116011,Tallow + Ash Duvet Day Laundry Conditioner,Tallow and Ash,1,https://www.ocado.com/products/696116011,vegan,manufacturer,https://www.tallow-ash.com/,https://www.tallow-ash.com/,c195f4c4451155caf23e4f4fd71b59435bbf8dffa942e0c31da0532299af9737,e78262c39dc27fed66f378deb3853308e196f168ef1e09fd33521a2b37118609
696117011,Tallow + Ash Little Miracle Laundry Conditioner,Tallow and Ash,1,https://www.ocado.com/products/696117011,vegan,manufacturer,https://www.tallow-ash.com/,https://www.tallow-ash.com/,bae4bc9719dd4010d799a1715d077b9a5e8154cd7ff01d241ca39c45dc270e2b,e78262c39dc27fed66f378deb3853308e196f168ef1e09fd33521a2b37118609
696119011,Tallow + Ash Aurora Laundry Conditioner,Tallow and Ash,1,https://www.ocado.com/products/696119011,vegan,manufacturer,https://www.tallow-ash.com/,https://www.tallow-ash.com/,383e765efa0e9ace8a60c93f538bbdc1a74bcbbf3c57aa821f7f4781ae8ede27,e78262c39dc27fed66f378deb3853308e196f168ef1e09fd33521a2b37118609
696120011,Tallow + Ash Oud Laundry Conditioner,Tallow and Ash,1,https://www.ocado.com/products/696120011,vegan,manufacturer,https://www.tallow-ash.com/,https://www.tallow-ash.com/,a493183d83db50b5bc75294a9fa3922ec2c3aed1680f5134abc5e60400a5177e,e78262c39dc27fed66f378deb3853308e196f168ef1e09fd33521a2b37118609
696210011,Miniml Scent Booster Refreshing Linen,Miniml,1,https://www.ocado.com/products/696210011,vegan,manufacturer,https://minimlrefills.co.uk/pages/our-mission,https://minimlrefills.co.uk/pages/our-mission,cefe6b3733f07bc4033dc12149318ce0e6fc9270d09af1527c96a67b66c3cb41,a0518f26ea2eff45a5d83c71ce89ef134d5ed855ed5c1e03cd71339c30bdf874
696212011,Miniml Scent Booster Uplifting Dragonfruit & Orchid,Miniml,1,https://www.ocado.com/products/696212011,vegan,manufacturer,https://minimlrefills.co.uk/pages/our-mission,https://minimlrefills.co.uk/pages/our-mission,fdb4de45839dead1fd56cac4e0b64deeb42ddc400da9454fcf3697460442168f,a0518f26ea2eff45a5d83c71ce89ef134d5ed855ed5c1e03cd71339c30bdf874
696221011,Tallow + Ash Fresh Pistachio Laundry Conditioner,Tallow and Ash,1,https://www.ocado.com/products/696221011,vegan,manufacturer,https://www.tallow-ash.com/,https://www.tallow-ash.com/,e85598a07d1d2887eeb6cd65cdfed3c7cf4bb2d1a90502b3225e8b6853794999,e78262c39dc27fed66f378deb3853308e196f168ef1e09fd33521a2b37118609
696223011,Tallow + Ash Summer Fling Conditioner,Tallow and Ash,1,https://www.ocado.com/products/696223011,vegan,manufacturer,https://www.tallow-ash.com/,https://www.tallow-ash.com/,258ebedb494bde8457b8e9d2a85bc3c0ac48a70de23cf95ea958d24438f15689,e78262c39dc27fed66f378deb3853308e196f168ef1e09fd33521a2b37118609
696342011,Aveeno Skin Relief Fast Absorbing Cream with Triple Oat Complex,Aveeno,1,https://www.ocado.com/products/696342011,vegan,manufacturer,https://www.aveeno.co.uk/body/skin-relief-fat-absorbing-cream,https://www.aveeno.co.uk/body/skin-relief-fat-absorbing-cream,623b41f33868120d27893d6d962d52ace148d7f28bf8c623cdc5c19838a1e633,c68b5c2e4dcfe4626785de7800f1418bb9b52d5bf44fdfbbf430507b809cef11
696907011,Oatly Oat Drink Barista Edition Ice,Oatly,1,https://www.ocado.com/products/696907011,vegan,manufacturer,https://www.oatly.com/en-gb/random-answers,https://www.oatly.com/en-gb/random-answers,53dedc1328c9516835ebf77b029ec6cdce13315f35b8bbbd93227e4c6fb8b105,8a4820af2d8eb4ff7c5cb9e02eff1901ef1e57b63fbe48ba1366bb0ec9b9602f
696915011,Aveeno Daily Moisturising Lotion with Cocoa Butter and Vanilla Scent,Aveeno,1,https://www.ocado.com/products/696915011,vegan,manufacturer,https://www.aveeno.co.uk/products/daily-moisturising-cocoa-vanilla-body,https://www.aveeno.co.uk/products/daily-moisturising-cocoa-vanilla-body,5183202e26e85580916c4d0ce82a3a3310f912da98d34899f76c621d001e315d,976d973612f73bda36f9680e631f8e056ff0e96bbdea785939a5a2b0422a3ec3
696952011,Poppi Strawberry Lemon Soda Cans,Poppi,1,https://www.ocado.com/products/696952011,vegan,manufacturer,https://www.drinkpoppi.co.uk/faq,https://www.drinkpoppi.co.uk/faq,85c586d58e7aae2bf68f22bf3223db3674fc25bbafb31cf641493b19c06736b2,dfa361b25c199d8db6c683adf438563e8c0176c56bfecabe142047469b8829d8
696954011,Poppi Orange Soda Cans,Poppi,1,https://www.ocado.com/products/696954011,vegan,manufacturer,https://www.drinkpoppi.co.uk/faq,https://www.drinkpoppi.co.uk/faq,066d2aa2a13c11a741bf8fa753dc38cbd9c4413c6e5ee76c0388997272ad6dbc,dfa361b25c199d8db6c683adf438563e8c0176c56bfecabe142047469b8829d8
696960011,Poppi Lemon Lime Soda Cans,Poppi,1,https://www.ocado.com/products/696960011,vegan,manufacturer,https://www.drinkpoppi.co.uk/faq,https://www.drinkpoppi.co.uk/faq,f91e780c4d71d957409eceb1cf984bd458d89fd4ad80b5d8b2ef9e8688788dc9,dfa361b25c199d8db6c683adf438563e8c0176c56bfecabe142047469b8829d8
696961011,Poppi Raspberry Rose Soda Cans,Poppi,1,https://www.ocado.com/products/696961011,vegan,manufacturer,https://www.drinkpoppi.co.uk/faq,https://www.drinkpoppi.co.uk/faq,474da270090e2c82d488d62913b6101630ab8a4b3c2a6e6533366badf75094b8,dfa361b25c199d8db6c683adf438563e8c0176c56bfecabe142047469b8829d8
696962011,Poppi Wild Berry Soda Cans,Poppi,1,https://www.ocado.com/products/696962011,vegan,manufacturer,https://www.drinkpoppi.co.uk/faq,https://www.drinkpoppi.co.uk/faq,793730c1557581c39877595e516f8428b778fb743dc290b145edfbfcb7552fbc,dfa361b25c199d8db6c683adf438563e8c0176c56bfecabe142047469b8829d8
696973011,Poppi Strawberry Lemon Soda Cans,Poppi,1,https://www.ocado.com/products/696973011,vegan,manufacturer,https://www.drinkpoppi.co.uk/faq,https://www.drinkpoppi.co.uk/faq,b9b023d23480613794ed7f20f58abe99c0b4aca28bf253a785a194d68ac38546,dfa361b25c199d8db6c683adf438563e8c0176c56bfecabe142047469b8829d8
696976011,Poppi Raspberry Rose Soda Cans,Poppi,1,https://www.ocado.com/products/696976011,vegan,manufacturer,https://www.drinkpoppi.co.uk/faq,https://www.drinkpoppi.co.uk/faq,a88275b7bd33e784c1b2b0fb44e79a4aa2a36bd66b95da5a2d2faad71a6ce626,dfa361b25c199d8db6c683adf438563e8c0176c56bfecabe142047469b8829d8
696977011,Poppi Orange Soda Cans,Poppi,1,https://www.ocado.com/products/696977011,vegan,manufacturer,https://www.drinkpoppi.co.uk/faq,https://www.drinkpoppi.co.uk/faq,0735bc7a897fa161665f795059a09e8183394fd1fa974492024eed673ec53832,dfa361b25c199d8db6c683adf438563e8c0176c56bfecabe142047469b8829d8
696978011,Poppi Lemon Lime Soda Cans,Poppi,1,https://www.ocado.com/products/696978011,vegan,manufacturer,https://www.drinkpoppi.co.uk/faq,https://www.drinkpoppi.co.uk/faq,b070d324bdb7bae34fb73b41b47813a7e9e88e8917449de004063d42505c1799,dfa361b25c199d8db6c683adf438563e8c0176c56bfecabe142047469b8829d8
696979011,Poppi Wild Berry Soda Cans,Poppi,1,https://www.ocado.com/products/696979011,vegan,manufacturer,https://www.drinkpoppi.co.uk/faq,https://www.drinkpoppi.co.uk/faq,744506d934872d05562b58f8ffa91bad1fd0c932f002d8dc4cf3786b370b8a94,dfa361b25c199d8db6c683adf438563e8c0176c56bfecabe142047469b8829d8
696983011,Fever-Tree Non-Alcoholic Mediterranean G&T 4x250ml,Fever-Tree,1,https://www.ocado.com/products/696983011,vegan,manufacturer,https://fever-tree.com/en-gb/faqs-contact-us,https://fever-tree.com/en-gb/faqs-contact-us,f624aca1daff7afbf7a636643ed3827e4ca5939b50d11ee84333591e40590ba6,b000aa556867dec084c2af5135fc21ab1776764b39d9ddde0cf045d6a8fb9964
696984011,Fever-Tree Non-Alcoholic Italian Spritz 4x250ml,Fever-Tree,1,https://www.ocado.com/products/696984011,vegan,manufacturer,https://fever-tree.com/en-gb/faqs-contact-us,https://fever-tree.com/en-gb/faqs-contact-us,08c3b497ca303cd8c4bc195c38272a0fc3839994caad292c5e052846c1a1dc0c,b000aa556867dec084c2af5135fc21ab1776764b39d9ddde0cf045d6a8fb9964
696985011,Fever-Tree Non-Alcoholic Mojito 4x250ml,Fever-Tree,1,https://www.ocado.com/products/696985011,vegan,manufacturer,https://fever-tree.com/en-gb/faqs-contact-us,https://fever-tree.com/en-gb/faqs-contact-us,6ed32b95099607cb2aa93cf4c622da87535be6c65d8211acf2356a110ca5ac23,b000aa556867dec084c2af5135fc21ab1776764b39d9ddde0cf045d6a8fb9964
697025011,Sxollie Cheeky Cherry 330ML CAN 3.4%,Sxollie,1,https://www.ocado.com/products/697025011,vegan,manufacturer,https://sxollie.com/products/mixed-lush-lemon-granny-smith-copy?variant=58404468785536,https://sxollie.com/products/mixed-lush-lemon-granny-smith-copy?variant=58404468785536,4b3a0b4a9e852160da5741f24828aadcc87b5382c4deb5542713c6551d02a844,8796081951b3bdf818e75f7250311db183800b46a1258545a1c77540784efeb1
697778011,Plenish GULTRA TURM 420M,PLENISH,1,https://www.ocado.com/products/697778011,vegan,manufacturer,https://www.plenishdrinks.com/,https://www.plenishdrinks.com/,28f58e002080bd28a392c3f69375186f4c70ee08f2b40ac952d1243d52f0cbeb,d0f3e8090b99183e0ffd18bd926f5455021c7d4e674a0c2ca9e26a86130a3cba
697780011,Plenish SHOTS ULTRA TURM 60ML,PLENISH,1,https://www.ocado.com/products/697780011,vegan,manufacturer,https://www.plenishdrinks.com/,https://www.plenishdrinks.com/,8b202a4ab6507ab0d36bbfb7b40c3bdc4828b543fcbf1723dd8f0d7894cb1856,d0f3e8090b99183e0ffd18bd926f5455021c7d4e674a0c2ca9e26a86130a3cba
698036011,Courvoisier VS,Courvoisier,1,https://www.ocado.com/products/698036011,vegan,manufacturer,https://www.courvoisier.com/en-gb/tours-and-experiences/book-cognac-tasting-tour/,https://www.courvoisier.com/en-gb/tours-and-experiences/book-cognac-tasting-tour/,2c1679fb74dc7ba4de0fee122e19daf146366d83389af2f133e6e5ddb86bfc0d,2bfcbeedd65b9a618079f3d6fb5f10dee1f65a22278cd6f87e7ed0385cd66245
698664011,Alpro Ready to Drink Matcha Coconut,Alpro,1,https://www.ocado.com/products/698664011,vegan,manufacturer,https://www.alpro.com/en-gb/articles/plant-based-alternatives-to-milk-for-your-tea,https://www.alpro.com/en-gb/articles/plant-based-alternatives-to-milk-for-your-tea,e5d6a9ac707ba72865d0c69effadba7943fbb9bde155da2ce10d8ed2141be574,af77a2cfe4fc7dd857fffa239bc0deee95c5b93d791071d58a2e58929eb93d1d
698666011,Alpro Barista Vanilla Flavour Oat Soya Drink,Alpro,1,https://www.ocado.com/products/698666011,vegan,manufacturer,https://www.alpro.com/en-gb/articles/plant-based-alternatives-to-milk-for-your-tea,https://www.alpro.com/en-gb/articles/plant-based-alternatives-to-milk-for-your-tea,58dd196333c7abd8c30d076c8d676b8f2b62d2a2c1fd9e0d3e3361e46cbe635f,af77a2cfe4fc7dd857fffa239bc0deee95c5b93d791071d58a2e58929eb93d1d
698667011,Alpro Barista Caramel Flavour Oat Soya Drink,Alpro,1,https://www.ocado.com/products/698667011,vegan,manufacturer,https://www.alpro.com/en-gb/articles/plant-based-alternatives-to-milk-for-your-tea,https://www.alpro.com/en-gb/articles/plant-based-alternatives-to-milk-for-your-tea,e59dca568072ba3b899413e0d37f7eee1edd6a3d07666d1b16ab48bddd91fe06,af77a2cfe4fc7dd857fffa239bc0deee95c5b93d791071d58a2e58929eb93d1d
699080011,M&S Skinkind Facial Moisturiser 50ml,M&S,1,https://www.ocado.com/products/699080011,vegan,manufacturer,https://www.marksandspencer.com/facial-moisturiser-50ml/p/hbp60706671,https://www.marksandspencer.com/facial-moisturiser-50ml/p/hbp60706671,8a8fdfc1b4ffc2de7eb9faf566d54042bc5fd0ea9ad153e612ec500330200b07,ef56ccd4a19addace0301149f1e7cd2b769e6f422e8a2c8c708de6c51cdcbbb4
699425011,Peroni Nastro Azzurro Cans,Peroni,1,https://www.ocado.com/products/699425011,vegan,manufacturer,https://uk.asahibeer.co.uk/products/peroni-nastro-azzurro,https://uk.asahibeer.co.uk/products/peroni-nastro-azzurro,68606cd453e8e7ce66ab834f16fddca0af4bab44e4e5242bbc59af1cca022d9f,13b241b82ff2b67bb28374ec6840b5b6569585c56ec621c0e95994f6f6aa521d
699917011,Nails.INC Chic Season 3-Piece Nail Polish Gift Set,Nails Inc.,1,https://www.ocado.com/products/699917011,vegan,manufacturer,https://nailsinc.com/products/kendall-1-step-gel-its-topless-nail-polish,https://nailsinc.com/products/kendall-1-step-gel-its-topless-nail-polish,3609fde364c9516011478298a8e04a23c5364784f9491bf943f58b56f8fb896c,91f648227ec94f574848f3a7c495fe59f76a0bc7bfad02aefc87e2448a024faa b8a425d28108102b6f062bd87a6d46eff0946516bea00f2cc4061d6d385a661a 85202267531faa66a1857d5e128893a4f0f4d06335df77dcd965787de987c50c
700752011,Weleda Pore Refining Vitamin C Serum Booster Drops,Weleda,1,https://www.ocado.com/products/700752011,vegan,manufacturer,https://www.weleda.co.uk/content/booster-serum-drops,https://www.weleda.co.uk/content/booster-serum-drops,4ef1f3d7048d1ef73edf8a8b4218ba39e8ec40b30e5a5496b4ab64ef9bdfd6cb,546f6635c9ed2ccd6b690136f900ff649cdeb331f66ffdcac61bad32923477e8
700753011,Weleda Hyaluronic Moisture Serum Booster Drops,Weleda,1,https://www.ocado.com/products/700753011,vegan,manufacturer,https://www.weleda.co.uk/content/booster-serum-drops,https://www.weleda.co.uk/content/booster-serum-drops,009588fa8e12487543a8073bbd30b3798156694e01462594b7cbcda49af11c5f,546f6635c9ed2ccd6b690136f900ff649cdeb331f66ffdcac61bad32923477e8
700754011,Weleda Sunkissed Bronzing Serum Booster Drops,Weleda,1,https://www.ocado.com/products/700754011,vegan,manufacturer,https://www.weleda.co.uk/content/booster-serum-drops,https://www.weleda.co.uk/content/booster-serum-drops,32277447802883c607bd4edbbc9eefebf6b80f563b61cf7d86be4de3365e4f49,546f6635c9ed2ccd6b690136f900ff649cdeb331f66ffdcac61bad32923477e8
