source_id,url,title,retrieved_at,content_sha256
00577e312ddfa60e0ba1b46aca55d8bfb03c5420ee34fce7475a01f17c018fce,https://www.marksandspencer.com/food/tomato-ketchup/p/fdp60014975,Tomato Ketchup | M&S,2026-09-13T17:02:25.280055+00:00,01b489905930e83800fd7a9c54ed67d398e138b6aca9ff8a725526334aecdb69
0074826d48ccef34407d236e7be43d0fdf59af3648cdd87ce710a49c9077a412,https://images.contentstack.io/v3/assets/bltf10d43c9de06a4a3/blt0fae22831c0a9d56/6895d2972af951a9546719cc/Rimmel_MultiTaskerConcealer_2025_060_Light_Honey_EPI.jpg?auto=webp,Rimmel Multi-Tasker Concealer 060 manufacturer visual label,2026-09-13T18:06:25.414291+00:00,0763d2f63f556fd178b14b660e163491a84c1ed883abcbe0b969dd04d343c416
0075a1a4d5ba0a21a10464e95f5c04802aef9802dfd13e4fe653329cb62b2fd0,https://healthandher.com/products/andropause-40,Health & Him Andropause 40+ Plus Testosterone Support – Health & Her (https://healthandher.com/products/andropause-40),2026-09-13T19:19:29.972973+00:00,8808bcce6a893108e6249ff0b51f157f629c0103cbb79c22db244eac7df90154
0090befc3efbe4e7f2ba821abc028f58cffd33d9a7e7cfd53072ad0fd2698f12,https://www.lil-lets.com/uk/our-products/pads/lil-lets-super-soft-long-pads/,Lil-Lets&#174; UK Super Soft Long Pads with Wings | Period Pads | Lil-Lets,2026-09-13T18:56:42.867637+00:00,1cd3b2c238027b67000a255abc1221bc1032dc53d960b8de0f2f0f05a5a033e9
00a9a21828b0efb0624ff96abbf39a1a6328ea75928521606694c1e99e4463e7,https://twinings.co.uk/products/raspberry-lemon-20-tea-bags,Twinings Raspberry & Lemon - 20 Tea Bags,2026-09-13T17:05:00.838Z,31a7e3481a1e9c91475bbbc2cfb382e2e98e80475c67e40dbbfcf0ae11a2aebf
010a7df9c93712314b1df4954160371efa1e5fa63593626860f2b786c4709bc3,https://adonis-foods.com/collections/keto-protein-bars/protein-bars,ADONiS protein bar | vegan keto bars (https://adonis-foods.com/collections/keto-protein-bars/protein-bars),2026-09-13T18:18:31.451543+00:00,b2ddf9f23d0b761c78f90c4b010741be6f8da0c0a8d9e7076194c124a2d6f5a3
01c2b0d0e1d9c50fb23289cfd2a9e728debf45c67e436c81b0762369cfc9eebd,https://www.daisebeauty.com/en-GB/product/fragrance-body-mist/sunny-daise,Sunny DAISE | Fragrance Body Mist in Vanilla & Coconut Scent,2026-09-13T17:20:09.106423+00:00,18378242dfe9677fc8495725675ba1cc1b2099b1a343563f335b67f2d3768791
021ef10b20bfa2dbf427b7c79f8ad41c71543961e64dcb997d70dbade37f9f3b,https://www.wilkinsonsword.com/products/sensitive-shave-foam-200ml,Sensitive Shave Foam 200ml – Wilkinson Sword (https://www.wilkinsonsword.com/products/sensitive-shave-foam-200ml),2026-09-13T17:46:13.313Z,cfa935f1b7b55ee8f5875051a48eed739532d71abe911f573b200bb239737adb
024f31d7d733716dba3d8407112adc5a24a08a2e943ea6dd1d9332db2311da06,https://www.britvic.com/our-brands/,Our brands | Britvic Limited,2026-09-13T19:09:13.003549+00:00,75b35e2c3e7340fe4cd606c82134df17d541a6433e598c10f3b2483306e451e8
032b3b70e630ddbea3a61a464755be824be25028394a15ad459096e339042d5c,https://www.greenpeople.co.uk/products/protein-boost-shampoo-200ml,Protein-Boost Shampoo & Shower Wash 200ml | Natural Protein Shampoo – Green People (https://www.greenpeople.co.uk/products/protein-boost-shampoo-200ml),2026-09-13T18:40:11.570380+00:00,5edc8f8971c11559fff53a872e4c1b50f7345deaab22186a27b56b3c5c7c5feb
039a00bec767d2c7183189d0e445b73cca66d0e08d0732f11335ac090184f054,https://galipettecidre.com/faq/,FAQ - Galipette,2026-09-13T17:11:39.492185+00:00,8dfcfc2c48d286d596695a95872968be415f95ca667355839fb188ef697a7317
03a559171ccb59582e6140cea5ec70fa3fb9f37449a46b6906d8fc0b851aeb18,https://www.nivea.co.uk/products/nivea-double-effect-radiance-eye-make-up-remover-125ml-40059008983880045.html,NIVEA Double Effect Radiance Eye Make Up Remover 125ml,2026-09-13T17:13:20.881136+00:00,1027115decf3891ccd67e03524574d26e1bcddc6289a174f56f1b88c93e75f22
043512654f11b0bab27cabc8ea2b20d6c9c96024ebb21ca2a31d80a5b14d5cbe,https://www.lil-lets.com/uk/our-products/teens/,Lil-Lets Teens,2026-09-13T18:49:06.490Z,6a45c601bf8d08d3344410a1f116b0341e6204268ac8739468b97ab78cd310aa
0448090333eccac4a77d4672ed6e3118741f4a4575df65e248b828169401ae4d,https://twinings.co.uk/products/peach-orange-20-tea-bags,Twinings Peach & Orange - 20 Tea Bags,2026-09-13T17:05:00.908Z,32d94fee6dbabc4f7382e00ed7f2037fd520f3054254db1ad8693bd49dede013
049b9c1e274de202c9a6322bee96276a040d6fdb6e7b3f606bdf425d1093dbf2,https://nailsinc.com/products/youre-being-chromatic-mirror-nail-polish,You're Being Chromatic Mirror Nail Polish – Nails Inc London American Express Apple Pay Diners Club Discover Google Pay Maestro Mastercard PayPal Shop Pay Union Pay Visa,2026-09-13T18:33:19.887331+00:00,ddbe67edd8c6ae47f5e90e36ff5f974ccae9cbb010990214611cf888e775276f
04d5000aede7c612d6e17d9e6a829d1774e4682247ac96739d1a194bcabe30a4,https://www.nealsyardremedies.com/products/close-shave-cream-140ml,Neal's Yard Remedies | Close Shave Cream 140ml,2026-09-13T18:13:44.819763+00:00,033957e9e1ab7475802563bed9aec665b5d6935852f17d9bc46ced39650fde96
0548af6c0ae53dec3058a4f473876b5de454cc892150d1b4fee1d3cf36c6217a,https://www.greenpeople.co.uk/products/sensitive-scent-free-cleanser-make-up-remover-150ml,Scent Free Cleanser | Fragrance Free for Ultra Sensitive Skin – Green People (https://www.greenpeople.co.uk/products/sensitive-scent-free-cleanser-make-up-remover-150ml),2026-09-13T18:40:11.570706+00:00,f9d7f02b42f5d490a4302c47881ea8ccb7f291344615c71bc4c176f7c476dfac
0549ce5671cecdc52ad017c099320b3366c9a5e7e3182c288ad169a91b856d9c,https://www.dove.com/uk/p/dove-body-%2B-mind-french-lavender-&-oat-milk-body-scrub-295-ml.sm.html/08720181947056,Dove body + mind French Lavender & Oat Milk Body Scrub gentle exfoliator 295 ml | Dove (https://www.dove.com/uk/p/dove-body-%2B-mind-french-lavender-%26-oat-milk-body-scrub-295-ml.html/08720181947056),2026-09-13T17:31:07.344157+00:00,26f337f49477d283034767dc019a790cc3a596c3102f12a883c33b26f4ca95ca
05872af136517af8ca8e7049477f5c28b69350012c9e3658406953ec153ce4db,https://baylisandharding.com/hand/royale-garden,Royale Garden Hand Collection | Baylis & Harding,2026-09-13T18:38:35.450966+00:00,7d5b00f772e5e6c302df71b376d5558b4b8e2e246baad94045a28c345a2d52f0
05ece2649833cb785ba30e17c91b3c48624e61db8e8b2a4ac4b767148f8d64ea,https://www.sacla.co.uk/products/fiery-chilli-pasta-pot,Saclà Fiery Chilli Pasta Pot – Sacla' (https://www.sacla.co.uk/products/fiery-chilli-pasta-pot),2026-09-13T18:14:37.194110+00:00,2a8afbea3a7908b2e1491c767f8d6f0167721fb48e28c9612d058d87b3407cfb
05f212fe17141d4f1e0cc28612831742b2e1c52d3d20f054953e6f628cc2276f,https://twinings.co.uk/products/blood-orange-cranberry-20-tea-bags,Twinings Blood Orange & Cranberry - 20 Tea Bags,2026-09-13T17:05:00.938Z,626106eac309d2e60a90946381040221e30c58c0b6a531e9173777654cd16bed
06240d4abdd1d9ce4bf96a6b13af904917bfb70425ca0fe8a6dda0b132d3b1e6,https://heinztohome.co.uk/p/pickle-flavour-tomato-ketchup-400ml/14935748/,Heinz Pickle Flavour Tomato Ketchup 400ml | Heinz To Home Site logo Site logo Site logo,2026-09-13T18:21:34.436955+00:00,740250f914b03c6574c2d8cae30f8d6b7d89b632e9ff2ba86d6dd0cd4acf85d3
06d50bbd7d02ca84c4ccff03698d6cc936fafa7711063fd7f448cac8cb11bccc,https://www.boucleme.co.uk/products/curl-defining-gel,"Curl Defining Gel for Waves, Curls and Coils | Bouclème (https://www.boucleme.co.uk/products/curl-defining-gel)",2026-09-13T18:38:00.468Z,51e4e3b9d77695b65925cee7844bfaf1bb7607e16e191e437ef0956113e2b8af
07eea920036ecb06a9507e7aca11a4adf1208da1299bfecc43d7f85ebbd778de,https://www.cotswoldsdistillery.com/pages/faqs,Answer your Queries with FAQs by Cotswolds Distillery Apple Pay Maestro Mastercard PayPal Visa,2026-09-13T19:11:56.856442+00:00,1529c40c240fe7f9139c30197941e3668c3121d48e4751c479c2401333da7522
08328eb6837db280993a3e9211bdda14ba4cd7b104d5dbc8ee5b2f7d38b7c3de,https://wearetribe.co/pages/faq,FAQ – TRIBE Natural Energy American Express Apple Pay Diners Club Discover Google Pay JCB Maestro Mastercard Shop Pay Union Pay Visa,2026-09-13T17:03:31.603641+00:00,1b4cf956e773cfedd30f473ae428ebaaf56b6c136578921f64d08a65ffad3996
087084968c685f998eee25d6819ba335513b4bdb4e0d2c989a497125bd3242c1,https://www.gardenhealth.com/westland-big-tom-tomato-food,Westland Big Tom Super Tomato Food - Plant Food - Garden Health,2026-09-13T19:08:02.241783+00:00,29e6a9c421de776d09a5737b2f0bdcd4c858b8a8439c34391c5b5453d32cbbed
09074903fcbd614530a856e2b45d2b420dc389e2c5273b91c787bf2b59b2c682,https://www.jasonssourdough.co.uk/pages/every-day-tiger-rolls,Every Day Tiger Rolls,2026-09-13T17:11:41.256445+00:00,c58a36bb21b8ff368be48bf04ada4d24993553421b2b750ea93d0b8e3b6ba4d7
0994f4f477940a7b9730939dbb7d8d32b75e712b2237077d25f840962df1adc2,https://skin-genius.co.uk/,100% Natural Acne Treatment Skincare & Eczema Treatment Skincare – SkinGenius Skincare American Express Apple Pay Bancontact Diners Club Discover Google Pay iDEAL Wero Maestro Mastercard PayPal Shop Pay Union Pay Visa,2026-09-13T17:07:47.706937+00:00,2f6aae786afb93640105c37c88e5fb574c6fd5f77e25c1189b9681e9e6773a46
09a329ccc489c5c90efeeb16373e6935ef6993a5db93c7b4d055b7c8cc15d696,https://twinings.co.uk/products/twinings-sparkling-tea-refresh,Twinings Sparkling Tea Refresh 250ml Can,2026-09-13T17:05:19.062Z,177b3892777f3fad719e4af6202f82ad1549398fa6bb2da0c7f7a3c93c9dafae
09ab4bde72f4241124c0fd9048f3f096130412a6e4ce17c451845963585ecf7a,https://nailsinc.com/products/house-hunting-in-holland-park-quick-drying-nail-polish,House Hunting In Holland Park Quick Drying Nail Polish – Nails Inc London American Express Apple Pay Diners Club Discover Google Pay Maestro Mastercard PayPal Shop Pay Union Pay Visa,2026-09-13T18:32:52.454041+00:00,a4166effad5cdc9b23eb5c2112a90923c3235c86657fbce1a3b4819fe42b53e9
09eae94976d4e1ed00610f4507da93ca421e94e777734e804da7b01f179c796b,https://www.marksandspencer.com/restore-hand-wash-refill/p/hbp60782671,Restore Hand Wash Refill 520ml by Apothecary at M&S,2026-09-13T17:00:56.974239+00:00,f3ddc77cdff0c587b089ec0ca4c94db1a1014065c397d37f7c90fa7d8dd23b63
0a01bd381d12742acb03e229bbbb8b329e02739a0f2f23c6d323d5974bbfa571,https://www.bigtom.co.uk/products/big-tom-150ml-can,Big Tom 150ml Can | Premium Spiced Tomato Juice | Big Tom,2026-09-13T18:41:53.200107+00:00,91bf141d38a6ac35398bf2975723e51f2bb5e01651607704e6f37865e9248914
0b4a63404d146cf1f1cb6b544abeaec9817e4a804aefb984aa86eddb91a130a8,https://nyrorganic.com/uk/Neals-Yard-Remedies-2024/,"Neal's Yard Remedies 2024, Issue27 Spring2024",2026-09-13T18:25:29.051923+00:00,3d8edd748f52d467e9c4963a98d9725f2744da796451a851be0f5ebc0ccb8b8b
0bc010d4776f77270a10954ce1177d44dd30bbbf4961432dac5faf5a2500e012,https://www.coffeeway.com/en/our-coffee/single-serve-coffeebags/vanilla-hazelnut/,Coffeeway | Vanilla-Hazelnut,2026-09-13T18:59:22.910943+00:00,4351f20b98f02309024f8bdb34475d25d74208aeccf62ad31591310695a537c7
0be3115f48eb3c9143594c4257d95ee4b05bfcfa2ee4db9ead1f35af39124d93,https://www.marksandspencer.com/food/hot-chipotle-chilli-paste/p/fdp60071501,Hot Chipotle Chilli Paste | M&S,2026-09-13T17:00:46.491730+00:00,565804cce24efc1e24423533663421a362dd8af4ce4f466168c02cf2be31c66b
0bf85e708546513549a6dc8885d3233c142ba6fc79d5ad9b0c997f188f22bf5e,https://www.weleda.co.uk/product/pomegranate--maca-peptides-firming-day-cream-g006220,Firming Day Cream Pomegranate & Maca Peptides,2026-09-13T18:20:25.340902+00:00,7a3f80306b60c0ad46ce1aa0cec2866916c52eb12bdc8940f711781ff1e5d165
0c133627383dde4dd4f09c81eb38665bb7d023fb80498ddecc6f1d5093249428,https://hendricksgin.com/uk/faqs/,Hendrick’s Gin,2026-09-13T17:07:47.333977+00:00,ba0981cb372ff8efedaf4a98ce27a36347c2c04ba793ae7fa7d0bff1b7b155a6
0c37212e5f8617547d12c1de08d22ecf7a54e01dc6a3334fbebb12c0924abd9d,https://www.dove.com/uk/p/dove-bergamot-&-wildflowers-limited-edition-body-scrub-225ml.sm.html/08720181865626,Dove Bridgerton Love & Meadows Exfoliating Body Scrub 225ml | Dove (https://www.dove.com/uk/p/dove-bergamot-%26-wildflowers-limited-edition-body-scrub-225ml.html/08720181865626),2026-09-13T17:31:07.344524+00:00,e7387a69addb7faa25f0cb04a78cf15ab20f46bbbe1a41549ec1dcbcf615208e
0c5c9cc75eac68c92733b645e420e32854fcce94a00e76ad8e61a040bf28c439,https://www.highernature.com/products/high-strength-b-complex,High Strength B Complex - Energy & Mental Performance | Higher Nature,2026-09-13T19:18:00.895361+00:00,fd797e03970fc10a9d29fde2bd435b3a5fc897877027f1eb9ec687fc55223fa3
0ca82dd14ac2072d52de741d7424f9fd61876e0f622d522e567b117891939a50,https://www.johnfrieda.com/en-uk/products/blonde/go-blonder/lightening-spray/,Go Blonder Controlled Lightening Spray,2026-09-13T18:00:54.089818+00:00,87aeb8c17144a53038204a91101bbd69a22f1dbd35eff2a6b368a63f2141e8b7
0d50f6e0919f654a5a234a5b5af35dd20122b22b5e23858409a158dac7ffb5bf,https://acnecide.co.uk/faqs/,Acnecide+Purifide,2026-09-13T17:15:42.374721+00:00,32c886691db9c6c35a169b20b2ade5460cfbe7b3949ef35c64a5147d8667d156
0d74ab224975d4d104c59928e1127c1fdcd20f42988623471e6787d87e8859a4,https://oldpulteney.com/pages/faqs,FAQs | Old Pulteney | Single Malt Scotch,2026-09-13T17:01:13.289464+00:00,2e09cd34223adecf1cd046a970780581bc1e1b2595ee71a1ef9009c8f3b47c94
0e64b564c97ff2e2aea092559425ffe329b355686b2335b437e847b760abe17b,https://twinings.co.uk/products/fruits-selection-20-envelopes,Twinings Fruits Selection - 20 Envelopes,2026-09-13T17:05:00.829Z,fd6d7d64e0ea70f0aa3dc70555b450f8675e754f5d82b98d3bced3a421a28972
0ec7f81c6b91530bce3c8b7bcfea3d7ccdc9a4f5cab5411bf87d3b6a86152009,https://www.nealsyardremedies.com/products/nourishing-lavender-shampoo-200ml,Neal's Yard Remedies | Nourishing Lavender Shampoo 200ml,2026-09-13T18:14:12.817473+00:00,36112697efd07c80693b1fd8b45858f6a29c4a08f4dcc6d248dd3791568deacf
0fc6f2f937785228f2bcf33edda0361bd6a9e2b1652cb7ed8f445b545da88419,https://biona.co.uk/products/pitted-green-olives-in-brine,Pitted Green Olives in Brine 280g – Biona,2026-09-13T18:16:03.935805+00:00,e5c11bfb730398e3184f48ea2e1e2c820d1c65462d15c6ef551e30a28d1edaf7
10250ecba615338796f0c4bff4a206a3023089df7d8e2eb507a9fc449e17b51e,https://www.simple.co.uk/products/face-moisturisers-and-creams.html,Face Moisturisers & Creams Collection | Simple® Skincare (https://www.simple.co.uk/products/face-moisturisers-and-creams.html),2026-09-13T17:43:44.130761+00:00,5d20e87dc8ac14b782c226222c653665eb3fc6244c445a8b7587444551b167f5
103749aab4b450e9b0134c152353b6c589b8cd89bd0bef30fbb29e731af8c1bc,https://www.simple.co.uk/skincare-tips/product-tips/meet-our-booster-serums.html,Meet our Booster Serums | Simple® Skincare (https://www.simple.co.uk/skincare-tips/product-tips/meet-our-booster-serums.html),2026-09-13T17:43:44.130349+00:00,5b224e0d8243f6680cc424a73999f29d6cad825f6741f49d62a13f41c5ef3994
103aa905691a3d06b62fde31fb3885cd18c3b1b00f8974d57c9290d4da99eea2,https://uk.ecover.com/faq/are-ecover-products-vegan/,Are Ecover products vegan? - Ecover,2026-09-13T16:57:50.217624+00:00,848ecc4573bea671203b00196b17c139dbc56faeab9ed3ae4031866a28946f88
1045e6b4ebb74f40d080564512a084841b673c48009bef0439a70236ad63e444,https://www.evolvebeauty.com/pages/faq/1000,FAQ – Evolve Organic Beauty (https://www.evolvebeauty.com/pages/faq/1000),2026-09-13T17:24:46.835000+00:00,b65bd96f500f82967ae83c283c1d56f3a72d9d32acd97d600b4e567e855c7a61
10932f3e7b50d632353bf36899750209ce88a51778bbd460545f7396b985a33b,https://tenzingnaturalenergy.com/products/lime-mint,TENZING Lime & Mint – Team TENZING,2026-09-13T18:23:16.614230+00:00,f2d2246daf4db89f1c901ea19205a4e2158512f29b92fc096dbdb9965f6f333f
10a200f18a131e6e3bc2fad4ec4cda64910cec055d0d2c0e64712b63ebcefc5e,https://us.aroma-works.com/products/light-range-lemongrass-bergamot-reed-diffuser,Light Range Lemongrass & Bergamot Reed Diffuser 100ml (https://us.aroma-works.com/products/light-range-lemongrass-bergamot-reed-diffuser),2026-09-13T19:04:20.569448+00:00,ec1a04ebf754979ba2cb81e016d24a57a4183692b4f0ffe327ec9d3e7098f3f8
10ec6036e3fae0420c331b9d1f4ff93b4082f1ccc2acbd360e21d0a5d13e0709,https://www.thisworks.com/products/deep-sleep-pillow-spray-75ml,deep-sleep-pillow-spray-75ml,2026-09-13T18:30:23.488181+00:00,27f3e2e98953f1e27571208af34ab7668ca0b676f3c6b5f146736c0a4cd18c87
11b09fd0ad4da59b805aeb842ec187db584fec0d7be4ce84c9aedf3c20dee328,https://bioglan.co.uk/product/vision-shield/,Vision Shield - Bioglan,2026-09-13T17:55:09.351645+00:00,ae886479578e2e2c7852ff95e00c46e106eb77fa5f676ff87eb8840015a96fec
11dbf2231d28bf84496c6493a1300c2ce711132a4ab3a5cc6897427860e54a98,https://www.otexear.com/products/otex-sodium-bicarbonate-ear-drops/,Otex Sodium Bicarbonate Ear Drops | Otex Otex - Be clear to hear Close Otex - Be clear to hear,2026-09-13T17:55:10.861295+00:00,2fd96cafeb6a8549e57ad7d65ffa1d96074b1c5bde77bd87cdf5011b90ea3935
13a99af9434d0b3e9141f220c5613ebccc59ac3e19ecaba8c70f3d70d39da7f8,https://www.cetaphil.co.uk/moisturisers/pro-redness-prone-skin-tinted-moisturising-day-cream-spf30/5020465201762.html,PRO Redness Prone Skin Moisturising Day Cream | Cetaphil UK,2026-09-13T17:10:36.118319+00:00,bbab46937f89df50cb77cad3d897adf35e70a103f0c86299c4c87828ca0ffba4
13b241b82ff2b67bb28374ec6840b5b6569585c56ec621c0e95994f6f6aa521d,https://uk.asahibeer.co.uk/products/peroni-nastro-azzurro,Peroni Nastro Azzurro original — Asahi UK,2026-09-13T17:05:43.339693+00:00,a1c0220c46e764d093874efbd1ab3c55a78eabe4df0f21596f4c82dad5771323
145bc9b93e36f8eb9b9b9a0b0b10a6ba860cf4b908bec9032514089a5fad2d4a,https://www.dr-beckmann.co.uk/products/fabric-softener-sheets-fresh-blossom-2/,Fabric Conditioner Sheets - Fresh Blossom - Dr. Beckmann,2026-09-13T17:03:20.049867+00:00,6761b1bfba7661c4b89071bd2591e397acec543db9fc3ec68704a8cc2f3e2518
14bc11fa87a3d42e9d1699c15c2368e36b7f91435f2cf4614173697222d3b834,https://adonis-foods.com/products/hazelnut-crunch,KETO High Protein Bars: Hazelnut Crunch (3.3g Net Carbs) (https://adonis-foods.com/products/hazelnut-crunch),2026-09-13T18:18:31.452039+00:00,94d92ad197b8cbf728fd6df7961f29c96c7fd46b507542cd72ecfb775bf79a2e
1533a5928edbbfc941218a502bd4e09aea81f9aa8ec14030b4c95bd6b4c61afd,https://www.nivea.co.uk/products/soft-moisturiser-face-body-and-hands-422074430045.html,"Soft Moisturiser 50ml | Face, Body & Hands | NIVEA",2026-09-13T17:13:31.465650+00:00,ef109e63cdfdd527f584af9453859364e7e3da2d76d7585ccc7f178c3f0f2689
1577ff29754b2dfb88a9f23b11d144701ab5cf3e7474bbb9867c5f8520d6cc17,https://hydrealondon.com/product/pebble-black-luxury-bath-buffer/,Pebble Black Luxury Bath Buffer - Hydrealondon,2026-09-13T18:37:26.056243+00:00,5c52b9b8a9e4f27d58ab7eee63c231a52541abee2fb753f000bdbe8435865537
158fb7e89ce93f2eab46bffe0f8c5ace409748dc51730e9370226b096676c5ca,https://www.lil-lets.com/uk/our-products/pads/lil-lets-super-soft-normal-pads/,Lil-Lets&#174; UK Super Soft Normal Pads | Period Pads for Teens | Lil-Lets,2026-09-13T18:56:42.804739+00:00,8e9edb6da28d973dd3ac8d1515c3c96e3ae15b846abee429453b63250e0dde5e
159bd2343cd3e71cef8c5b4d3102f7d7f4af5484410350edaf9dd8cebaaf3b76,https://www.rimmellondon.com/en-gb/lips/lipsticks/lasting-finish-satin-lipstick?shade=084-amethyst-shimmer,Lasting Finish Satin Lipstick | Rimmel London | Rimmel London,2026-09-13T18:04:38.958473+00:00,94a3bf10de47c0a7424722b061bedc2f22c730f174b084688f6261732e4b73a3
15c601aac287ba621296116cf7846b872ef456294d62bddde1656588523ba501,https://www.cetaphil.co.uk/eye-creams/hydrating-eye-gel/5020465203032.html,Compre Hydrating Eye Gel | Cetaphil,2026-09-13T17:10:35.721406+00:00,2469ef5e01b4f658b7571beae107ee23ff689b1b2ad1036fb57cff234b65a74f
16d8e8e511ef5b219680cfaa49f4ac6d445266b6feeadf7bacda586d8aff0932,https://www.freee-foods.co.uk/,Gluten Free Foods | Freee Foods,2026-09-13T17:16:18.680243+00:00,1888eeefc199d4852219a16902dcdd90aeddd63e475fc04f51573510624a4d69
16edbd0612d31e22042e7e7bb2903c2287b8127c41af4475ce7e8ffc3ffc38ec,https://windlelondon.com/products/essential-oils-elixir,Windle Lab Essential Oils Hair Elixir by Windle London,2026-09-13T18:05:21.633777+00:00,3f6a0ebd851fdcdccea132242b81593c4c134d9a54d08eaaab436c37f4385ec9
178453d33064ebcb290c4746be4f21f1dbdc9b40434c189c2c374c49b8556195,https://www.highernature.com/collections/vegan,Vegan Vitamins & Supplements | Plant-Based | Higher Nature (https://www.highernature.com/collections/vegan),2026-09-13T19:18:00.896221+00:00,c6ecd55ff854dcef7b5dc35e4e0368cad1c7b2dc934d3171615b3423d3567728
178ecf71cc613b55eba2d3caf072df6285d6d353cdb2b1e26d0185075dc0f7b1,https://www.covonia.co.uk/products/all-in-one-oral-solution,"Covonia All-in-One Chesty Cough, Cold and Flu Relief Oral So | Covonia Hamburger Menu Icon Search Icon Hamburger Menu Icon Search Icon Chevron Right Icon Chevron Right Icon Home Icon Arrow Right Icon Add Icon Subtract Icon Add Icon Subtract Icon Add Icon Subtract Icon Add Icon Subtract Icon Add Icon Subtract Icon Add Icon Subtract Icon Facebook Icon Twitter Icon Instagram Icon YouTube Icon",2026-09-13T17:03:41.930827+00:00,4e786d4dea1e2c59ea4225cc6a5ed561b6446717db3b9ba968ccc9be2019e3d7
1834b9a34d29b33d972888a26708078885ed1d4d35b1b25aa64630ad13edd821,https://www.marksandspencer.com/aha-exfoliating-toner-200ml/p/hbp60916818,AHA Exfoliating Toner 200ml by Formula at M&S,2026-09-13T17:01:36.775282+00:00,778f256b193a0ae59897124b7cb516a704b6283efd65364de9845969e9a73328
18843cb7dfa58a0301f205ebdbbd96509044638e1b83426a95ea8c291856737d,https://biona.co.uk/products/pitted-black-olives-in-brine,Pitted Black Olives in Brine 280g – Biona,2026-09-13T18:16:04.526675+00:00,68d59a2ea442509115602e40bcd1e1b02a2edbc87becda5ee892b60eca50d277
188bb5c0563711ecc8a3ce9cee3f97cdf64299b1b12313cebe73220568e8d8fc,https://www.marksandspencer.com/electric-neroli-4-wick-candle/p/hbp60780859,Electric Neroli 4 Wick Candle by Atelier at M&S,2026-09-13T17:01:33.926858+00:00,3cab3e5c6d7e810b0e5f18255593da5a6a3e2067dceda87e87a29497f4a0d84d
1995a7870763e5a299e8f332191457ba13034f04ed7d175d8807c8d01ab3371d,https://dorsetcereals.co.uk/frequently-asked-questions/,FAQs – Dorset Cereals,2026-09-13T17:10:22.234510+00:00,5869898ea956300ca53d14478eecbe0301c58400f8a9625f1f371b314b724101
1a06b406f34217633520d376c7053abfe763646d2370f8aaaa35852fac9ed594,https://www.thelabco.com/,Radically Clean & Hormone-Kind - The Lab Co.,2026-09-13T17:36:37.938130+00:00,981c5b580d55646d7ce8c1108665f5d27647a5cddf115ad50225f5587a5d7ab3
1a3c5876e4e3432a22ffc591d40500e8e128ac6a3ea5dfbd5c8cf6d9a6c9475d,https://www.waxlyrical.com/products.json?limit=250&page=1,Wax Lyrical official product catalogue: retained AromaWorks identity records,2026-09-13T19:03:46.050971+00:00,8928cd14bd57db49b898d56f88e58388e277baaae3473c74012921e30d841064
1a6f05cbee82052b866ca79ebdb86acd0c8fe85c6bce87d8d5c17b5eddd326ca,https://www.marksandspencer.com/food/bordeaux-merlot/p/fdp20001889,Bordeaux Merlot | M&S,2026-09-13T17:01:03.778803+00:00,bd589f778548eae2b515333d8e40e11446c02147ea1382e5d394574791394682
1a7b1f0f69ef5cff9ca7572e26acd013f17b6cbdcaf8c481a0ced7f05c2d469f,https://www.gracefoods.co.uk/products/paprika-plantain-chips,Grace Foods | Paprika Plantain Chips,2026-09-13T19:05:42.192588+00:00,de40ae3c5e06e968f5ca10fa848fb7ffa1613ac09c451477fe231f5af05ab350
1a9fabafb3551ca5049a25d7b7daf8c04b6bb7c9bf1d61a7ba279320d245ba8a,https://vincawine.com/products/organic-white-wine,Organic White Wine – Vinca Wine (https://vincawine.com/products/organic-white-wine),2026-09-13T18:38:13.396780+00:00,58e73ed654512e0593298c3bf7761addbdae55806a05a0b8705773ec312cd8d6
1b3d31567fe2bb7d86f32a9d38bf99bdd393b9e44fae51fc0cdba4e41fa7a542,https://cafetex.gr/,CAFETEX | Founded in 1974 - one of the biggest Greek owned coffee roasting companies,2026-09-13T19:02:26.799893+00:00,4a31fb964137484b9de4cb26b9947943632377cf3fb4808b69151c7845f5c191
1b90dd7fd6be9f4fa76ed05b5fbb9a6ce33919b14a0b59a4f6bd7453b8546198,https://www.marksandspencer.com/buriti-nourishing-facial-oil-30ml/p/hbp60916809,Buriti Nourishing Facial Oil 30ml by Formula at M&S,2026-09-13T17:01:36.810086+00:00,faf05bc1355fc06389e40b2375f8c70189ed7cad267ebc4446e8ba3eb75fc1b6
1bcf10121fb1b9bfc61d6bab25382c29d97b378fba27086e3b3c9708d220c9c8,https://nailsinc.com/products/bright-white-mani-marker-nail-pen,Bright White Mani Marker Nail Pen – Nails Inc London American Express Apple Pay Diners Club Discover Google Pay Maestro Mastercard PayPal Shop Pay Union Pay Visa,2026-09-13T18:32:47.583202+00:00,d31d381a278ff76d078cfd8bcd11b3bfb577eb9d38cdf69fbff960cf7ebc39ab
1c9bce73390bc10008711f7eefe08572429e9522c20ac72005c62ebd269cb092,https://www.simple.co.uk/products/face-wipes.html,Simple Face Wipes Collection | Simple® Skincare (https://www.simple.co.uk/products/face-wipes.html),2026-09-13T17:43:44.130582+00:00,c41c6db35de6437ed83752f48c94d6b77252b51dfb911299986e95fbdd78f644
1ceef805400789476738fd2d10bf25b01dc6e1d7bed86db26463675b7ca3d612,https://www.inchscider.co.uk/faqs,FAQs | INCH'S Cider,2026-09-13T17:03:31.605798+00:00,90d1580d7ef4f22eeb81d3f0ba06933687d9aed6f575de9fd48e24396d382b39
1d541c04069e25d357a4c20186c11c3ddba63d707cc149fed2a86001f352d668,https://www.cetaphil.co.uk/cleansers/oily-skin-cleanser/5020465200969.html,Cetaphil Oily Skin Cleanser - Gentle Foaming for Sensitive Skin,2026-09-13T17:10:35.601961+00:00,dadb6d38ab76fcb08f2025fb50b57b0b27cbac03b2d923f2c352f005bd916490
1e53336b310fb2fcf99077df25b725819a8032ca55f010f734d997efdba19ba8,https://www.dr-beckmann.co.uk/faq/,FAQ - Dr. Beckmann,2026-09-13T17:26:51.005566+00:00,6ac2cdb636fc7f700b82f39bd6dc7fa5d47a6f945ed7c2203c032366dbcd7bf9
1e8bedb298d9a915a40e8a788e37a9dba282627c35d5308d608afcee16ce5b40,https://www.thelabco.com/products/sports-laundry-detergent-500ml,Sports Wash – Sports Laundry Detergent 500ml – The Lab Co.,2026-09-13T18:02:26.937249+00:00,6821882bdea50443a4ec03199df2cd3e971400f844f6a4b49a101e50d310482f
1ed8e4f4120ee2811934dc4cf41b66a826afcbfb4c6de4fcbfc44a5ad3ed04b0,https://www.greenpeople.co.uk/products/spf15-sun-cream-with-natural-insect-repellent-100ml,SPF15 Sun Cream with Natural Insect Repellent 100ml | Certified Organic – Green People (https://www.greenpeople.co.uk/products/spf15-sun-cream-with-natural-insect-repellent-100ml),2026-09-13T18:40:11.570529+00:00,647df81e26e3aafeb453efd2843948d6889b7516e4d86e27d32e3290bb22d30f
1f444a415677f7d8788aa124fef34995f811af57a465f9b1e25a88c8867d622c,https://www.oato.co.uk/product-page,Our Products | Oato,2026-09-13T18:51:06.318443+00:00,6104d0ae1cdc8def19573cf12430da3282bc5c5f6407e03dddfa01fc447d0cd5
1fc75043c418b66cc9ebd1dbf0299bac6ffc0a944d3ae72d417b60389523969a,https://www.drorganic.co.uk/products/organic-skin-calm-toners?productid=drosknclmclns,Skin Calm Toners and Cleansers | Dr Organic – Dr. Organic UK (https://www.drorganic.co.uk/products/organic-skin-calm-toners?productid=drosknclmclns),2026-09-13T17:27:30.293Z,9e3279784933c672ea50c75a18e40824f26cae3bcada2728b4d579047ea2ae81
20eb30c5e9978b1237bc05de88b98f12c0ad614f23e74354149af4ee5e650073,https://pentiredrinks.com/products/pentire-paloma,Pentire Paloma – Pentire UK (https://pentiredrinks.com/products/pentire-paloma),2026-09-13T18:38:13.705475+00:00,c29b42fbea4603e48199c8a62f0332350357efed193d8afa568f3dde65e80cf5
2113a9da8deaa22211e6bae297a1cd78c33b0d701c7ebec23f794294786013f6,https://eastlondonliquorcompany.com/products/12-cans-of-east-london-kew-gin-tonic-5-abv-copy,"12 Cans Of East London Kew Gin & Tonic, 5% ABV – East London Liquor Company",2026-09-13T19:04:44.274483+00:00,425472c2963f2fa7278df82425e8895c699f7c02cf6770ae2324d689f67208e9
217833417f0f6c0cd123237b22bc570eeebf3246300ddb6c3aaff23eba2c715b,https://tenzingnaturalenergy.com/products/raspberry-yuzu,Buy TENZING Natural Energy | Raspberry & Yuzu – Team TENZING,2026-09-13T18:23:14.661473+00:00,ba87fb184bd43d04ed56c94cf34807cc6b048c73e6590f237a83f8196d8c4998
249bc9617a5a4259f02a48cc9890088fda7be0a402fe5369b3f9777fdf07f486,https://sortedskin.com/products/5-in-1-anti-redness-day-cream,5 IN 1 ANTI-REDNESS DAY CREAM SPF50 – Sorted Skin American Express Apple Pay Bancontact Diners Club Discover Google Pay Maestro Mastercard PayPal Shop Pay Union Pay Visa American Express Apple Pay Bancontact Diners Club Discover Google Pay Maestro Mastercard PayPal Shop Pay Union Pay Visa,2026-09-13T18:41:53.198756+00:00,7502b2f19fc63ca6c1d17c583daa1b63f6720940672a8a3a9355083438cd3567
24d89145846fc129966027b1a7fcdeca80a894027409ac3d9a16ff99362f304d,https://vincawine.com/collections/organic-pale-rose-wine/products/organic-pale-rose,Organic Pale Rosé – Vinca Wine (https://vincawine.com/collections/organic-pale-rose-wine/products/organic-pale-rose),2026-09-13T18:44:22.291915+00:00,42e8d7f22a0d4fdc0c2b99bc8214591a11d015d36a0193ed84abe30c0a2991e9
258fa5d37b7286019a9b83ea9447c94b8853569d72b40891b703e425144e1e4b,https://heinztohome.co.uk/p/tomato-ketchup-400ml/14019192/,Heinz Tomato Ketchup 460g | Heinz To Home Site logo Site logo Site logo,2026-09-13T18:27:57.865317+00:00,810b9d9a387ae6ed2cc0e953b619877760dd8ce5082db69c4fd86f121e3ae569
261cc7f847fed8215c67b1d4950c879ffa90259b0e81ed74009f260b00899c52,https://washwithleaf.com/pages/faqs,FAQs – WASH WITH LEAF,2026-09-13T17:36:37.619594+00:00,0c9c61a3ee95a31959242906168d8635378ad664d4c2328cc04842a0cad83658
2634c58e91bc9d5179831ea3f63628abdf374e778f074910d51217ffdc15c245,https://www.johnfrieda.com/en-uk/products/colour/shimmering-silver/conditioner-for-grey-hair/,Shimmering Silver Conditioner | Conditioner for Grey Hair,2026-09-13T18:01:06.452364+00:00,90accd21f7f293b81e9574c61b37b81a8e49f4c0a1fdfb109dd96e42896a6d6b
263ee7fa383f0caf943b173d73c8134c1f6afba6c0005e87ab4c5bdb9dd4607e,https://www.dove.com/uk/deodorants.sm.html,Antiperspirants and Deodorants | Find your best deodorant Dove (https://www.dove.com/uk/deodorants.html),2026-09-13T17:25:19.478931+00:00,3947a47c49b7314eb71fa8a46dd8de77cc06ae04acb3b79797f825ae23d48f8d
2687ca64a680903e22e03df36685028c37d30fa0b258add43b73d4552031ddb6,https://pentiredrinks.com/pages/faqs,FAQ's – Pentire UK (https://pentiredrinks.com/pages/faqs),2026-09-13T18:36:13.382541+00:00,e8811583e04197f578d39722ae063e33ca42797b703b3a42e0fe98de1d05fed4
26938c23e54b6f9b21d4c0c9c2ac6dc35748a395929a3ac7aff335bdbbcdfdab,https://theseepcompany.com/pages/faqs,FAQs | Seep,2026-09-13T17:06:04.764861+00:00,a786aa510e169c0abc74a04a0ae6e2b0f84463037ca0e33d53e479f6128864f2
2712fc7931911eae9f209dbd88c3ff8209f076a2e10c50f85f109ea604932735,https://www.perfectted.com/products/vanilla-matcha-nespresso%C2%AE-pod?variant=45299018367217,Matcha Original Nespresso Pod – PerfectTed Instagram icon TikTok icon,2026-09-13T17:13:42.612092+00:00,238a1268d680283d0b1b0635323bbebe5acbd8e26b15db67c4498f2e8fcabb24
2828a34ab8fe56e572dc051ca5db36dc77dd6fc192f8763f438f90e955752899,https://twinings.co.uk/products/mixed-sparkling-tea-4-pack,Mixed Sparkling Tea 4 Pack – Twinings,2026-09-13T17:05:19.043Z,f5f4c412f7ec8a722fd38497568aa16a13345e3e82acdda0a5ed7e29c98785af
2859651d35441339e42d1a3a0f706527793889fbd27583fb335f1d203f677bc2,https://www.simple.co.uk/p/glow%20-brightening-facial-moisturiser.html/08720181709760,Glow+ Brightening Face Cream Moisturiser | Simple® Skincare | Simple® Skincare (https://www.simple.co.uk/p/glow%20-brightening-facial-moisturiser.html/08720181709760),2026-09-13T17:43:44.130846+00:00,9ff1ff360db21904549ff4ac0c3560a587439f664bab8d2025bacce871aa177f
28e11834b55d19f209d70c25f6a106b8749190d3719cfc8cb74643587516d076,https://www.dove.com/uk/p/men-care-clean-comfort-body-wash.sm.html/08717644683149,Men+Care Clean Comfort 3-in-1 Body & Face Wash 400ml | Dove | Dove (https://www.dove.com/uk/p/men-care-clean-comfort-body-wash.html/08717644683149),2026-09-13T17:28:25.955634+00:00,8daac688e3c2efe2f2f1accaf9c6f483c7c9304f9c50c501503ffc9f6796bf38
297e5eda7236cd17bd13cfb9a8b09a844d59b011a4f70dff48ca01d565bd7611,https://love-pickle.com/foodhall/,Shop | Shop,2026-09-13T17:11:42.241031+00:00,68ed22ac08fff8b71a72f3793b8d1e7555ea5c78c9d26b03a4f5a56c6dc6a9ac
2b39f50ace8fb7642833390b6c0f5f53421f57b58cebaafc38153ca739874365,https://www.boucleme.co.uk/pages/faq,FAQ – Bouclème (https://www.boucleme.co.uk/pages/faq),2026-09-13T18:36:33.359Z,6d492644aee490cca3423299b321c73fc5785b427fde6a67520965eca17f26b8
2bfcbeedd65b9a618079f3d6fb5f10dee1f65a22278cd6f87e7ed0385cd66245,https://www.courvoisier.com/en-gb/tours-and-experiences/book-cognac-tasting-tour/,Book Discovery Tour in English | Courvoisier,2026-09-13T18:26:15.634750+00:00,0ace57bf51baa10d093e27d077c5be5d54fe39be32ac2b6941940011fc29c659
2c75a49fcfcdbbb5f43d05a13d7ca3e69bf99828a0ac3190b308065961a792a0,https://www.johnfrieda.com/en-uk/products/blonde/violet-crush/purple-conditioner-for-blonde-hair/,Violet Crush Purple Conditioner | Violet Toning Conditioner,2026-09-13T18:00:51.753848+00:00,5dee7dbef9b9a8ff27e26296888404a716d2f5d1d57d04960548144cfc6ac5f6
2c84b810280d175898241c27a05c7f87cd21b4291119b4b5ee493d1706b3ac13,https://www.nipandfab.com/blogs/blog/are-nip-fab-products-vegan-or-tested-on-animals,Are Nip+Fab products vegan or tested on animals? American Express Apple Pay Diners Club Discover Google Pay Maestro Mastercard PayPal Shop Pay Union Pay Visa Clearpay AliPay WeChat Pay Klarna Payment Badge,2026-09-13T16:59:15.969246+00:00,e04e822533a3bf65b248bf58ce6ca13dbaa5ab4ee9bb11a322af01a9e06ee00f
2caf596dad525a3ac857dd49f1aa0677bf13b2f274f327a8bbb344adb3fc8307,https://twinings.co.uk/products/earl-grey-discovery-collection-20-envelopes,Earl Grey Discovery Collection - 20 Envelopes – Twinings,2026-09-13T17:05:18.985Z,a5bfd4274cb746152f5c0a91c2138270854093d41a6e5d5ad589921b5f0de5e8
2da868b8718a493e75639d9a4ec2dd09887474f978a2d69503383cf581a53295,https://heinztohome.co.uk/p/heinz-fish-and-chips-sauce-400ml/16174426/,Heinz Fish & Chips Sauce 400ml | Heinz To Home Site logo Site logo Site logo,2026-09-13T18:09:20.888014+00:00,eb2f64a3e8566d85722fff666f31411d8277393f183bda09054d40c15ca9ed82
2eadaca762f38ca998fa07c1eab1fc2b970fba307e61f7cc3d4af87fe7149e45,https://www.greenpeople.co.uk/products/green-people-for-men-2-soothing-shaving-gel-100ml,Green People For Men Soothing Wash & Shave Gel | Organic Shaving Gel (https://www.greenpeople.co.uk/products/green-people-for-men-2-soothing-shaving-gel-100ml),2026-09-13T18:40:11.570891+00:00,cc0cab0ae231689edb961cb131070d6c6d01c50398adcc1f5b9114874140927b
2f9ab9f49c4ea696276203ba796077b0c26c352edd3fbbcbee2537aa4442ec40,https://www.nivea.co.uk/products/nivea-soothing-day-face-cream-spf15-50ml-40058089244170045.html,"50ml Soothing Day Cream – Sensitive Skin, SPF 15 – NIVEA",2026-09-13T17:13:31.520834+00:00,3b9e0bd8d77a96cda919abc86d10cb8a7c543e83ea0ba2a0dc69b64e0018420b
2fae8b63df1d610a2e1a9b94355bc44ad645beb7c26a3875569f9f212f2dff3e,https://calenodrinks.com/product/light-zesty/,Light & Zesty - Caleño Drinks (https://calenodrinks.com/product/light-zesty/),2026-09-13T17:15:15.212247+00:00,a6e5095ad51578f20ebb94426a68ba76130c19a7c93768dd77a7609c05824a82
2ff0117edd02e0a7ef92ebd24868b003a767481fdc2bec665dabfc21fdd5a0d4,https://www.iglugel.co.uk/iglu-sugar-free-pastilles/,Iglu | Iglu Sugar Free Pastilles Close iglu,2026-09-13T17:11:40.501632+00:00,e178da8b64c6b9646b0867e3272c1349a506acabfb6049767d38bc93428e036e
3102344f1b08da217b94210b63cc5c43b3e5eee5f19f715d76218cdde0419db9,https://brixtonbrewery.com/products/low-voltage-session-ipa,Low Voltage Session IPA | Brixton Brewery,2026-09-13T18:41:14.200840+00:00,d58aefe9eb9f083378fc864e90c627732f0cc1ed142780d43c11e0fcdd8d2f89
31f336e13a2d9306eb6bb5e8e3002d7732428572e9ba42ba31aef1b5aa229ec1,https://adnams.co.uk/collections/vegan-beers/products/mosaic-pale-ale-cans,Mosaic Cans 440ml Cans – Adnams PLC (https://adnams.co.uk/collections/vegan-beers/products/mosaic-pale-ale-cans),2026-09-13T17:30:21.612Z,72f15895c2d7061d09e523ee340fc6da560d929e984243bf678d95989d385ea0
32149390595b265932ccee52dd81b01d96ac364bb2fab08d1c4788f966da8dd8,https://www.alpro.com/en-gb/products/plant-based-alternative-to-yogurt/kids-strawberry,PBAY - Kids Strawberry (https://www.alpro.com/en-gb/products/plant-based-alternative-to-yogurt/kids-strawberry),2026-09-13T17:27:32.130Z,24b150239bd23eb9fc68b7e5ce71a8f9e6643ddcb58f6a13e55e025b387f79ea
32198e10a0746aa6c1aba4aedc61e97a6dcb5d81c68dbabce233a48fb76b528b,https://www.dove.com/uk/p/dove-lavender-&-chamomile-whole-body-deodorant-cream-75ml.sm.html/08720181596483,Lavender & Chamomile Whole Body Cream 75ml | Dove | Dove (https://www.dove.com/uk/p/dove-lavender-%26-chamomile-whole-body-deodorant-cream-75ml.html/08720181596483),2026-09-13T17:52:52.846746+00:00,c6b0968702536325fba979ca95485f77aeebbdb932cc7ae9952de1007ccc548e
327d240d3e38b50206a46a3cc2fdeda341d4ed1a6f94272bc5ef4ec10aadf65e,https://twinings.co.uk/products/earl-grey-120-tea-bags,Twinings Earl Grey - 120 Tea Bags,2026-09-13T17:05:18.969Z,2e10481167ea234e0fd7004b2a6535f76c8b19b5ba9afe5874ccde79499c99ad
32efb0de7199a7fa822e2a4a25c481393eb357f06ea34ce0a042eab36092eb04,https://www.spontex.co.uk/about-spontex/faqs/,Spontex - Frequently Asked Questions about cleaning (https://www.spontex.co.uk/about-spontex/faqs/),2026-09-13T17:45:00.946Z,92c90a81bfa1a893fd4f2655319f848e9ddf9676b53b0d375c40f406ba2b5e15
332361f1b86f8e59599c019fb51d113ba3f12ce615200b033533bca6f341497a,https://e45.com/uk/product/e45-face-hydrating-serum/,"Face Hydrating Serum: Benefits, where to buy & how to use",2026-09-13T17:26:37.916797+00:00,0b3197d1d4bcb78f43cd23b976c010c93393ce63f36ca9d3d85091f686c21a93
334289d70b4a89a6c46f038763be11c5dcd2aef572acc0af5562dd8b9ba1437e,https://puresport.co/products/energy-gels-variety,Energy Gels Puresport | Orange & Berry Flavour | Dual Carb |,2026-09-13T18:09:41.645396+00:00,732ae71fbe06fcf124c5727268c4c2ac9e5f2a5be98bc48308bbdbc5c2ab64e8
33c422fcfd6ff0e9829b9a004920b8279d9d73cf6f599a7f872d801c37b38bed,https://www.greenpeople.co.uk/products/organic-children-lavender-sun-cream-spf50-100ml,Organic Children Lavender Sun Cream SPF50 | Natural Sunscreen for Kids – Green People (https://www.greenpeople.co.uk/products/organic-children-lavender-sun-cream-spf50-100ml),2026-09-13T18:40:11.571043+00:00,4f65b3a964ad46393afedfdb677efee3959863505ad529722abb2dee15aae2d7
33de23eae760565f27042656b6d70ecd4ee8f09e672f151fb604d25c9257b7bd,https://www.sacla.co.uk/collections/vegan/products/creamy-tomato-pasta-pot,Saclà Creamy Tomato Pasta Pot – Sacla' (https://www.sacla.co.uk/collections/vegan/products/creamy-tomato-pasta-pot),2026-09-13T18:14:37.193983+00:00,7be43ac46365e0fcfeedc3470b9278574e84efd2614e3dc30fe4a0fb37f8b760
34a2668299ec852d18b9a9b2f5990e6e90666fb86427eb2912222fdcc8ecdccc,https://charlesworthington.com/product/moisture-seal-nourishing-conditioner-takeaway-75ml/,Charles Worthington Moisture Seal Conditioner Takeaway 75ml,2026-09-13T18:19:04.180404+00:00,735997fa7a705fa587736a60f120951423fab7fdd2316a9df288ab95b14f8152
34ab05775389f262fdc9e728ee26d8186679581d7cdf68f5dcb01e658bfa7d15,https://flour.co.uk/product/organic-strong-white-bread-flour-3/,1kg Organic Strong White Bread Flour | Marriage's,2026-09-13T19:14:57.864976+00:00,049e724697a3b2582f426b454e69a4a49303dac3bb2637856a81d08438b5f64d
371e398fbefc5ee71c81fbb66249735b8efb46cd106831db88ff10830477c600,https://mrsinghsonline.com/products/chilli-lemon-and-cracked-salt-crisps,"Chilli, Lemon and Cracked Salt Vegan Crisps – Mr Singhs Online",2026-09-13T18:46:49.168424+00:00,5932f2c2eeed70740079f0f3d9714ac0107d7dac99d0c5294e1a74dc85d9ea95
3737aa01b73e6dda67aef7532375f72417ff49a483b92fdc55285667ebb51ef5,https://biona.co.uk/pages/faqs,FAQs – Biona,2026-09-13T17:07:48.222595+00:00,da525e43d321fcad6394214915b20ddfcfc7ec6e08e32b2f55a77228cacb4b3b
37d88d6d547cf125f53d050be33d1b743b5657afcaf904e18d9ce2c8f9030f76,https://www.dermalogica.co.uk/pages/about-us,about us – Dermalogica UK,2026-09-13T19:01:34.188812+00:00,c208e1609760a7125600f02b50a2198f740967e8051441c2fa6a54eb02450254
38f6ff46d675b9e505c3c6d76a79b6aa0bd40e10e90b8fdb88cbe3fc8047dd11,https://www.boucleme.co.uk/products/scalp-exfoliating-shampoo?variant=31125330329649,Scalp Exfoliating Shampoo - Remove Build-Up | Bouclème,2026-09-13T18:26:50.291269+00:00,f56a3e27de7cbbd05f26e0e1eac31e27d77d401be0a851f7cbb611e1c4fb5e70
390a14fd93147770494ebc81239936ddf144c1c6ed7790c155fbd32808d0362f,https://adonis-foods.com/products/adonis-vanilla-complete-protein-keto-shake,ADONiS Complete Protein Keto Shake - Vanilla (https://adonis-foods.com/products/adonis-vanilla-complete-protein-keto-shake),2026-09-13T18:18:31.452435+00:00,c172c8d7d3b516c13463bb5bac10d4b54122c9e79adcbd47ce331401913be0e2
39914e626e7900e5ab69a67c0f33872f5c5656c79e9b1434f4ddf34e654c860c,https://www.pepsi.co.uk/faq,"Pepsi FAQs | Caffeine, Vegan & Gluten (https://www.pepsi.co.uk/faq)",2026-09-13T17:05:07.562114+00:00,ccd7b4c3773d1c2bd713b475b272fba40d50a596f977c81829f074ef653401da
3a5634a3981a7203d74b9d722bb84083c7e2ad81f84345dd8baa15c19efba793,https://web.archive.org/web/20221209132829id_/https://crussh.com/wp-content/uploads/2022/10/CRUSSH-Allergy-Guide-V13-03.10.22.pdf,crussh-allergen-2022,2026-09-13T19:05:38.788229+00:00,acd4c1268c78d28cbe1952c35033523b9712883e47fa0c38576742253c457b52
3b31147cc28134ef0def06f6fff9315dcc6a893313b8ae0e37c8e59ed172fce2,https://www.johnfrieda.com/en-uk/products/blonde/go-blonder/lightening-shampoo/,Go Blonder Lightening Shampoo | Shampoo for Blonde Hair,2026-09-13T18:00:52.600986+00:00,ddce7fe6ded12627c56202f4e96ac6aadc49afcd7dc02ed6d6fa602619f622df
3bb3b000b89389c98a1dddb70858c57f0aa70c6e3c36f9c71728cf82488e5d43,https://twinings.co.uk/products/twinings-sparkling-tea-defence-12-pack,Twinings Sparkling Tea Defence 12 Pack,2026-09-13T17:05:19.071Z,177ad725e266c320fb6bb70d553841866c8c9c3243a27cdc75670187dc1e6bac
3cdc323db73e960d77fc7861d77bb43079eeed2ad8b627b5da4862676ca77c93,https://www.garnier.co.uk/our-brands/skin-care/sheetmasks/probiotic-repairing-eye-sheet-mask,Probiotic Derived Fractions Eye Sheet Mask | SkinActive | Garnier,2026-09-13T19:23:47.130893+00:00,296ca441b516e5773c80b418a80ed56847fdfabc387626d54c57b2aff8a7096a
3ce7e9d275629aa1b7f85e1a53b6be2e91f012e59c39cbcb1dbb3b9d6905c503,https://patchstrips.com/pages/efaqs,eFAQs – Nutricare,2026-09-13T17:03:02.197351+00:00,3a9f75f705a6820959834ad602dc265fe9dbe8fd6085b85a80c1ebf383f4996c
3cf542296288215593a3e54a6036cd6671a866c4974a724afbc77bec866d85a5,https://www.lil-lets.com/uk/sustainability/cruelty-free-periods/,Cruelty Free and Vegan Friendly,2026-09-13T18:44:25.475Z,6f82ffa83de5bc3d13af6601a6635f9c95d6a9a9d6d13b0df632c36bae69d9aa
3e3b02c67b8cf2393ea872b8a5c9f22f091decbe660590dc17307a6fd4442c6d,https://oumph.net/uk/faqs/,Oumph! FAQS | Oumph! UK,2026-09-13T18:52:42.419087+00:00,3ef46837f82ae72184c03914105b9f97c8c5d05465d038d948dbbb072682115d
3e66468406ef54d1008fb5b4a73cbd8214327e4e4a971a202433ab7fa557f422,https://www.maxfactor.com/en-gb/lips/lip-gloss/2000-calorie-lip-glaze,2000 Calorie Lip Glaze | Max Factor,2026-09-13T16:58:39.529552+00:00,6e72c674c3fa1e6fbe26cabdb598804764849e5f28d5098658d2f3533db17e4c
3ecd27b96c60c8440221696c62e417a1a86a3a93dcccdf73d0734918733bc7e5,https://bioglan.co.uk/product/brain-boost/,Brain Boost - Bioglan,2026-09-13T17:55:09.227096+00:00,2d3cb7d5e1b1c298c552c916863c1e13db7d6e267613075262ff605751ede721
3efcaa9302b49482d8d0a64600d3a616ed3b7922c1993dcd806a045902158ac8,https://www.nealsyardremedies.com/products/reviving-white-tea-eye-gel-10ml,Neal's Yard Remedies | Reviving White Tea Eye Gel 10ml,2026-09-13T18:14:32.226244+00:00,d71d0b47cde7819c44d21e4e82ab4981ba406e285db3a78528462da56efa6a4d
3f2cad007d4be6c31842d4b96863b71e15a82ce19252677ef2ee94b5ec67393f,https://www.nealsyardremedies.com/products/hyaluronic-acid-hydrating-booster,Hyaluronic Acid Hydrating Booster 25ml,2026-09-13T18:14:04.533336+00:00,94932fd12f42102dfc88e06e284dbf4467c5a290ca0a20752c1cec354904a6dd
3fca2e4f51bad7536e2b2bdacd8b3dde9bb542902d2950e3c477ab0fb3ae0b6a,https://www.nealsyardremedies.com/products/frankincense-nourishing-cream-50g,Neal’s Yard Remedies | Rejuvenating Frankincense Nourishing Cream,2026-09-13T18:13:51.697750+00:00,41d76ec15136cec31c779fab464fc4d4366efe5ed7503ddec8645d9bc2989bdc
4007530ec8e63ef8531ba335353d081da8f303ca457df653a3598c4584d60857,https://www.marksandspencer.com/hyaluronic-hydrating-serum-30ml/p/hbp60916813,Hyaluronic Hydrating Serum 30ml by Formula at M&S,2026-09-13T17:01:37.686184+00:00,dc91ab14992ed90eb37f45b5bddc437bcc57412bae3a641ae1c8b8a2554c063f
405be47ff5344483d29051e0cb23fa88394e0641e280797dcc7637aa30d880ec,https://www.dove.com/uk/p/dove-body-%2B-mind-dragon-fruit-serum%E2%80%91infused-bath-soak.sm.html/08720181947070,Dove body + mind Dragon Fruit Serum-Infused Bath Soak 400 ml | Dove (https://www.dove.com/uk/p/dove-body-%2B-mind-dragon-fruit-serum%E2%80%91infused-bath-soak.html/08720181947070),2026-09-13T17:31:07.343901+00:00,bc6dcc625d8293299ba02df40382a6aa34e00391e5a5c51e799993fd7a5604fb
405f51014c5bd475b9de41b2a7b2987015885a71746e146dd6521342ddd84ada,https://nocco.co.uk/product/nocco-limon-del-sol/,NOCCO Limón Del Sol | Buy NOCCO 12 x 330ml online,2026-09-13T17:10:15.839056+00:00,23ad29ea514f65d97587e21e458f3ad5da8d4fc2eded18f3bca313185dd25c1d
409200c52c1df5ead418a823d1eabcc8cb88df9503ce52d49fe9b8fa87455571,https://www.marksandspencer.com/10-maxi-tea-light-pack/p/hbp22432565,10 Pack Maxi Tealights by Essential | M&S,2026-09-13T18:28:58.765641+00:00,dcf27a0279a25d8f3bf35841295fb20880ca2d2207a46d5d20dc489456f57b25
40affecae336adf973e264b1c54f8b2f52a3429dd50a95f3001dd42d115acb12,https://www.simple.co.uk/products/serums.html,Simple Face Serums Collections | Gentle Skincare for Sensitive & All Skin Types | Simple® Skincare (https://www.simple.co.uk/products/serums.html),2026-09-13T17:43:44.130276+00:00,b51ca9108c80de7af4c98869ae989060f66a919e841b9dc18117f5e7dc9b7da3
40d8e49cc947506d76cc6614bd1794074d6ccf0ff55210ecd7a85981a194874b,https://www.johnfrieda.com/en-uk/products/frizz-ease/miraculous-recovery/shampoo/,Miraculous Recovery Shampoo | Ceramide-Infused Shampoo,2026-09-13T18:00:28.420852+00:00,f6559bdeb971cf1fa2748c148b1fbe712c4c4ad9a023e1ccf4e1ed64bdb7aeb8
40ffcf0d5824e4f9392e8c9f99440d182e723c296447019b0d444bdc4b88749e,https://twinings.co.uk/products/lady-grey-80-tea-bags,Twinings Lady Grey - 80 Tea Bags,2026-09-13T17:05:00.996Z,8d0485e5dc5c2a905f12bce65e87268d820c390eeb7651b8ed661cacdc2b6064
41b29a03c21357d61e8cf4bd3002ed1cb26e7f9847e217651d389674fd8df581,https://www.cotswoldsdistillery.com/products/no-1-wildflower-gin,Cotswolds No.1 Wildflower Gin | Cotswolds Distillery Apple Pay Maestro Mastercard PayPal Visa,2026-09-13T19:14:02.060750+00:00,f22da6f75994299f331ca5da77922c7b6b23541c2fbf3ab07f116211c8ca6165
426ab69a8691c146468d5a3ae077e2607205b013a43d1c6ad8afe8f20ad1aafe,https://www.strongbow.com/global/en/faq,FAQ | Strongbow.com,2026-09-13T17:11:29.063861+00:00,feb5a99cb0ecf209d4679201e5f17c98f9b09e3767f8b7f710e651749042b57e
42cce1153ff9947995b843c08718e616eff44b1f328505fea5c49e47de31a404,https://www.garnier.co.uk/our-brands/sun-protection-and-self-tan/ambre-solaire/products/super-uv/face-refreshing-water-fluid-invisible,Super UV SPF50 Refreshing Face Water Fluid Invisible,2026-09-13T18:49:04.161981+00:00,5c1e56b4e6c756601270d86f6d9b157839743a7f4ddf212535ff7ae5597b0003
4313d814031b11893f803a5c3a6a363573237018e8715c895674f986105126d5,https://www.klorane.com/uk-en/frequently-asked-questions,Frequently Asked Questions | Klorane,2026-09-13T17:07:39.099709+00:00,8dd5ba64fe63bd3d7919e25df1c2e0b404c9aad7fea5d5066a619c4d14f00b7c
435f22e049e5c809fb636d866fec679614d169db007522611f46d68d6e4319a4,https://www.weleda.co.uk/product/revitalising-shampoo-rosemary-g005095,Weleda Rosemary Revitalising Shampoo,2026-09-13T18:19:16.794360+00:00,8a7ca205e73d277bd44a43e01427f0a7fd92cdc137e805293bfcff4abaf4036b
436402d2d3c48b710ec90f130ad97b85e0e74bdfdccf5152e4faea743a4d0106,https://www.bundaberg.com/en-GB/faqs/,FAQs | Bundaberg Brewed Drinks,2026-09-13T17:16:04.507159+00:00,486c703941f8d2d6c41472a300b9c1689bb23d8604aacd0ff04ba3387c04b504
43be6e7f2c2eb3f8a3674dbddc41a469577e4d3f69cb579b048b9ee2cbe932d4,https://www.thisworks.com/products/perfect-cleavage-neck-serum,perfect-cleavage-neck-serum,2026-09-13T18:30:23.488719+00:00,4834d327688d8e71552295c2112b383ee3e90822ddbb25393ab5dae29d96c52a
44b8a403572fbfbd10cda607311a88698b85a075c1682577dd7a9477274b9acc,https://bulldogskincare.com/pages/faq,Frequently Asked Questions – Bulldog Skincare American Express Apple Pay Diners Club Discover Google Pay Maestro Mastercard Shop Pay Union Pay Visa,2026-09-13T17:06:04.763068+00:00,4e26c0a7afa6365b7ba4bcb12a85dcccd02058409fa015890b4ec4f20e492344
46aea2ee6813ff1954bbd739406cf760a143b1edba7f81792ea54836776978d3,https://www.orlybeauty.co.uk/pages/vegan-nail-polish,Vegan Nail Polish | Cruelty-Free Nail Polish,2026-09-13T17:20:43.180231+00:00,b20885d8aeff9d3a8320c8b06122305e307c6d2a546bc4570692664764246093
46b7e110d18a37d5533752ab98c056ef41296ad7f3807b58cb138505490ee95f,https://twinings.co.uk/products/earl-grey-decaffeinated-40-tea-bags,Twinings Earl Grey Decaffeinated - 40 Tea Bags,2026-09-13T17:05:00.976Z,8e4224c8f91c717b7412ff9ed6d1ae368ce294b55a40a635d122988156056ef4
4784e0e1b715b3fa2df0a09accbd2813913bac33e93c974f5a890315b265fa72,https://www.stmoriz.com/collections/advanced/products/advanced-glow-oil-body-illuminator,"Advanced Glow Oil Body Illuminator, 100ml | St. Moriz (https://www.stmoriz.com/collections/advanced/products/advanced-glow-oil-body-illuminator)",2026-09-13T18:11:58.332465+00:00,00db4ce0cd206ab5e2244f92048171e2a4657f09cb7849e7c8c1e264062db065
47c8eb087459021e84562db01da46e188864ca42132ba1157b0e3f08088ab066,https://www.drorganic.co.uk/products/organic-skin-moisturisers,Skin Moisturisers | Dr Organic – Dr. Organic UK (https://www.drorganic.co.uk/products/organic-skin-moisturisers),2026-09-13T17:31:54.828Z,5187183fb5ee5cb28521b66d5d837a5f78a83b6a0378c0e2d764eb31733e666a
47d0b03d712ff2ac97c916a8bd41d046dc78232a8832ad5d0f4cd7d31140a815,https://www.cussonscarex.com/uk/faqs/,FAQs - Carex,2026-09-13T17:03:54.063724+00:00,12b5349b243a9c04366e56e95c136ee92e4ca4eb3751cf0d7b318a75621b1e32
47ea0df3f823686a336d7a418d017c3061e33689e14197f401d5f898feaa60a0,https://uk.sanctuary.com/product/sanctuary-spa-self-care-discovery-collection-gift-set/,Sanctuary Spa sanctuary-lily-float,2026-09-13T17:18:58.155011+00:00,7e7e7bebba164ff8217d6e1206dd2c59f055d655f02bb69ed330cbf86bda2b6d
4800cc11d88ac015e804f9491ea1bceb6a5147e9e1c422f2db55a1704103384d,https://pentiredrinks.com/products/pentire-coastal-spritz,Pentire Coastal Spritz – Pentire UK (https://pentiredrinks.com/products/pentire-coastal-spritz),2026-09-13T18:38:15.155874+00:00,e3a93c37f5f3be3ccd08dd054f37f73ee3e86468de6b47a241a16046576fb408
4918a2245dddeb28669e23d8d20bbd365e6809272ae39310694bf8084c58ccdf,https://www.mcguiganwines.co.uk/our-table/zero-zone/mcguigan-zero-faqs.html,McGuigan Zero FAQs | McGuigan United Kingdom,2026-09-13T17:07:43.716920+00:00,dd9a2a3007837acbe5465c233033b41ad5d12f4bda3995582eee603bcebcf568
492ab9d09cd40669e18036d1ca0d414d1be84e601ec8450cffdc3e67522ac3f2,https://www.gaviscon.co.uk/products/gaviscon-double-action-liquid/,Gaviscon Double Action Liquid | Gaviscon UK,2026-09-13T17:03:18.064516+00:00,0b7651723655b2f7c2cae778858b7d123ab9d77c2afc2c1722a1783897502900
497c50eda340bf2f8cc55423981552bc4102b02600f413a0646f18beca26493c,https://pentiredrinks.com/products/pentire-adrift,Pentire Adrift 70 - Alcohol Free Spirit – Pentire UK (https://pentiredrinks.com/products/pentire-adrift),2026-09-13T18:38:16.441239+00:00,91de77c99c77d4697e940baa810bf589a9b0550624f54a72162bc054c1974b8d
49aeabdab3895ff7175d7ccd4bb2b1760eadac513822b006fba274630704cb3f,https://beaniesflavourco.co.uk/faqs/,Frequently Asked Questions (FAQs) | Beanies,2026-09-13T19:00:37.238291+00:00,a6951a660fe6c2b25595f8c65437dff022b8005761e3410596b0d5a7b5754704
49d6146cc6e27d5680bd22b1757d59e2ef9fee21bed4f0409afd419d08edb103,https://twinings.co.uk/products/earl-grey-40-tea-bags,Twinings Earl Grey - 40 Tea Bags,2026-09-13T17:05:00.986Z,97446792c991bad98519e2fe6dc385ec32766881e5ff80b5d2a5f182b6986b56
4a4263aa47086162e30ef60e20d35f7ea4896421359729e0fd95a5925aa4fdae,https://www.dove.com/uk/p/men%2Bcare-marine-&-blue-cypress-whole-body-deodorant-stick.sm.html/00000087116069,Marine & Blue Cypress Deodorant Stick | Dove Men+Care | Dove (https://www.dove.com/uk/p/men%2Bcare-marine-%26-blue-cypress-whole-body-deodorant-stick.html/00000087116069),2026-09-13T17:52:52.846999+00:00,2c28fcd641cd68824f392d248a935e9ef705f7b4fb5d0ac8b1bd95002e171b63
4aceb916d6e7ef1e6e50099be4585c092f38fb07f4de1f015d0ee8b3bf92d753,https://www.johnfrieda.com/en-uk/products/volume/profiller/strengthening-super-fluid/,Pro Filler+ Strengthening Super Fluid,2026-09-13T18:00:45.228977+00:00,3cfd170835686bfeedf9980d2b362b215dab1f4676b9c8726a5d7d5f2261204b
4b0bc7cdf7dd082d7518c76d2b16319bd0126b64069f5889a9413348c80e364c,https://selenacare.com/en/about/production/,Our Production - From Idea to Product | SELENACARE,2026-09-13T17:36:37.902011+00:00,4e9253992ad48bf19992652d379479220c47a6e4cc0d80e86b647a5f27049502
4b345182b955a5644dc677d3e02ef40e7707cf7100b89aad20f7e594307e4b10,https://www.greenpeople.co.uk/products/jade-gua-sha?variant=39745384775725,Jade Gua Sha Massage Tool | Jade Facial Stone | Green People UK (https://www.greenpeople.co.uk/products/jade-gua-sha?variant=39745384775725),2026-09-13T18:40:11.569780+00:00,7210d5043cd2ce32eb4e73d8646e6be45e85b7d7b45d4c04f68528775413190f
4b87159d9ebe50c4f99814a7b037b79ed186f40430bf371314bf1bd5bffb4424,https://www.cetaphil.co.uk/moisturisers/pro-itch-prone-moisturising-body-lotion/5020465201830.html,PRO Itch Prone Skin Moisturising Lotion | Cetaphil UK,2026-09-13T17:10:35.778262+00:00,fc21a82b64c868797efb334108153fa297bb9bd7e416690cb0b965708c2c17fd
4bbc41b21769472ec8635c1a689cd974865124121922375bf8493b3ed1f17ae9,https://nailsinc.com/products/magic-does-exist-euphoria-highlight-nail-polish,Magic Does Exist Euphoria Highlight Nail Polish – Nails Inc London American Express Apple Pay Diners Club Discover Google Pay Maestro Mastercard PayPal Shop Pay Union Pay Visa,2026-09-13T18:32:45.932766+00:00,aec411c8e689ddc5bb76039fc718e520359a1aabe4e9f60203c9ec8096d8335c
4bd434965e170329ba07c635facfa1c1fc4f1773672005ad0ca45fe28a510ebc,https://vincawine.com/blogs/news/why-is-wine-not-vegan,WHY IS WINE NOT VEGAN? – Vinca Wine (https://vincawine.com/blogs/news/why-is-wine-not-vegan),2026-09-13T18:38:13.926381+00:00,9bca3ec17cc638bb7b4d95c4474fd85bc3197d4261506722c189631121e1cc7f
4dabf0cc20bc1392794b5a73f66929798277fe5f7733148eecd4cd342f8bd081,https://www.dove.com/uk/p/dove-body-%2B-mind-french-lavender-bath-salts-400-g.sm.html/08720181947100,Dove body + mind French Lavender Bath Salts 400 g | Dove (https://www.dove.com/uk/p/dove-body-%2B-mind-french-lavender-bath-salts-400-g.html/08720181947100),2026-09-13T17:31:07.344059+00:00,0fabc40970c91df524c72b39224d35caba120d7045a8bac879321f462f2a85ae
4e2475401230c2ac496258ea6a9607e07d0913201861d3515a9f7044db9be0ce,https://www.marksandspencer.com/set-of-3-rose-soaps/p/hbp60291694,Set of 3 Rose Soaps by Floral Collection at M&S,2026-09-13T17:55:49.320394+00:00,316bfa83e8ca9d9e4540fd1011fdb9b8de71d0d155fcc6f37b3e3ba3718150ef
4e8e2b5de67b0ac2ceeb4692a959695f4926528a993b0cb8f37e16112f69dada,https://www.aperol.com/faq/,Frequently Asked Questions,2026-09-13T17:00:18.445025+00:00,43a81458f420627d760e24ace96634d33a6002585f2457128bd1e0b5b85b9b81
4ebce1478cac3907beab9bea1106977474c7100f43f40666a9ee41047fb5db29,https://www.johnfrieda.com/en-uk/products/blonde/sheer-blonde/brightening-shampoo/,Sheer Blonde Brightening Shampoo | Activate Your Highlights,2026-09-13T18:00:54.824991+00:00,093e102855ecde89f45fae032d19e21317558a60ef4827228fadc3e259f41dc0
4fb179fb09abb048b6fd79a3f64fe2e90ed7d6660e25b9ccac415fc559da5e78,https://www.serveddrinks.co.uk/,Award Winning Premixed Cocktails & Hard Seltzers | Served Drinks,2026-09-13T17:00:17.350900+00:00,589a15d4757b8fbfbc081c73b96061fb0ada6c1433b3d6916620299266c37537
50238f4d5cdcb40d6132dfdc212e4c6f2a5bbdf1478d72f0fb75787830e4bee2,https://www.bosbrands.com/uk/,MEET BOS ICE TEA | UK,2026-09-13T17:10:03.031813+00:00,f2afcbfee9bb5fff4db9ecf45574bcb2ecd9b132672ab83a5da1c790c7e0f989
5062e836a45de7f5aa6729806e81d64ed8de18c1c7383b8a82b0145a932aa77b,https://www.mitchum.co.uk/products/mitchum-women-ultimate-72h-roll-on-cotton-burst-100ml,MITCHUM Women Ultimate 72H Roll-On Cotton Burst 100ml – Mitchum,2026-09-13T17:03:01.610560+00:00,a480f8ebad2c2b403bb86add2cbcfa7f5d6cd08ab021cc669179533313a0a483
515c4e3731081a7b08011df292a4443eeec7580e436e87b8c07722fd2750902a,https://naturesfinestfoods.co.uk/refreshing-fruit/snacking/,Fruit Snacking Pots in Juice - Nature's Finest,2026-09-13T17:10:56.900036+00:00,2128edfd84419b3f68b48c81b9a4889f114ae13de65f4011c0b84d5684bb5746
515f7f10bcb26022a63708eab042fe69a246d2e02a912c52a84036e0e785f2a8,https://www.avene.co.uk/p/soothing-toning-lotion-3282770152517-b5405ca4,Soothing Toning Lotion | Eau Thermale Avène,2026-09-13T18:15:26.343940+00:00,1aece9a81a831ebbe035927ee23d708df9aebfba3347a368efc6f7034606d1d8
51c0f45293fc1718841f4d9b4af0b83fedb42ab9be4e15a7870c683cac08d73d,https://www.avogel.co.uk/herbal-remedies/arnica-skin-cream/index.php,Arnica Skin Cream,2026-09-13T18:09:36.973286+00:00,369500a1995de6a065cff4d865d2258997a078bdde4bd2e33d46049ebb612b35
5218df87eb9fcb1975b89007efcb2d2ad49eed074e0d4c86c19577dc6bdaaa1b,https://www.aveeno.co.uk/products/skin-relief-body-wash,Skin Relief Moisturising Body Wash For Dry Skin | AVEENOÂ®,2026-09-13T18:40:08.818292+00:00,831a72e13db4c0e5720b5f071466442bb8c7ae0186981fec5901d270ea22d4c3
52c7b77f2da74eae57aae0d5a65d4a49c20f4d1cc0cbe63b17665c7026b0eaeb,https://www.johnfrieda.com/en-uk/products/dream-curls/cleanse-condition/curl-defining-shampoo/,Curl Defining Shampoo | Frizz Ease Dream Curls,2026-09-13T18:00:35.598855+00:00,6e2c15cf93ac442864cdb1f80ef9eee98de3540139a764253151179782feaf51
5312cf3b9f7bb4ed680ddf04843656cbe5af99eaced47b67dbf7e5ab313afc00,https://www.bigtom.co.uk/contact,Contact Us & Frequently Asked Questions | Big Tom (https://www.bigtom.co.uk/contact),2026-09-13T18:43:52.391151+00:00,d1be35aaf016fcba5acf9258f214e15b916fe28ec2ddca502e54204620f64541
5324cd7027783139dc879e49f4712cdf4abf234495cbb4dbd918dfa1db947dfb,https://www.bigtom.co.uk/products/big-tom-250ml-can,Big Tom 250ml Can | Premium Spiced Tomato Juice | Big Tom,2026-09-13T18:41:53.199868+00:00,5c326a3f6ab8113498d7f2463b8a1ecbfd30abdc9c2a7695bdac6280e3db4d62
5368bbf3973556d373b2ace477cfb821b91e5c649e35120a1ca009519d021330,https://www.truyubeauty.com/pages/faqs,FAQs – Truyubeauty,2026-09-13T17:06:04.764024+00:00,66dd24f353638255393d45278d6a65746617c3298005aeb941a2d39689b6918c
53c146f78c149ebc01de7a0851b4c296eb5bd65cf8d640d079272c077b9b17a1,https://www.marksandspencer.com/warmth-reed-diffuser-100ml/p/hbp60780853,Warmth 100ml Diffuser by Apothecary at M&S,2026-09-13T17:05:05.799035+00:00,ffe8a2d12522c64e06066f651c2c2ea87fdbd8a0b5112dfeaf5f8c3fdcea0d07
53fb02ac7fcae2d91b1fa71f677194146ef1798e6e60d89bd5265151093e8a15,https://mothdrinks.com/products/negroni,mothdrinks.com (https://mothdrinks.com/products/negroni),2026-09-13T17:26:49.760274+00:00,6bc7eb2765a89734e10406b1d0ce413b0200874f019216d1069afa39d20c7fb2
546f6635c9ed2ccd6b690136f900ff649cdeb331f66ffdcac61bad32923477e8,https://www.weleda.co.uk/content/booster-serum-drops,Booster Serum Drops,2026-09-13T17:55:31.058852+00:00,8032619b960e6751f7dfb691274a75f25cb47748db797b1251191ffa8e9f8b8e
553c495287a401acb3f64a56b145dc23588458f43a13a757df10fb41ab6c92ad,https://adnams.co.uk/products/8x500ml-adnams-ease-up-ipabottles-4-6-abv,Ease Up IPA Gluten Free – Adnams PLC (https://adnams.co.uk/products/8x500ml-adnams-ease-up-ipabottles-4-6-abv),2026-09-13T17:31:55.077Z,ca0f24ebe0d26cba502f3a31b092106cc1cde238760a2fdf398c5c3347c69ae7
55582094144adc923dfa7d57b68108d11ec96473758c841e19f2edb33a708bc4,https://soinvogue.com/product/help-brushworks-microfibre-wrist-wash-bands-2-pack/,Brushworks Wrist Wash Bands | Wrist Bands for Washing Face,2026-09-13T18:46:14.189377+00:00,be908851f680cd05d0c2cda146da4809192a88a52c02334bb9fc6832c9991810
5616ddeec33783bbb3a8b5d51543224cce9c54fd47eafb026254f4f4236aefea,https://www.mitchum.co.uk/products/mitchum-men-core-48h-solid-stick-clean-control-41gr,MITCHUM Men 48H Solid Stick Clean Control 41gr – Mitchum (https://www.mitchum.co.uk/products/mitchum-men-core-48h-solid-stick-clean-control-41gr),2026-09-13T17:29:15.440000+00:00,4d148b51a7981bb7ad8b9cb8e89ba55808476a429eeeef9a9f43d3692a9acfcd
56236463edc5d5a304d3a32451124417352882a86131068833cff3a069b7f2c5,https://cleancurls.co.uk/pages/faqs,Clean Curls FAQs,2026-09-13T17:24:27.006215+00:00,f43fcc335462fd481bc43da159af5dd16137113f64e9d201886d33b7a9046242
5710046f5d7a1655e30c813e123318e15c2818f83b5840e806b127035625b70c,https://www.thisworks.com/products/in-transit-camera-close-up,in-transit-camera-close-up,2026-09-13T18:28:43.424760+00:00,4322a0f829063bfd2b1e038bad3ec0c41e7f2ebb46c1649ada91ad738f75c3f1
57223a3b613dde73597b74f09d3a9f0cf1d51a729ad51adfc1e3135f3cd31898,https://twinings.co.uk/products/twinings-sparkling-tea-boost-4-pack,Twinings Sparkling Tea Boost 4 Pack,2026-09-13T17:05:19.035Z,9e3e4a6cd6b47b59e7c3d0993d8350a77aabfa9fb71bfcfb76ade7973e2d2760
572dcc433bcf262177038fc0d6dfdd1585d0181394b082b4bb8e18bd279847d0,https://twinings.co.uk/products/cranberry-raspberry-20-tea-bags,Twinings Cranberry & Raspberry - 20 Tea Bags,2026-09-13T17:04:42.848Z,19cac1d4cf664ebd3bd7967b45471d163f5278bf48a3bf050d6c6a13905bdfca
57302c7cf8dac1baa78ce7a4022e0d8489c297d6084749a980b7bae4d81428eb,https://soopapets.com/blogs/dog-health/human-grade-dog-food-guide,Human Grade Dog Food: The Ultimate Guide for Pet Owners | Soopa Pets (https://soopapets.com/blogs/dog-health/human-grade-dog-food-guide),2026-09-13T17:24:55.349Z,454f241cc5816c6e4796db35dc3dffb3e82cbb6463a9bbfd5dc4ddbacd0acab1
5784df12f3ab02b38f5b58547621157c156b76a0ae2ac7835bc0fd3d04d7d199,https://www.dermalogica.co.uk/products/skin-smoothing-cream,"Skin Smoothing Cream, Hydrating Moisturiser | Dermalogica® – Dermalogica UK",2026-09-13T18:58:30.489825+00:00,ee788610173c949fce07a147616f82c59747cb8a7598ab38025d061e1dd56f85
592467aaa54018ce75bbd9b967cb62d04c0b10084c1493c67b983db72e3138eb,https://www.gaviscon.co.uk/products/gaviscon-double-action-tablets/,Gaviscon Double Action Tablets | Gaviscon UK,2026-09-13T17:24:53.920982+00:00,00bc6f9d32cdcafedae319d814492dd20afc022696b8a283a8ab6cd18feed043
59a5bffc6b32fb86f6a82c7ba97a1cc37b33f87730789e008da1200b6f851769,https://harrys-uk.gorgias.help/en-GB/articles/products-228594,Products (https://harrys-uk.gorgias.help/en-GB/articles/products-228594),2026-09-13T17:26:13.458685+00:00,0c5e2488e8fb596bb5be10912b85901d42cfe7ad5ec32c8d8a35aa0f82e68ee9
5a2ebf9acfa3d1aa5aa60f16af7929b0e22d9190cb71519b75c150c28af6e3c1,https://www.waxlyrical.com/products.json?limit=250&page=2,Wax Lyrical official product catalogue: retained AromaWorks identity records,2026-09-13T19:04:21.215550+00:00,d1620b1dcbaa4b67e8763a150ddc85e6ce4265b03b8081bb26b61605df98470b
5ac3cee45d734675d10fa506fb5f5a03ce86fd9765272a340b02fa9288488274,https://www.nivea.co.uk/products/nivea-double-effect-eye-make-up-remover-40059008954170045.html,NIVEA Double Effect Eye Make-Up Remover | NIVEA,2026-09-13T17:12:51.134027+00:00,99b3c9606226b2bd44b4695f4f69608838f963e4456d75123523f61ba213fce8
5acdfce115af1d446e9d26d66082e0269f86099a4a55b2e48326db068750acfb,https://www.umbertogiannini.com/pages/faqs,Umberto Giannini | FAQ'S American Express Apple Pay Diners Club Discover Google Pay Maestro Mastercard PayPal Shop Pay Union Pay Visa,2026-09-13T17:03:31.604650+00:00,afcf012c9dd49cb11d0fec81ba2c234bd2415a19f66af6eb7fe0801ef5146ae8
5b460a2a4b86b7e9160caf8d4a2a4d5c076c651d240ddbef63134817ada057dc,https://www.bigtom.co.uk/products/big-tom-750ml-glass,Big Tom 750ml glass | Premium Spiced Tomato Juice | Big Tom,2026-09-13T18:41:14.201527+00:00,0670a87350efd5a0e0977680916529ec25ed32d9e2426ecd7b1d7f088fd89b65
5b51ad4f665c2363b719222cadc794f60b862819907a090f2c2e40a2e8e7a099,https://www.mitchum.co.uk/products/mitchum-men-ultimate-72h-roll-on-forest-air-100ml,MITCHUM Men Ultimate 72H Roll-On Forest Air 100ml – Mitchum (https://www.mitchum.co.uk/products/mitchum-men-ultimate-72h-roll-on-forest-air-100ml),2026-09-13T17:29:15.440462+00:00,8d9b8e2297c8987ec8c7d26a6feaa01c9d45930a524912231ff9a17eddf9717e
5b5e5205bf42115414920067b997e9c1c3558ef41b0c88f323471407834d047e,https://nailsinc.com/products/no-bad-days-in-notting-hill-quick-drying-nail-polish,No Bad Days In Notting Hill Quick Drying Nail Polish – Nails Inc London American Express Apple Pay Diners Club Discover Google Pay Maestro Mastercard PayPal Shop Pay Union Pay Visa,2026-09-13T18:32:56.305671+00:00,12c239807d39bc31d198b5d88417f684320b91a59e59ff3a9dbc8309eb9b53f0
5b6ce9d103ae7ba075199eeca548c9631126398add2310ae458df67a1455f7a1,https://www.sanex.co.uk/products/shower/sanex-expert-skin-health-pro-hydrate,Expert Skin Health Pro Hydrate Shower Gel | Sanex,2026-09-13T18:29:26.174506+00:00,0c994111be1ba5a6c47c45601bb34cc8f1f52a656df2b077fdbb2dd02d93a53e
5bd77d6a6f4f7c7e47f86406a98683cbbffd6881a009fc7573e0aa5069970434,https://www.lil-lets.com/uk/our-products/pantyliners/lil-lets-everyday-essential-pantyliners/,Lil-Lets&#174; UK Everyday Essential Pantyliners | Thin Liners | Lil-Lets,2026-09-13T18:56:43.152748+00:00,6165981589124825166651273408f1a077e5af14dd6b3fccb763ee1e1c53319d
5c58746043b90f68db2ddd23f70c720fae7dd97a54344da2b8082a8a7cc0fdd6,https://twinings.co.uk/products/camomile-orange-20-tea-bags,Twinings Camomile & Orange - 20 Tea Bags,2026-09-13T17:05:00.865Z,70540e7f7b96a1e794427d6079c24e477f8d42bb3aa331a9b35d392c5dc37e71
5c593c682d4200d605b8f85448e60b6f6ee42c323cc6c2d6df2ce6b0969b458b,https://www.garnier.co.uk/our-brands/skin-care/pure-active/garnier-pure-active-salicylic-serum,Garnier Pure Active Salicylic 7-Day Clinical Anti-Blemish Serum,2026-09-13T19:23:41.479621+00:00,28334733e879bf3de9c95f1cfca1a09cd0d0c273766ab975c4e31303a15917d9
5cacd72320862f61ee8735ed03dd661c570de08da4fcb1e2fe4807019522ffda,https://www.nealsyardremedies.com/products/garden-mint-bergamot-hand-lotion-200-ml,Neal's Yard Remedies | Garden Mint & Bergamot Hand Lotion 200ml,2026-09-13T18:13:54.062328+00:00,4cdaf87c4fefb90025da6c0f10a9fd386ae2deb4e245b0243e0f3ffd111bdf60
5ccd392bc32682d35d793f3c3dae62808d5fe02e698f2d75a83bf2ca43050e78,https://www.philipkingsley.co.uk/elasti-styler-5-in-1-treatment-1.html,Philip Kingsley Elasti-Styler | Hair Smoothing & Styling Treatment (https://www.philipkingsley.co.uk/elasti-styler-5-in-1-treatment-1.html),2026-09-13T18:03:22.231667+00:00,0571deabc6988a59561efea319aa9f9f7553161530fd28518b9f3b7ac5537a3d
5cce4804cdafc83419504e3c3101df5bc9f6d35b80c8c838d6d05870acf7c8d2,https://www.marksandspencer.com/food/mands-classics-riesling/p/fdp60472879,M&S Classics Riesling | M&S,2026-09-13T17:01:16.600680+00:00,b31569d781029aed523b901a2419fa6dfb1a3e99eade41d72a507a91e30d955d
5ded359c6ed006b71fe5290ca841b94e7929ad2584df60ecb45d20af355f5fb0,https://calenodrinks.com/product/dark-spicy/,Dark & Spicy - Caleño Drinks,2026-09-13T17:06:14.372174+00:00,ce5d686191eb7b154ae71733ed5ae4d57db13a2643be76221bab11103353abb6
5e2187beca6c0c578b3058c618554ca01de62bb6c745e8323925db679e7fe856,https://shop.natracare.com/products/safe-to-flush-moist-tissues,Buy Natracare Safe to Flush Moist Tissues | Natracare Shop Apple Pay Google Pay Maestro Mastercard Visa,2026-09-13T18:41:53.199401+00:00,d54a362000863b45f44f305adb0f83b3d57552c4f9f094a3c2bbb687129f4557
5e384b7372581fef95369a54f54b42cc81f0d280be761c3049d7ac5241d06323,https://www.boucleme.co.uk/products/super-hold-styler,"Super Hold Styler: Strong Hold Gel for Waves, Curls and Coils (https://www.boucleme.co.uk/products/super-hold-styler)",2026-09-13T18:38:00.728Z,8240b8c754497ab30b3b6356b9c1e248b6c6d82ac4d22e101fa92cd7d3607a6c
5e97170516e650e1553f9d6c65eab931ef85c72a9f037a3f4d220e2940a75c46,https://flour.co.uk/product/organic-light-brown-plain-flour-3/,1kg Organic Light Brown Plain Flour | Marriage's,2026-09-13T19:14:57.562836+00:00,3e5e5c6589b54c3c52f6f4e510607155e29b8646072e48d722e8112a41feb04d
5f759281267c315f92c9053fdef59849ab181c93570fe8dd9780ca0e3aaa2dab,https://www.johnfrieda.com/en-uk/products/frizz-ease/miraculous-recovery/conditioner/,Miraculous Recovery Conditioner | Ceramide-Infused Conditioner,2026-09-13T18:00:28.523935+00:00,821ab7e02a8596700ee572078f7a22507d0ad8c3007cb8cec06c35d74fd0f8e4
5f7ddfd97a26d58792d2492c91b4bdaf9872fea950a62cb0cad31a0b07c672a5,https://www.marksandspencer.com/rose-shower-cream-250ml/p/hbp60519493,Rose Shower Cream 250ml by Floral Collection at M&S,2026-09-13T17:49:56.689584+00:00,e91f7a06af3d46f2f2733ed0e50edd5a1b945feea7dc68bf36e2ef704357ecf5
60144fd80fc677f630cc54efadbcdb30164215ea88faf0d64d48019591af6beb,https://wuka.co.uk/collections/bikini-brief?variant=40615876132977,Bikini Period Pants | Period Bikini Underwear | WUKA (https://wuka.co.uk/collections/bikini-brief?variant=40615876132977),2026-09-13T18:54:54.734619+00:00,9327e573f9623b9c513c618d4084488704018f581820e8ffde891517e504384c
6074a8597daba03babefa77fd5a55d99ebc52b3cdf37798856f4949417feea97,https://neatclean.com/pages/faqs,FAQs– NeatClean (https://neatclean.com/pages/faqs),2026-09-13T18:36:13.170196+00:00,749e5d612a1a6a1536919fc1bd01a0ec48c3b3f02b6abdb97f3b0c5497b61228
60f1bb283944b0657f1a2750f9948c8c03d553d8cd62523fb8b8757e0eb32933,https://adonis-foods.com/products/double-chocolate-crisp,KETO High Protein Bars: Double Choc Crisp (3.4g Net Carbs) (https://adonis-foods.com/products/double-chocolate-crisp),2026-09-13T18:18:31.451870+00:00,24f4cceaeb13bed1787b84bf23cd41932e76c664a0fa65dd93b9fd930a2d9baf
612b4b883c0a76f9058d60d045d22954e237f68175720633871618205a478469,https://www.nealsyardremedies.com/products/aromatic-shower-gel-200ml,Neal's Yard Remedies | Aromatic Shower Gel 200ml,2026-09-13T18:13:31.995508+00:00,d83ba5d4d841385f004b6f7840f522961a9f17f78cfffa07e69eab1ed5c9d4c3
6152e18f63b5981cfc10b0f9577115f14a570fbe6a1642aca4ed07935f164828,https://nailsinc.com/products/paddington-peace-out-quick-drying-nail-polish,Paddington Peace Out Quick Drying Nail Polish – Nails Inc London American Express Apple Pay Diners Club Discover Google Pay Maestro Mastercard PayPal Shop Pay Union Pay Visa,2026-09-13T18:32:58.453631+00:00,445e8c9c810119c70cfdb0fa36da3f47a9e5d17f49513b333b2cde9a17f06334
628d675c21aabe3913dcc8b6ab8a6e1f408dde64f60a371232827b334811651a,https://nailsinc.com/products/must-be-magic-euphoria-highlight-nail-polish,Must Be Magic Euphoria Highlight Nail Polish – Nails Inc London American Express Apple Pay Diners Club Discover Google Pay Maestro Mastercard PayPal Shop Pay Union Pay Visa,2026-09-13T18:33:05.862580+00:00,a290e0d1fe52f82df9cf5003d8406ccf8b7a077d610ac146beca7c835ad76246
63256aab46f761e58fa368ee83faff592f18bbadc5d1fe59d66efda5b2640c3d,https://www.sanex.co.uk/products/shower/sanex-expert-skin-health-moisturising-shower-cream-refill,Moisturising Shower Cream Refill (83% Less Plastic) | Sanex,2026-09-13T18:29:21.079703+00:00,69f7f014b2e7224dee601f98da554b89b64bdfe01a514c4c2e1a035c778d7580
63387fe9a53a7e2219e0868ed255ae9ef8a85207b6dbcb060faab2d236f6dac2,https://www.marksandspencer.com/sleep-3-wick-candle/p/hbp60780873,Sleep 3 Wick Candle by Apothecary at M&S,2026-09-13T17:04:53.981733+00:00,c47c3fdbb8c287b3f04926f14c8e0b081e88291b4c95e32d6fdc2a65c81e1713
6342e3cfd607eb091ebef3297db5aa9d7018e4e3529bc38fd3723b730b1e29ec,https://twinings.co.uk/products/classic-chai-20-envelopes,Classic Chai - 20 Envelopes – Twinings,2026-09-13T17:05:19.018Z,0655b9023e0be0757208c46221805aac62bcaf5c1e4643e959077c8acfe7eb69
63719f51f907cb10303de2d87bfe43270dd15ca9b3b13250e11453dba8c9bf96,https://www.prices-candles.co.uk/shop/p/country-feast-set-3nybt-2pec4-3by37-c9f7c-t7a55-ckw85-75zfd-mxczm-94el2-8nlbn-b6wln-yja5r-cepcd-t5kp9,Time For You — Price's Candles (https://www.prices-candles.co.uk/shop/p/country-feast-set-3nybt-2pec4-3by37-c9f7c-t7a55-ckw85-75zfd-mxczm-94el2-8nlbn-b6wln-yja5r-cepcd-t5kp9),2026-09-13T17:47:27.743Z,fb2bd72eb1e8e3802a8d866ab16774a708981d055659e7a719a7c59cb9decd08
64396c0155790c99c58273ddbd8d403b6a1692e00998394afcb788608cd389c3,https://shop.wholeearthfoods.com/products/whole-earth-organic-sparkling-elderflower-330-ml,Whole Earth Foods Organic Sparkling Elderflower Drink 330ml (https://shop.wholeearthfoods.com/products/whole-earth-organic-sparkling-elderflower-330-ml),2026-09-13T18:18:31.450878+00:00,b748a10b9385482628588dbfbe023416bd74dfcfa4ff6badfa3e861f7b76d8e8
64ba2674d0195c638d200cc07985e4a603e1e3efe712ef4bdca233fbd091112b,https://www.mitchum.co.uk/products/mitchum-women-core-48h-solid-stick-pure-fresh-41gr,MITCHUM Women 48H Solid Stick Pure Fresh 41gr – Mitchum (https://www.mitchum.co.uk/products/mitchum-women-core-48h-solid-stick-pure-fresh-41gr),2026-09-13T17:29:15.440109+00:00,b4c55a68562a2078043605db4fff8572e90a920708af90d6e3916fb010cdf875
64c03d02272e71f589e2ff600d21957900b94d8bf56be663268f60d12a2fa11d,https://www.marksandspencer.com/food/orange-brandy-liqueur/p/fdp60706622,Orange Brandy Liqueur | M&S,2026-09-13T17:02:02.534846+00:00,77fd8b68aa94152dee19cf81fc492c22782c681b0bbfdf92d2414bd60f4f35eb
64ee120bdf2b7460b9b70894a9b277d4692f451326688d7caa7891798bd0b897,https://drinkrio.com/pages/faqs,"FAQs | Your questions about tropical drinks, answered",2026-09-13T18:46:13.030445+00:00,c501b7a221ec4cdcf493906bb521760005db9181630c42de9b74cc2922a70de4
65d3d5ceb0af9c3d3570db177d24eb2343947ec76af1716c9e698804421fdf64,https://mothdrinks.com/products/paloma,mothdrinks.com (https://mothdrinks.com/products/paloma),2026-09-13T17:26:50.582159+00:00,66c1958be40cb09c876bbf78923e0dc72e769ff8475616742264bb18902e0242
65dca02986a03e7e17421233704cc76e9309acf5f582f2989dd3e284f850c068,https://www.oskiaskincare.com/products/renaissance-brightlight-30ml,Renaissance Brightlight | Pigmentation Serum | OSKIA,2026-09-13T18:49:13.445014+00:00,585eda966f750278e4ae85e4e321ca16be412c7c9a6e3a5ba7a2549d4f7487f0
667008479090744512671fc5e156c1cb0603a9f5c4e22699f3b783ae2e3ab88b,https://www.drorganic.co.uk/products/organic-skin-clear-face?productid=droskndepfcewash,Skin Clear Face Wash | Dr Organic – Dr. Organic UK (https://www.drorganic.co.uk/products/organic-skin-clear-face?productid=droskndepfcewash),2026-09-13T17:29:47.428Z,7ea2cc6cb5ed103670f420c0b2e59d7421db4c71084e59bb28f7819ebb70a30d
66725961f01e7e33bba6107ea5a90b74536a1d5ab5952063308b7a9584b91948,https://www.mitchum.co.uk/products/mitchum-women-core-48h-roll-on-pure-fresh-100ml,MITCHUM Women 48H Roll-On Pure Fresh 100ml – Mitchum (https://www.mitchum.co.uk/products/mitchum-women-core-48h-roll-on-pure-fresh-100ml),2026-09-13T17:29:15.439244+00:00,7a5d7a61970ee5f45dff4304fd5ead7e529b84838ef5c8990c72c2301cba9563
66d58b3137a4436c9f70ec486b67fc2983bd9490de804986dfcf2f611c63dc83,https://adnams.co.uk/blogs/journal/ease-up-ipa-goes-gluten-free,Ease Up IPA goes Gluten Free! - Adnams PLC (https://adnams.co.uk/blogs/journal/ease-up-ipa-goes-gluten-free),2026-09-13T17:31:55.366Z,9c3fc1030546dd884c7c13efec85bc0f7a6dfc646db0231b15924142fe0e4036
6775a65309d4fbf4a67741e03c43c0984f8b20adced72e47124ef55d6a5267f8,https://images.contentstack.io/v3/assets/bltf10d43c9de06a4a3/blt50dd9aa1139d3c0c/6895cee592b28615a057219a/Rimmel_MultiTaskerConcealer_2025_030_Light_EPI.jpg?auto=webp,Rimmel Multi-Tasker Concealer 030 manufacturer visual label,2026-09-13T18:06:25.414025+00:00,8d2a5ac6bc99a739a23a8c59bb14cdbaaa8266f380ef76ec1c2c252ebe6fa6e2
67d9b6458ea0e8280b4f173b826309e4da6c3b78a74f7665ecc0688cf5c3a507,https://www.rimmellondon.com/en-gb/lips/lip-gloss/oh-my-gloss!-butter-me-up,Oh My Gloss! | Butter Me Up | Rimmel London,2026-09-13T17:55:28.799458+00:00,597db3e96aa322f0fe7fb2da04c1a9ce6e9d8b96247b0a7447b6f231162d2c03
67e757d23f0d54b5c8f862d6ebeea845a3fe3834c00c741f24319a56c83127a0,https://www.bigtom.co.uk/products,Our Spiced Tomato Mix Range | Cans & Bottles | Big Tom (https://www.bigtom.co.uk/products),2026-09-13T18:43:52.391233+00:00,7f14ca3e76fc66a2f863477690db4156f1c13cbf17edb1197b17191b85541ad0
68157db744bf60d7a0c9ac5368e6fb20b3479784f06b13fb032f2a0e272b79b0,https://www.thisworks.com/products/perfect-hands-intense-moisture,perfect-hands-intense-moisture,2026-09-13T18:28:43.431275+00:00,1872564055d10dfc9ddaada989db5cf01fb24da31ad1e527bcf6d19219529515
689158ead86c97ba687d6c9756a9ab5b1f74802aeb1fa183dd8cb39891f3009b,https://adonis-foods.com/collections/complete-protein,COMPLETE PROTEIN (https://adonis-foods.com/collections/complete-protein),2026-09-13T18:18:31.451700+00:00,70a1a73c64f500bc044bd40230b92a5d69d0fd6478cd50bb2c553d022495b730
69a07e05dd5036f6b4ed87da562cf88d88a3ff0da3d6238d15251b539e0c7f7d,https://www.johnfrieda.com/en-uk/products/volume/profiller/shampoo/,"Pro Filler+ Thickening Shampoo for Fine, Thin Hair",2026-09-13T18:00:43.772409+00:00,6d68d222ce0c88f94e77c72ba3f595e8d18e45888bf7838af04d26efba22d171
6a08b498b2d556caec7385dd9f3245eb0f429b57b6aa81adf20da98dd1fd4813,https://www.coffeeway.com/en/our-coffee/single-serve-coffeebags/salted-caramel/,Coffeeway | Salted Caramel,2026-09-13T18:59:23.044332+00:00,908784f0d896f1ebc14b707fdcdbaf4d79ca99bb144fedccf96f7718f0a6810d
6aa17c91db755979194d2be5d36b69ea1bda3c591841fee824a39b51d6ebcc95,https://www.dotdottea.com/pages/about-dot-dot-tea,About Us – Dot Dot Tea,2026-09-13T17:07:48.390222+00:00,94537455911e4683c5a604d5bb7f5dd0dbc2de9d6b9f6f18a6d56916bb0d0954
6aa2a3db442382083d8bdf24fdafb4cb49d904f04df91697263c59f0b8412788,https://drink-mission.com/pages/people-planet,People + Planet | Sustainability | MISSION Tea – Mission,2026-09-13T17:03:01.734925+00:00,8183bb82ac7a4db48cc46799b50e9e6baef7388040d5351df8f2677eb68d94bd
6ac3c49705ca9bfc5e183b03403daf5c2d14acf3aff18b590f81005f3b6df28d,https://baylisandharding.com/bath-body/goodness-sleep,Goodness Sleep | Baylis & Harding,2026-09-13T18:42:55.494106+00:00,ca9c6cfd9e948357de1c69038364fcb3a5451028cec6fb00f64922b9838d18f2
6bbe7c3ee544d6d767be02eb287754c034fad0842f7e4bbd63fbadf3f6716d5f,https://www.cotswoldsdistillery.com/products/copy-of-old-tom-gin,Cotswolds Old Tom Gin | Cotswolds Distillery Apple Pay Maestro Mastercard PayPal Visa,2026-09-13T19:14:02.014984+00:00,ebf2d3f44cd8b56a03790c44c618ec0f10bb45cc757f549b8f2cec8d824a5b0f
6c1b112d54b4578a1c8be7fe8c1d926f2426124529abe67280d89b8441cdf53c,https://flour.co.uk/product/organic-country-fayre-malted-brown-bread-flour-3/,1kg Organic Country Fayre Malted Flour | Marriage's,2026-09-13T19:14:57.795888+00:00,a357efe29a0754bf717d8633c08741079b3a35ac2ede29e252187ceb8bc9ae18
6ca4f13b561d0c33e5c9a6b00caa0fe752202b1972fef435235e107c2535786c,https://www.marksandspencer.com/food/rainbow-star-sprinkles/p/fdp60765219,Rainbow Star Sprinkles | M&S,2026-09-13T17:02:10.813426+00:00,a26e7f4ce168f1ac17769875337632aaed123ce14a4d1e722fc4c808d2f07a3b
6cf7734c9326b74d94995504b5517c2ffd8cbe5dc6c6ce854a289f5a76b1e1b3,https://www.mitchum.co.uk/products/mitchum-men-core-48h-roll-on-ice-fresh-100ml,MITCHUM Men 48H Roll-On Ice Fresh 100ml – Mitchum (https://www.mitchum.co.uk/products/mitchum-men-core-48h-roll-on-ice-fresh-100ml),2026-09-13T17:29:15.440294+00:00,f4ba2925cbf4f3f52f17247bd3e72ec8855d95176c3a5c2610af2fb6ec8f86cc
6d416f60c99bf304f6f4bfee92ec3c8f1d73f950bf55f2f62428762f49abbe6b,https://www.absolut.com/en/faq/,FAQs About Absolut Vodka – Absolut Vodka (https://www.absolut.com/en/faq/),2026-09-13T17:05:07.561828+00:00,13605627b0a228d23ebc01f00afbea65311cd4e66686889a8e993addf1d68de3
6d53c290105b50ab686733b09fb0b102efbec93c70df2aec5f38ccadee8eacbb,https://www.delicato.se/vara-bakverk/Vegansk/Delicatoboll-6-p---1363,Produkt,2026-09-13T17:42:36.611297+00:00,f950f224a9cbf473efb2788df5ed452cbb55d1dbfbc4556f64a81aad3fc647c2
6da4a109be841b844e1854b204e066ad7cdf1e4143e88f291dff14288668ef14,https://www.marksandspencer.com/food/classics-cotes-de-provence/p/fdp60463893,Classics Cotes de Provence | M&S,2026-09-13T17:01:16.355195+00:00,cb45c58892517204ec8959178b59195678ed0735d877fb329775ebde2acc618a
6e1a42b0ce2c48a2375fee185fc001a73eaf7e3945416122f6484b5db18ca9f1,https://goodearth.co.uk/products/passionfruit-orange,Good Earth exact UK tea product,2026-09-13T18:28:43.434404+00:00,eb366f812b021297ec165474d92a5c95a5c84a3a2b094c1f438bd39dd7ff0898
6fa42eacfcce7641acc24c320ac8ea88816eff8a7d06fc38a75534adb13f9351,https://nailsinc.com/products/keep-it-tonal-4-piece-ombre-nail-polish-set,Keep It Tonal 4-Piece Ombre Nail Polish Set – Nails Inc London American Express Apple Pay Diners Club Discover Google Pay Maestro Mastercard PayPal Shop Pay Union Pay Visa,2026-09-13T18:33:13.908575+00:00,39339fbb66094205f446c8d4cd18cca8b570226d1e1a1a3be4363e4a4f5ab090
6fb1b5df5f9edbf2f081bd521d8bd039f7f7429e251c84ac8d3a62ade05ab5d8,https://www.marksandspencer.com/rose-hand-wash-250ml/p/hbp60519485,Rose Hand Wash 250ml by Floral Collection at M&S,2026-09-13T17:55:47.616848+00:00,e62cbadaeec8096fbec8b16fa5027bfc65de93fcead87fe30b9d986a30370116
70250d769ccb11141ceca9880674d33190c8e3f7de4a67353f12651d1dbcee64,https://www.johnfrieda.com/en-uk/products/volume/profiller/conditioner/,"Pro Filler+ Thickening Conditioner | For Fine, Thin Hair",2026-09-13T18:00:44.088673+00:00,dca4888d5afdb5ca6e512be9f5f0cda40e765a7eb37674a4e70dcc1c29770d80
71c07750a565c0b2c1591aad822ec6db9a88adbf0d6895ab6f40976f4ae618f2,https://proceive.com/pages/faqs,Help Centre – Proceive,2026-09-13T17:03:02.692935+00:00,fbadca671a6245148ab898ba61414ba51bc5dc29d573edcabdb9e6ff9c75c116
72186706fbc0884e0f30e92ae75c5328ea1986e247928aa6cce45d94975d39a8,https://www.bundaberg.com/en-GB/brew/ginger-beer/,Ginger Beer | Bundaberg Brewed Drinks,2026-09-13T17:16:06.864469+00:00,55da876be24c9bf4bd7b871327ea9fa9ca97a490d01b3d9fc5f71d303e7bd2e3
72badbb3ca05b9c088b12ac831340d9bfc38e4b85b3697553451628e569272b8,https://shop.wholeearthfoods.com/products/whole-earth-org-orange-lemon-drink-330-ml?variant=1041509217,Whole Earth Foods Organic Lightly Sparkling Orange and Lemon Drink 330 (https://shop.wholeearthfoods.com/products/whole-earth-org-orange-lemon-drink-330-ml?variant=1041509217),2026-09-13T18:18:31.451206+00:00,fbdc43be5ebf1ebbdbd3405279685eeb050225dc0da10772e97f5c982fd62161
731aa03f3738af4525635afa86b06e6c89e59db4992843c0a9ae34aca3035602,https://us.aroma-works.com/products/light-range-spearmint-lime-reed-diffuser,Light Range Spearmint & Lime Reed Diffuser 100ml (https://us.aroma-works.com/products/light-range-spearmint-lime-reed-diffuser),2026-09-13T19:04:20.669449+00:00,a7c74ea6362285b343165a197bc45180f761695ba34d4d5f41a68c054986ef31
73814bee7b7db766aebebabd2e812ea742820f47cb052276ffcd46b17f112f4d,https://www.sanex.co.uk/products/shower/sanex-expert-skin-health-moisturising-shower-gel,Expert Skin Health Moisturising Shower Gel | Sanex,2026-09-13T18:29:23.671126+00:00,78b9b90d6813c9ac5f042744519c0e44c5cb9218c630d7aad0960e4be252915e
7397307e53fc5972281a2f7537106595f95dd2e10b55f4d3bf95fdd59e916a1a,https://brixtonbrewery.com/products/coldharbour-lager,Coldharbour Lager | Brixton Brewery,2026-09-13T18:41:14.201083+00:00,af166d797d555d0719da1c55ce3a9a81f04f861cdce27abe51c702c383dddf76
746e77346138f37e5f7008edf1df397fd577b7a48ed80d68554f2247288a0e12,https://methodproducts.co.uk/about-us/faq/,FAQs | method uk,2026-09-13T16:58:13.557494+00:00,2acd9e85966d6d1b9efce5d3ee6d3462ddb6976542cfbc93b18cb64b229688d6
75bcc009c2596cedfc361663414cae8ad14cbbb51a27641f4987d698bfff2704,https://www.heineken.com/global/en/our-products/heineken-silver/,Heineken official global Silver product page and FAQ,2026-09-13T18:34:45.872771+00:00,a9dfea7536c0234c72dea38446413113fc6347446cc3270076133e63e1be770b
762409d305fb07e3a9ebf1bf54440240026e8e1cb4b5a9c4e3f7a264c97cc2cf,https://www.cotswoldsdistillery.com/products/cotswolds-hedgerow-gin-1,Cotswolds Hedgerow Gin | Cotswolds Distillery Apple Pay Maestro Mastercard PayPal Visa,2026-09-13T19:14:01.713754+00:00,834029214ced4751f4f8ad7df88ca9019274651f96e7870ab768f0e82356fb21
76c90ab45da4391cd10786bae7a8f396f759d90b72966b2a3d95008e7523ae8c,https://www.johnfrieda.com/en-uk/products/volume/volume-lift/lightweight-shampoo/,Lightweight Shampoo | Volume Lift Shampoo for Fine Hair,2026-09-13T18:00:45.700607+00:00,729b1f6040669d57573d6f03709cdc07201350192db6adca04f970de37f1f63b
77767a70a3a81fc84e137822ec02813e77c2bfdb09f3afbe60420769437a5c1b,https://www.nealsyardremedies.com/products/vitamin-c-brightening-booster-25ml,Vitamin C Brightening Booster 25ml,2026-09-13T18:14:42.366415+00:00,62a0213bb171a37b504bfa6240a931d4fc4dca2264e02e83fe5401d53777f2d5
783b19a75ee71afdc9751b02da3122d7e4ecbc2a01b77be09d50a4a0349424cb,https://www.thisworks.com/products/perfect-legs-skin-miracle,perfect-legs-skin-miracle,2026-09-13T18:28:43.433588+00:00,a55f1a52e0bb2e718c0c837d6a118b2707ed4a02328e4f88ccbd612965c02359
7841ade287c7a599fe79e3a8c6a4616e11bafafe8996cd68fed55d0f62332eca,https://www.purdeys.com/,Purdey's - Natural Energy,2026-09-13T17:00:17.055514+00:00,cae7c130fc6a5dce2d7a5d29de8e2fcbdc32b685258616bf381a3ab68b3b4f40
7a0c94784c66b3d13a8974572db84d6b42a0fa314b1d2fc733ff5690465d914d,https://nailsinc.com/products/glowing-my-way-glow-enhancing-nail-perfector-polish,Glowing My Way Glow-Enhancing Nail Perfector Polish – Nails Inc London American Express Apple Pay Diners Club Discover Google Pay Maestro Mastercard PayPal Shop Pay Union Pay Visa,2026-09-13T18:33:12.321934+00:00,ae581a66b73fd3ab2336e515f3a2e3d884731a7d1eb38f8c13ef7b71fdd0d292
7a5f2c06ea74a85a06f4c1d487b59c6d80898593c85e124904a249f45841fea3,https://charlesworthington.com/product/thicker-fuller-densifying-shampoo-250ml/,Charles Worthington Thicker & Fuller Densifying Shampoo 250ml,2026-09-13T18:19:04.209840+00:00,2a2ab11a88878d41c59097bae413307682b48f53ae5ec8a7d53af05d94e17fe6
7accc810f219671ad646651eed259551a50134d1e57743131cfdc29f2c2ad28d,https://www.oetker.co.uk/support/faq,FAQ,2026-09-13T18:56:34.605095+00:00,7e2118853efa40423c54b68f2d7c2ca7a7bbbf6ca3558d05990d336031c105eb
7aeb44f7d6ed344258e3c041363e78c0b88a16aaae98d9399532b8dad4fc0b6a,https://harrys-uk.gorgias.help/en-GB/do-you-test-any-of-your-products-on-animals-1057279,Do you test any of your products on animals? (https://harrys-uk.gorgias.help/en-GB/do-you-test-any-of-your-products-on-animals-1057279),2026-09-13T17:26:13.458627+00:00,773ed71e49ae97b9ee8fbe53cc1e1a5dbdb89c225c647377196e1a813d44691f
7bdfe3423fd185e233dcdaa3a17b280a22bcdc7fa032802abf3209f7e66101d2,https://charlesworthington.com/product/sunshine-protect-uv-protection-leave-in-spray-50ml/,Charles Worthington Sunshine Protect UV Protection Leave-In Spray 50ml,2026-09-13T18:19:04.195655+00:00,ecf2893bd5b3d48d1b5c37daf1b599b549456cdf31307d81e49b6fb97a3553cb
7be7a6dbaec51abbdeda55818902ba6f352792818d5287f59c2cc32e0e9ae30a,https://www.mitchum.co.uk/products/mitchum-women-core-48h-roll-on-shower-fresh-100ml,MITCHUM Women 48H Roll-On Shower Fresh 100ml – Mitchum (https://www.mitchum.co.uk/products/mitchum-women-core-48h-roll-on-shower-fresh-100ml),2026-09-13T17:29:15.439372+00:00,cc0eae6d5becfef1d4a35ef660fd2286661ee8763e45babcb93f502ebc0acb5e
7c51005b885c113278acb9f7f7574db85277643d4e494f76660dad3ecd373fc6,https://bulldogskincare.com/pages/legal-mentions,Legal Mentions – Bulldog Skincare (https://bulldogskincare.com/pages/legal-mentions),2026-09-13T17:16:23.083303+00:00,a9174798f6dbffef983bfd83eabcc15dadee2aa46821bf910d97e5e302d46815
7d0c43abaa6adddd7f17e9bdada503ca632a1ba644ace4c9350ab8032c196ca8,https://www.rimmellondon.com/en-gb/nails/nail-care/nail-nurse-2-v-1-repair-oil,Nail Nurse Nail & Cuticle Repair Oil | Rimmel London,2026-09-13T17:58:05.694007+00:00,c5c4aee45705046e1e89d1111d1b49a1a3ca5b73eed59c5e8d9ac8f27b84c3c9
7e856c7b318ba586893a4604fcb85421d6094bc7ca6d0c239a3347125f7bb95c,https://www.johnfrieda.com/en-uk/products/blonde/violet-crush/purple-shampoo-for-blonde-hair/,Violet Crush Purple Shampoo | Toning Shampoo for Blonde Hair,2026-09-13T18:00:51.532378+00:00,44e555b487799598218f8aa3413e32bc774901a1f9af77a7648b219f0245bbd2
7ee5f4214c8c57d8aa65931a64a143dfdbb2ab91c8239d7a529a174ceec0b059,https://www.stmoriz.com/products/advanced-express-self-tanning-foaming-water-200ml,St. Moriz Advanced Express Self Tanning Foaming Water | St. Moriz (https://www.stmoriz.com/products/advanced-express-self-tanning-foaming-water-200ml),2026-09-13T18:11:58.332164+00:00,7a99a69ab7a380328fcb8789b131e4e7596fb74227628a44fdd16fbd0b2e92c0
7f9f64d3ae1e3db6b44aee0b433daaa09ceeadfb771dcb240fe167d0c6a8da01,https://flintvineyard.com/products/charmat,Charmat - English Sparkling White Wine,2026-09-13T18:09:41.251040+00:00,cf7b48276ae8ca7cba8b9f852e2ca0822e0c6ecb3ef8203a14593e4e1aa55d80
7fd2ee67eec5b1e853b73d399146fea5ebfdeec36e729b55aed4a9a53360d02d,https://lepetitolivier.fr/en/pages/faq,FAQ – Le Petit Olivier American Express Apple Pay Bancontact BLIK Credit cards iDEAL Wero Mastercard MobilePay PayPal Visa,2026-09-13T16:59:15.966829+00:00,235bd2ae4b5700de9ff3b3db040e829afa10adf4703b2417c134a4e95324c667
7fdd967af0e56b84f377f3ebd5f62f9d9e9c7383b0a6dc334f1d75211fdd5e75,https://www.delicato.se/konsument/vara-bakverk/allergener-o-mervarde,Allergener & mervärde,2026-09-13T17:11:37.188838+00:00,b10c5ed6a5895f1687377673abe8b6519b0fa645ab735332e5b24d9e680f4683
80380652613806e11bb6cd948bd074a874ed354cd9f970fd276fb4b01e25ecb5,https://gb.harrys.com/en/pages/our-story,"Our Story | Harry's – Quality Men's Grooming, Fair Prices | Harry's Search Search",2026-09-13T17:07:42.107414+00:00,e76c39190d587b3aeb032c2d866fcda392cf32ce449f1afbd36fc7a0364ff40d
808cc5df05f081ad369bc8d2dd5fd1a8b08f5d64f8523728535f2a6631d91d61,https://www.lil-lets.com/uk/our-products/maternity/lil-lets-maternity-extra-long-maxi-pads-with-wings/,Lil-Lets&#174; UK Maternity Maxi Pads with Wings | After Birth | Lil-Lets,2026-09-13T18:56:42.578797+00:00,bcce18fecd9c6c812b41fbbee1182fae2973d29576096a163ed99f955ca07b45
810044d374cd58713f195a3b76a6ad9dc0f39754725310274121e1125aa9c423,https://oumph.net/uk/products/the-spiced-kebab/,The Spiced Kebab: Middle Eastern Zest | Products | Oumph! UK,2026-09-13T18:52:42.418580+00:00,83da8cdb214b0601e2357d4f4b34ee4674b3869ea0e1ab0d482d4100c2998371
813c02fc917ddfee73cce924252723b46468a48e305068d306e511619e974691,https://highfive.co.uk/pages/faqs,FAQs — HIGH5,2026-09-13T17:09:27.976845+00:00,8aea7e4add6874ca6f5e9e7ef7576cec474c2b57fc03989de8eadf2403928dc4
81e2e2f48a1660d5926b8db56d237c8ab53e79a3c4a13d4394228faa81e3751c,https://pro.ajinomoto.co.uk/AjinomotoBeerGuide.pdf,Ajinomoto Foods Europe: The Ultimate Bar Snack — Best Beers for Japan’s Favourite Bar Snack,2026-09-13T18:00:40.907742+00:00,4509c70623a320534141b37735edafd07208bed2f10b43c3c6a5f849f3875d4b
836aa66e27f6d3d8ae7ca30a86addc77873be9f8e076db8fd01474e71a44f871,https://www.boucleme.co.uk/products/flexible-hold-hair-spray,Flexible Hold Hair Spray for Wavy and Curly Hair | Bouclème (https://www.boucleme.co.uk/products/flexible-hold-hair-spray),2026-09-13T18:38:00.988Z,a995609f371f24530fa1142a824ee31627aa33b47c9a769d6f29201bb92d5ca2
83f0d45db97d8145273421c92af07c250207b46fec3dd7b1958bcb9a06fee173,https://uk.sanctuary.com/product/sanctuary-spa-body-wash-discovery-gift-set/,Sanctuary Spa sanctuary-bodywash-gift,2026-09-13T17:18:58.154800+00:00,9d1aa7e919888bbc05ebc87a4d84971cf2a84a45a85738c8fffd46bb79f10516
84e91960470f82ff70b25827ecac87968bbcc0d7d34cc2fc6c8a247bb94beb06,https://puresport.co/products/ultra-electrolytes-30-pack-orange-lemonade,Orange Lemonade Ultra Electrolytes | 30 Pack Electrolyte Sachets – Puresport,2026-09-13T18:15:26.602527+00:00,9d44c9663f2e3c88e4a80d5fb928a83b81f06ba00231f9f1a36c37a402343612
84facf9b9104ceb84ce004e953e207fccd7270f47aa153262396b44b3723d418,https://www.londonessenceco.com/drinks/sodas-lemonade/pink-grapefruit/,Pink Grapefruit Crafted Soda | Soda Drink | The London Essence Co.,2026-09-13T19:01:45.090483+00:00,10f23c659fe47b06887e23aae6dd8c7d41ec1ae270df71bfee3a5aa8aab3e713
85202267531faa66a1857d5e128893a4f0f4d06335df77dcd965787de987c50c,https://nailsinc.com/products/billie-1-step-gel-its-topless-nail-polish,Billie 1-Step Gel It's Topless Nail Polish – Nails Inc London American Express Apple Pay Diners Club Discover Google Pay Maestro Mastercard PayPal Shop Pay Union Pay Visa,2026-09-13T18:33:25.274715+00:00,011149369e8a0b7f3570d639efe552d127dc750461989c91c5fcd1ea9341cc7d
8567f022e97c838247f0e605f12c24565951c9bbedc3e69bc8dca5d81500c95e,https://spacegoods.com/products/moon-chews-1,moon chews | Spacegoods American Express Apple Pay Bancontact Diners Club Discover Google Pay iDEAL Wero Klarna Maestro Mastercard PayPal Shop Pay Union Pay Visa American Express Apple Pay Bancontact Diners Club Discover Google Pay iDEAL Wero Klarna Maestro Mastercard PayPal Shop Pay Union Pay Visa,2026-09-13T19:19:04.575268+00:00,0729fff513dd3b0f6e3b726e87a13edc76502b155ada5c705fa75d81af693fb7
85dc802862e43b7d2ab5aef5b27c559330c65a6f6640bc109e6241212da878fa,https://www.marksandspencer.com/food/diet-pink-lemonade/p/fdp60568351,Diet Pink Lemonade | M&S,2026-09-13T17:07:16.123025+00:00,420140c52e1220e652fc6769d487601cf8264fd09ae9f07ccaa466d1bae519bf
85fe8a8bec512964013fcb8875ea933ef16af34b5cdc4aff0929b3d3804f6eef,https://www.marksandspencer.com/lavender-hand-wash-250ml/p/hbp60519496,Lavender Hand Wash 250ml by Floral Collection at M&S,2026-09-13T17:49:55.551553+00:00,e8a322f896d1602137205f7e396341730bd478859d0a68ee5936e92d95d8937e
8611fe017677c114c6627ed885fb9e92d6135672909ba212823b07f06e109f10,https://nailsinc.com/products/glow-and-grow-nail-growth-treatment,Glow and Grow Nail Growth Treatment – Nails Inc London American Express Apple Pay Diners Club Discover Google Pay Maestro Mastercard PayPal Shop Pay Union Pay Visa,2026-09-13T18:33:10.664620+00:00,f6dd642830d78d6d3a060a427dbc00e205bf90149ff9dda181a811e64e3adfbf
863d92e75f9f14dfb3a36f80ec09314edeb6613aa6a3cb52255296b9022e1f5d,https://www.sanex.co.uk/products/shower/sanex-skin-therapy-anti-dryness-shower-cream,Skin Therapy Anti-Dryness Shower Cream | Sanex,2026-09-13T18:29:29.193162+00:00,81ba6fee55ead02745e49f95206dcd7d3ea8d76ec3528838aa109950a07e1f28
8706dd1c3dfd7c96532eb045cbf7cd4fe6081bad40800438297b62c64f4a0652,https://soinvogue.com/product/brushworks-reusable-silicone-nipple-covers/,Brushworks Silicone Nipple Covers | Reusable | Soinvogue,2026-09-13T18:45:28.246767+00:00,c35dd22f62c21a2325ff965f74a05f973ebaff8874919d38f075f65ec62451ba
87595a520786b138999da856f6e173ac00a5b893368062a7af04fead0fa698fe,https://www.oskiaskincare.com/products/renaissance-cleansing-gel,Renaissance Cleansing Gel - Brightening Enzyme Cleanser| OSKIA,2026-09-13T18:46:47.526144+00:00,cb00787d1c9c01333699f12529c7eafca2ed22848cfc9b25706f6d1ad4eef8c5
87686324c785d894e89362505dfe4095ba9b01bac436972f921b8aa9f3707a93,https://www.lil-lets.com/uk/our-products/maternity/lil-lets-maternity-breast-pads/,"Lil-Lets&#174; Maternity Breast Pads UK | Ultra Thin, Soft &amp; Absorbent Nursing Pads | Lil-Lets",2026-09-13T18:56:42.579172+00:00,0cb620312ca44dbe967844379e617e76bdc2281f7a6a3277003bb5809b63219c
8796081951b3bdf818e75f7250311db183800b46a1258545a1c77540784efeb1,https://sxollie.com/products/mixed-lush-lemon-granny-smith-copy?variant=58404468785536,Trade Sample - [Product Name] – Sxollie (https://sxollie.com/products/mixed-lush-lemon-granny-smith-copy?variant=58404468785536),2026-09-13T17:24:46.836789+00:00,eb686ac8eec5d6551442d2e2a39dbb194fe4ff72b68d18e83b6166ae3d98c0f7
87d5a57b02e82a0c3650fdc146b91208750a2726088fc880bc07bc273f6fd51a,https://soinvogue.com/product/brushworks-reusable-makeup-remover-pads-pack-of-3/,Brushworks Makeup Remover Pads | Reusable | Soinvogue,2026-09-13T18:46:14.386832+00:00,9162257c9b04de8932590fd3eba0de9e5e36cd53deda84a409bd560fe25de120
883a47118096d3c937de706cbbfc6b8099066b51fdf11308c560e787a4e037b2,https://www.avene.co.uk/p/milk-cleanser-3282770152555-b5405ca4,Milk cleanser | Eau Thermale Avène,2026-09-13T18:15:26.175659+00:00,6a08423610ca06a257a554d28b004a223a1d1d4539dd30da8420d51c21a78a72
899cd47b0cc7a3e7b1db09c6aae4eaa1e062aab4fe21265246852316d4ceff7e,https://www.mitchum.co.uk/products/mitchum-women-ultimate-72h-roll-on-bright-floral-100ml,MITCHUM Women Ultimate 72H Roll-On Bright Floral 100ml – Mitchum,2026-09-13T17:03:01.562238+00:00,87966d120fd1b4453d41f2cefc2a5c134ed7b43e8e5a0e2b7203cd7e6e5231ad
89b8bb9ed9a4a8bcc1b91768d44421c8f13922c84673da156dc15b23542070fa,https://baylisandharding.com/about-us/kind-animals,Kind to Animals | Baylis & Harding,2026-09-13T18:38:34.835869+00:00,bc153e6404588e3d51537b90fefd77b0a1d5e6768c8bed47a4d5c4b8d58d8762
8a0ac4fe77eb56bd6699d283aa6b2acd48a57eac53d30079bfb5b0001abd5a9c,https://www.gardenhealth.com/vegetarian-and-vegan-gardening,Vegetarian and Vegan Gardening - Blog - Westland Garden Health (https://www.gardenhealth.com/vegetarian-and-vegan-gardening),2026-09-13T19:11:10.305770+00:00,ab4296f4d6dde79aa15ca8b09a35b3f10f12a36e156d41ab236d9dd7c965e4ca
8a4820af2d8eb4ff7c5cb9e02eff1901ef1e57b63fbe48ba1366bb0ec9b9602f,https://www.oatly.com/en-gb/random-answers,Random Answers & FAQ | Oatly | United Kingdom (https://www.oatly.com/en-gb/random-answers),2026-09-13T17:20:58.510450+00:00,72397776751c371bdb54b2ffd4791d9885ee1e8d74ad1880db539110a88ebdce
8ada9d58276591ab04109b0b269ca9b6c28ffbbd3111062b0f1b27c3f840ed0e,https://acnecide.co.uk/faqs/,Acnecide+Purifide,2026-09-13T17:07:48.005441+00:00,d5a8dc2c8d8efeffbfc00c1d56c8093246d6ce42ad8beab96bf5d4f7da547d15
8ba94fc8bf915acc2d5466cb0116761e944fdc66d65e59db86e5c0b71fbb941a,https://www.nealsyardremedies.com/products/organic-rosehip-oil-25ml,Organic Rosehip Oil 25ml,2026-09-13T18:14:25.320283+00:00,8599f0a8f76de3034ba57be61143f1fbd299433fcee00d5cbcaf681a74bcaeb6
8bc4786f05255d8cd6fb50118eeef417e8ea05cbecdb5f66beaec7a677965de3,https://healthandher.com/products/andropause-55,Health & Him Andropause 55+ Plus Testosterone Support – Health & Her (https://healthandher.com/products/andropause-55),2026-09-13T19:19:30.068974+00:00,317832bddb64d4f2a8e638bc375f81a023571e5fcac162877778340748a8e7fb
8c139bae449ee34300a75bc15e5e9a1f1a3f8d653c2691bee9f94a3012a1e2de,https://tenzingnaturalenergy.com/pages/faqs,FAQs – Team TENZING (https://tenzingnaturalenergy.com/pages/faqs),2026-09-13T18:24:27.731504+00:00,cadc138e79a5506402b37a42e91bfffecd60b4b55c0486a50521683bd5cbcad6
8cc8ecc3ec0f15cff89ea9e7969e16e5a7e7faad2727beb1cb4791c0cb88949c,https://www.aveeno.co.uk/products/daily-moisturising-cocoa-vanilla-body-wash,AveenoÂ® Daily Moisturising Cocoa Vanilla Body Wash 300ml,2026-09-13T18:40:38.116722+00:00,1013d1c5690df709d743b1f22c6ec30e1fc9ebfd48f03249320c69b34edc2fac
8d2355590dccb9d44ac316e205c2920ed75a98d6adbe9b523bd3ce2134cfb77d,https://www.dotdottea.com/products/dot-dot-sparkling-duo-giftset,3 x Sparkling Cans Bundle – Dot Dot Tea (https://www.dotdottea.com/products/dot-dot-sparkling-duo-giftset),2026-09-13T17:16:23.083682+00:00,a49abfab28001f9187c0a8052e631dd39d4fa28482795846b851e1fc4d9fc731
8d36e8951e36c4eb4b654805a5095c33e2e26db454a14367ec00519bd749e570,https://twinings.co.uk/products/twinings-sparkling-tea-boost-12pack,Twinings Sparkling Tea Boost 12 Pack,2026-09-13T17:05:19.026Z,af9f676adca0f03e8f86ad5e630ec22fb9f00554c1fdab91ea9d23ea5495367e
8d5ce3e7a2dfe1300fdb4bc1f947369f4283ab19f6e0ac06c31c9cd6a6acd5c9,https://twinings.co.uk/products/mango-strawberry-20-tea-bags,Twinings Mango & Strawberry - 20 Tea Bags,2026-09-13T17:05:00.928Z,4da2282731a821e75f981e002484b94bf7e8b69be25f77715b2623a9addbbbea
8e706dc7e8ebf5dcf5d3d849df3e1f63456f27bac6eaa218cdb1eab3db75ecc0,https://www.nealsyardremedies.com/products/rosemary-and-cedarwood-hair-treatment-50g,Rosemary and Cedarwood Hair Treatment 50g,2026-09-13T18:14:35.600683+00:00,28d8095747b81aeb8ed9338022557e6945c3dd42b889821b2a3a900f53e47f10
8e99fd062eb6d058980cd2e175e58b0c577d0ec7d5d8bad0a0f29eaf40e04ba8,https://images.contentstack.io/v3/assets/bltf10d43c9de06a4a3/blte57b4768869413cc/6895d488987c885afdb211ed/Rimmel_MultiTaskerConcealer_2025_090_Toffee_EPI.jpg?auto=webp,Rimmel Multi-Tasker Concealer 090 manufacturer visual label,2026-09-13T18:06:25.414492+00:00,3bce03fe8024b44f98f6a8f32b190fe61a04754f0b8185d92001ed69e46fa8a4
8f2e1cf0f58c81e3bd2244a48dc541db246a8cbb457ced23561b5263702bf0d7,https://www.johnfrieda.com/en-uk/products/dream-curls/cleanse-condition/curly-deep-conditioner/,Dream Curls Deep Conditioner | Hair Mask for Curls and Waves,2026-09-13T18:00:36.764007+00:00,5871995e4446ba9bf7a45c63efe19c10f1968ac8e295ebaf37d7a64a9a697380
8f507e23f0087b13726acd3074184956cdc872bd9cec548f9d411a81ad86e9e3,https://nailsinc.com/products/french-mani-hack-nail-polish-set,French Mani Hack Nail Polish Set – Nails Inc London American Express Apple Pay Diners Club Discover Google Pay Maestro Mastercard PayPal Shop Pay Union Pay Visa,2026-09-13T18:33:07.514585+00:00,9e117e82bc4df9d7fef2cd5efed2c4a97e84c5f7c68272c3dfa532fe41228150
908cdd5676313964e3cee788106b0682f5333e36e9cf0b895e581db117f270fc,https://www.nealsyardremedies.com/products/garden-mint-bergamot-hand-wash-200ml,Neal's Yard Remedies | Garden Mint & Bergamot Hand Wash 200ml,2026-09-13T18:13:55.142715+00:00,f0f4dd1c9ea7a0e90a7014746e66a9db1e5d7bff86b40d49cd0844ef77a825ec
90d39a1c60003ffa9b37b3c68b5bd4195da5b8414dd1e1897e30af9f6097531f,https://www.marksandspencer.com/food/classics-malbec/p/fdp60733134,Classics Malbec | M&S,2026-09-13T17:04:01.220158+00:00,dbab772ed2508b116f3db44f53649da4b5024c656023b6b8db0de49fe108dbd5
91c7ea892fea221c4a1a008209ec989f0c0160cd88fdc152dad76a5d69155402,https://www.mydoublebase.co.uk/products/doublebase-flare-relief-emollient/,Doublebase Flare Relief Emollient | Doublebase Doublebase Close Previous slide Next slide Doublebase Facebook Instagram,2026-09-13T18:52:42.417879+00:00,d72ad0d0367a9346d17f9ebaf1088479bce907c3713d3eb405531efb4a5c0eeb
91f648227ec94f574848f3a7c495fe59f76a0bc7bfad02aefc87e2448a024faa,https://nailsinc.com/products/kendall-1-step-gel-its-topless-nail-polish,Kendall 1-Step Gel It's Topless Nail Polish – Nails Inc London American Express Apple Pay Diners Club Discover Google Pay Maestro Mastercard PayPal Shop Pay Union Pay Visa,2026-09-13T18:33:34.607533+00:00,700fff554af296e0715a0037d9932b98cb06348b3b18e8da9f5c8fc325ee6fa5
92de81f09e4bad73dfe988892da7d68daa1fb5e155a063eafd723f38aa4e6a59,https://www.gaviscon.co.uk/products/gaviscon-advance-liquid/,Gaviscon Advance Liquid Bottle For Acid Reflux | Gaviscon UK,2026-09-13T17:03:18.487201+00:00,419e9138f8ceb1b671d8fceb0602d78e34ceae839bba05abbabc03148157c8ec
937d6bfb337f368ad40f6ad6b7aaaba34695fdab1cfbc62b1b12b13662a10c75,https://images.contentstack.io/v3/assets/bltf10d43c9de06a4a3/bltcaf6da1def23f110/6895cfa910270bb45755a389/Rimmel_MultiTaskerConcealer_2025_045_Classic_Ivory_EPI.jpg?auto=webp,Rimmel Multi-Tasker Concealer 045 manufacturer visual label,2026-09-13T18:06:25.413592+00:00,7682a7a4633be62972110bd0cc4ce8f790cd44efdec4933590b837e831a6b371
93cf432c9aaa1da711e155235b1672a5193f112e4bd99eb7a57d5e4be0ab4e86,https://aroma-works.com/collections/light-range,The Light Range Bundles (https://aroma-works.com/collections/light-range),2026-09-13T18:56:51.529712+00:00,950d7a4b785a719b7c6aaefba0471e76fdf98cbfe5edb8fb6b5cf5b20e966741
93d9cb374aa9510fc7c9f07548d2db8b7759df863bd67b7909ae36a4e8394a6a,https://www.thisworks.com/products/deep-sleep-beauty-soak,deep-sleep-beauty-soak,2026-09-13T18:28:43.421281+00:00,b6c0bfdd1a44633768308e056f172f140bfb47119335edbd813d7381eaeb7d22
943fb09e7d3f2ec0dc7934c215ba784c7411db152528bc9e65d604af4a47dd06,https://kopparberg.co.uk/faqs/,FAQs - Kopparberg | Swedish Fruit Cider : Kopparberg | Swedish Fruit Cider,2026-09-13T17:03:02.109121+00:00,57110639cbd630c31ec40f51ddf3b93644fa6fbb7b87b5227741b9e785e8a651
94531ad897739f917b80ff0f72dcc03bc4a6480669453a241fe4a5828991c421,https://www.boucleme.co.uk/collections/vegan,Vegan Hair Products | Bouclème (https://www.boucleme.co.uk/collections/vegan),2026-09-13T18:37:06.979Z,79e5674b727702d4b9c90f25d5fe9d845836ba2555d73085ff25ac7dafa42a14
949d32e6ef08d2dff370bffbed6f616fc33be00f6bb2db072825c53b00536b2a,https://wuka.co.uk/blogs/periods-a-z/how-sustainable-are-wuka-period-pants-wuka,How Sustainable are WUKA Period Pants? | WUKA (https://wuka.co.uk/blogs/periods-a-z/how-sustainable-are-wuka-period-pants-wuka),2026-09-13T18:44:58.346337+00:00,c2d4ea5c5d4093728d813b2a1d6a6d8bc88caa98d27eff05b122be851029db3c
94a59917fa6a2289c6a133f866ce5d98bb309412ea8b8c561308c37af53e16e2,https://www.carlsberg.com/en-gb/better-answers/is-carlsberg-vegan/,Is Carlsberg vegan?,2026-09-13T18:08:53.739058+00:00,f9ff708707614514ff973b545e893fa3359c3b81ba43facbfa7e3f1082115fcd
94d20850116080f66c354ab1b91d7156d75d526874db28a944e688cd0846a800,https://adnams.co.uk/products/70cl-adnams-longshore-vodka45-abv,Discover Premium Longshore Vodka - Crafted for Perfection – Adnams PLC (https://adnams.co.uk/products/70cl-adnams-longshore-vodka45-abv),2026-09-13T17:26:46.514Z,6d4412c639df0e7cf6560d7ab8b555522ff36003b3992a418d32ed55e291681a
95110eeeec11300e571ca622ee8760063b3c20f51d6737f0145a3225ba93fd7b,https://uk.strongbow.com/nutrition,Nutritional Information | Strongbow (https://uk.strongbow.com/nutrition),2026-09-13T18:25:52.648104+00:00,1e1f9c49f677d7a36ec0820c6d6c3b31a638ad2cc9b5b9542c14e872644dbe14
959f05b4fb37874e414381bd03f80abe67341b3370818ac5dfe352f466c664c8,https://www.marksandspencer.com/food/light-ginger-ale/p/fdp60576910,Light Ginger Ale | M&S,2026-09-13T17:01:52.236128+00:00,3daf11e063e086f1d0eae27d7a5f2c373bd1679fdbd2c19fa3a96488ffaffc49
95e3d62f107575ca613725abc9d9f975f4a21a93dc09859bd0570b4eec2b6335,https://healthandher.com/collections/health-and-him-andropause/products/health-him-sleep-supplement,Health & Him Night Multi-Nutrient Support,2026-09-13T19:19:30.168974+00:00,1ca65eef8bad785b796bc4b2ed38f4448376132e1a2ecca286cd91373daac45b
95fc64d6bea6c0eae0d4016befaa43642fe6ff200b5bfc14f4f37a034af97d5f,https://bioglan.co.uk/product-category/dietary-requirements/vegan/,Vegan Archives - Bioglan,2026-09-13T17:07:46.021584+00:00,16fc93bfa524fe57439ffb88a3f5d18b53745eaa663c4488790a21dd1614b5ad
9634780e111d3ecbb86017035f957f9449b8c972f61b35fc98dc2e14940ed5b6,https://www.original-source.com/uk/products/hand-wash/vanilla-raspberry-hand-wash/,Vanilla & Raspberry Hand Wash - Original Source,2026-09-13T17:16:47.222409+00:00,2c3595989e8171027e636ed0dfae573a5a12ef10cb9b0e88f5bf7067d749ed1d
96e852b25c63642ad51b539b728bbfb8856cc44ea0f2ea5c078bcf3a3c090173,https://twinings.co.uk/products/lemon-ginger-80-tea-bags,Twinings Lemon & Ginger - 80 Tea Bags,2026-09-13T17:04:42.895Z,5d103bf5b64437cd1acd2c93db47e75cab923ad5276a31676cf699322e587423
96f519be8bfb2146dcabec37ef5bc391019d12278fc3516678307aa708779066,https://nailsinc.com/products/allegra-1-step-gel-its-topless-nail-polish,Allegra – 1-Step Gel It's Topless Nail Polish – Nails Inc London American Express Apple Pay Diners Club Discover Google Pay Maestro Mastercard PayPal Shop Pay Union Pay Visa,2026-09-13T18:33:44.678746+00:00,65e1e81fe94d187073ddba80ce855210f69da925bf1e64c9c13d8cb5fb5823ff
970846ee97cc268867ed85614f2c7d7aee3d56a8cf240d68faa11a88fa706e98,https://www.johnfrieda.com/en-uk/products/frizz-ease/serums/the-hydro-sealer-original-serum/,The Hydro Sealer Moisture Protect Serum | Anti-Frizz Serum,2026-09-13T18:00:34.449012+00:00,bb249999be0d1301310cbe9bdda42150f69732aaf4e61cc4c744fbc44f0b7342
972e7fc7f930d5b00d71d807649b754e30a0310b59fdd7a0b17c27437d46fee2,https://www.dove.com/uk/p/dove-body-%2B-mind-dragon-fruit-body-cleanser-shower-foam-200-ml.sm.html/08720181947018,Dove body + mind Dragon Fruit Shower Foam 200 ml | Dove (https://www.dove.com/uk/p/dove-body-%2B-mind-dragon-fruit-body-cleanser-shower-foam-200-ml.html/08720181947018),2026-09-13T17:31:07.344337+00:00,6273339efd9536be722e9f973c7d91dde5e63192eb771475a2fbe0d9fa007ed4
976d973612f73bda36f9680e631f8e056ff0e96bbdea785939a5a2b0422a3ec3,https://www.aveeno.co.uk/products/daily-moisturising-cocoa-vanilla-body,Daily Moisturising Lotion with Cocoa Butter and Vanilla Scent 300ml,2026-09-13T18:40:17.567992+00:00,7273cb0dd47072949938efe055854edab674d44f8460e3407d1a3c59243a2530
97b5fd852918c28e7af433102ef01d778afcbf40ffb7923a63db02fd46b9fb38,https://tripdrinks.co.uk/,Award Winning Oils & Drinks - TRIP,2026-09-13T17:18:58.152552+00:00,7a543b6baf45d98280b592781359e473d50ec09492374e683a621ca4427fa2f8
980370edae80450a6e29b78538a57b37071a9342450045e553772502356d8459,https://nailsinc.com/products/simone-1-step-gel-its-topless-nail-polish,Simone – 1-Step Gel It's Topless Nail Polish – Nails Inc London American Express Apple Pay Diners Club Discover Google Pay Maestro Mastercard PayPal Shop Pay Union Pay Visa,2026-09-13T18:33:51.294161+00:00,d61c41561ff087842e87b5ad2ef2e8d30de8d981754141a713372626540f6a7e
9818a621d81cc5de9b70d2a4bcf137b619a466944d914051c7fbdeb3dfde1ad6,https://www.thelabco.com/products/delicates-laundry-detergent-500ml,Delicates Laundry Detergent 500ml – The Lab Co.,2026-09-13T18:02:26.969355+00:00,44c638657789b8d22f931af9bb39982f6a727f789e566bc39251f1fed5702fed
986e89d3c4a08c9eed4d05a3e75180f0deb119a7d41c7ea34311c33ff1073206,https://www.dove.com/uk/p/dove-body-%2B-mind-french-lavender-serum%E2%80%91infused-bath-soak-400-ml.sm.html/08720181947087,Dove body + mind French Lavender Serum‑Infused Bath 400 ml | Dove (https://www.dove.com/uk/p/dove-body-%2B-mind-french-lavender-serum%E2%80%91infused-bath-soak-400-ml.html/08720181947087),2026-09-13T17:31:07.343981+00:00,a24ce1cff282f9933efafec68832229e7d9958c91f9e180f9a83b755565179b6
989618d0f2ef2d421561004c1357215a701c646d6a683158b5dccdccce48a22a,https://shop.wholeearthfoods.com/products/whole-earth-organic-sparkling-ginger-330-ml?variant=1054886137,Whole Earth Foods Organic Sparkling Ginger Drink 330ml (https://shop.wholeearthfoods.com/products/whole-earth-organic-sparkling-ginger-330-ml?variant=1054886137),2026-09-13T18:18:31.451045+00:00,27d6d994f70906d2be022e29e56e02c0f5f2733200047d1e431a6cd4ea293b63
98a4b1b00a641a086bb74aa0e3ee11dd47c970eec69fd260cbd62f64125feb6e,https://www.johnfrieda.com/en-uk/products/colour/radiant-red/red-shampoo/,Red Boosting Shampoo | Shampoo for Natural and Dyed Red Hair,2026-09-13T18:01:07.427219+00:00,97ad540f93cb9d733eda47bb522cbc073745f5a9976e94e280f116a8e8576f17
9a320cf740d5c745ef422362a613a67d28081c30330fdf3a1bd752a3d4e47c93,https://www.ultrasun.co.uk/pages/product-faqs,Product FAQs – Ultrasun UK (https://www.ultrasun.co.uk/pages/product-faqs),2026-09-13T17:17:45.671828+00:00,1ef5e18796bb196b092dcf6b2b8c95914a555c7381d97ab85e3e9f9255291581
9b39f29a4a57affe4ea952103358af45195bfae285246169f1dc36703e128cd7,https://nailsinc.com/products/khloe-1-step-gel-its-topless-nail-polish,Khloe – 1-Step Gel It's Topless Nail Polish – Nails Inc London American Express Apple Pay Diners Club Discover Google Pay Maestro Mastercard PayPal Shop Pay Union Pay Visa,2026-09-13T18:33:48.825231+00:00,4c642a4004cf5f86d2e775693b10cc0aba3dcda1a5708f27fdeb31de57b613d9
9b795928d2900ce60edc02dfdf4c8e6b3275b5d0fe639cb97a1b2996fb776a78,https://grind.co.uk/products/iced-oat-matcha-latte-16-pack,Grind Iced Oat Matcha Latte,2026-09-13T17:26:47.086227+00:00,edd0825c272ad5a0adbcb0519ab62ae64b0c0cb0972302c0d4aba78268c050b5
9bdc43acf606df0b34b517d51f05362130fc4a4cc7cd4d99bd6b7a5b16fbf907,https://www.johnfrieda.com/en-uk/products/frizz-ease/miraculous-recovery/miraculous-recovery-hair-oil/,Miraculous Recovery Repairing Oil | Restoring Hair Oil,2026-09-13T18:00:30.403551+00:00,c5daabecddab3cd36d5fd93ce9d74787ba27a7be2438425af37aeac41175f8e7
9c3158c3c7c68fbf7b98932ffe1fc3e631ee2ea06452f8016e0f0282ea132a48,https://www.cetaphil.co.uk/skin-concern/dull-%26-dehydrated/moisturising-lotion/5020465200437-1.html,Cetaphil Moisturising Lotion - Oil Free for Face & Body,2026-09-13T17:10:36.507463+00:00,6033c400ce185f549dd3e4e60c27d333e1995ead28fd38e18075d8efd6b8fe8a
9c7fbe7e9f87a208089bc9e9bd50ecfdc5d8c61c0aad0b287719149c0d5c8889,https://twinings.co.uk/products/strawberry-raspberry-20-tea-bags,Twinings Strawberry & Raspberry - 20 Tea Bags,2026-09-13T17:04:42.865Z,6fa9df9563a361003a2e2c15fa26ff4ab6069fffb4ee5794ea940709bc54efd1
9cad5c101d432c619ceb6c3d69fac28d7292c04bc2c1a4ef486ba66e438d024f,https://www.cetaphil.co.uk/cleansers/pro-redness-prone-skin-cleansing-facial-wash/5020465201816.html,PRO Redness Prone Skin Cleansing Facial Wash | Cetaphil UK,2026-09-13T17:05:42.691160+00:00,aba92bb63f48abec5e9e68e73ee2e73254a30b04c78d489fbb0dfb1ad7f3fdf5
9d3402f2ea3b986882366ac4f7f0e966094833ec9333f0394ea9aeb04aa72b3c,https://www.marksandspencer.com/restore-refillable-candle/p/hbp60780855,Restore Refillable Candle by Apothecary at M&S,2026-09-13T17:02:11.587590+00:00,b9e7909235966704c2d30db077e9530822879ad065710a91755d5cc8cc96633c
9d8a0488c23b51c85bdfdd8a25e54a54c5d460c908ef40d04ada361276e3eddf,https://www.aveeno.co.uk/products/daily-moisturising-lotion,Daily Moisturising Skincare Lotion | AVEENOÂ®,2026-09-13T18:39:42.797832+00:00,2de230e6ee6d0b6172dea61bacff34bc2f959bf0675d28fc037edb7e7a3f43a6
9dcad8f97b11f5c86f9eb6b032b559f88b13197870bac9290f0f90309db11975,https://hydrealondon.com/product/hand-nail-brush-with-cactus-bristle/,Hand + Nail Brush With Cactus Bristle - Hydrealondon,2026-09-13T18:36:33.461839+00:00,9b6d9af07137a8b61d7af70423d01d9ef23f9f891ea0e3ac755e1bc629346632
9dd6943b22d6efed2c8ed6f2681bad8a52eabe994591f54387e424199815a219,https://charlesworthington.com/product/menoplex-healthy-scalp-serum-75ml/,Charles Worthington MenoPlex Healthy Scalp Serum 75ml,2026-09-13T18:19:04.165872+00:00,03775af0edaa22a693b2810250a250f7648d19313f8a6cfdae152c04ca9c69a7
9e5c68bbad0a6a2b65d36d5a2b31265d77e2fc2e0a7085324b2239b0400d7388,https://flour.co.uk/product/organic-plain-white-flour-3/,1kg Organic Plain White Flour | Organic Flour | Marriage's,2026-09-13T19:14:57.722506+00:00,4a081b98a6bb2dc7afb3679eaef2194933ba6622bb5e44e607b1c392996ff6ba
9e9726b879599956e2f58026a879507dd2da57893864284868107c5574a59310,https://hydrealondon.com/product/copper-cotton-spa-mitt-copy/,Copper + Cotton Spa Mitt - Hydrealondon,2026-09-13T18:36:32.920415+00:00,8818ebfe9315206f5571899309c85b142f03ee2a0d9d1793fe3808849385ce26
9ece989da9fa3ab582c67eda31fe7c1a5c2092227205bf09f27a985b94352cc2,https://twinings.co.uk/products/earl-grey-80-tea-bags,Twinings Earl Grey - 80 Tea Bags,2026-09-13T17:05:18.960Z,d4fc5075723e97d1b38f38fe3a6933e34fc5e83520762a775913e14d4a7c7c59
9f26dd82f6d5429a879ee24fca88bb147114a9db22deff55ed60848af1e039da,https://www.nealsyardremedies.com/products/geranium-and-orange-bath-oil-100ml,Neal's Yard Remedies | Geranium and Orange Bath Oil 100ml,2026-09-13T18:13:56.411353+00:00,272cc9a1d84a4bf2aef9d3ac87258d9dd6023b5c65b3986bb5d806368974d965
9f4df1cc4036b7ff3d751a6681e7603fc7500c6cd5786df8c33f5ccb0dad8334,https://www.freederm.co.uk/faqs/,Skincare FAQ's from Freederm,2026-09-13T17:10:23.227656+00:00,32a57593229565dc50bd31bfe03dd8d9f9398a9af5fc165057597df30d3814ba
9ff74e433df1c58cbf9c7cdd860d8c55821840e81b92c5f5c7964eec6a5c6b65,https://www.radnorhills.co.uk/explore-our-ranges/heartsease-farm/,Heartsease Farm - Premium Sparkling Pressé Range,2026-09-13T18:59:21.225937+00:00,2dc405fc8723faa8e0598f337c3691ae462ae00c24b19ad74ad4341bc1739299
a0518f26ea2eff45a5d83c71ce89ef134d5ed855ed5c1e03cd71339c30bdf874,https://minimlrefills.co.uk/pages/our-mission,About us &ndash; Miniml,2026-09-13T17:01:30.441300+00:00,215276f5217f4aad9c57f4163f857c24dd0f9c33cdb85d746a67a4070367c141
a0b95e130f316a0abe33a71516b6877a9786b09198f219116cf8b100d50a72fd,https://www.tigerbalm.com/uk/product/tiger-balm-neck-shoulder-rub/,Tiger Balm Neck & Shoulder Rub - Neck & Shoulder Pain Relief,2026-09-13T17:16:59.848788+00:00,9cc54bd56f0fc637c03fc60d4e3ed242eccec67b51057a7537131ad2b9d92b8f
a0e87d575bceb5ca1c045c885bd46c1789bb265ba5324722e385835c0255d19f,https://www.thisworks.com/products/in-transit-no-traces,in-transit-no-traces,2026-09-13T18:28:43.425763+00:00,9429e8142892936f09e5416795e7175355eab0218940041df9cff82a4700ccab
a17ca86723b5bc48482e47680e6e33593b262cf205e5258e2986128ac7d8f968,https://www.wholeearthfoods.com/faqs/,FAQs – Whole Earth (https://www.wholeearthfoods.com/faqs/),2026-09-13T18:18:31.450538+00:00,4ad1fc9327703686ed3fca8419bd8f4eefdfc251c2e2b7826f5130ed35bdb3aa
a1c25d4daf4db46adbb0d14e68ecef22e76f7951d0326d34b25e0c9a743f9d14,https://www.oato.co.uk/faq-page,FAQs | Oato (https://www.oato.co.uk/faq-page),2026-09-13T19:05:58.937342+00:00,e002131a7695d57750fcaf198d907e0f9fff2cebb02e0a45a96ee9fb9c836dc4
a20cca314d3c41e47877c554a1ca26c125a27fa7e7eb36d5f2f4b2774a589041,https://www.avogel.co.uk/herbal-remedies/arnica-gel-atrogel/,"A.Vogel Atrogel Muscle Aches & Pains Arnica Gel for pain relief, 100ml",2026-09-13T18:09:36.878522+00:00,8a94282a4e01426e324dbbb7a134b59e61192a1ec75c4a82362548fc8899c726
a219edef18ec367e37f4b394e2044cc5e757ff748be3235352facd1b6dc7f992,https://www.thisworks.com/products/perfect-body-smoothing-wash,perfect-body-smoothing-wash,2026-09-13T18:28:43.430689+00:00,2ee2e8b56a28d489eec903dce43b6c1a3ce647ebd6681295ab89ab74be425533
a257d08bc97fba91f494f44c4f4681d072339e889857fdd25edbca357f45c139,https://lucozade.com/support/,FAQ and Support Information for Lucozade - Lucozade soft drinks brand,2026-09-13T16:59:15.968373+00:00,5d172e9fa5b72290a846b34b73764df8ddb33d4fbe211354068ec843f2b01cb5
a2c77bb7289525439ee05b142b1db701859b7bda0b9fed0eaeff191af1293ad2,https://us.aroma-works.com/pages/about-us,Our Story | Natural Aromatherapy Experts | AromaWorks (https://us.aroma-works.com/pages/about-us),2026-09-13T17:31:50.889977+00:00,5522664ab325dc1fd00f5ce146e0d9506350988b3ac9d8398fceafc48edda187
a2d6ff6d37e4661c7ef65cfa29ca2de2fd84e64eafe298b5001af1c7bc167a81,https://www.daisebeauty.com/en-GB/product/fragrance-body-mist/hello-daise,Hello DAISE | Fragrance Body Mist in Raspberry & Mint Scent,2026-09-13T17:20:05.739904+00:00,8476109ec6a7de2ebfc57ea4b6aefbfcad6a6135a26912474e18986a403ec9c8
a316085ffbbf0cf8787fb5de225e1b5654ff4e5901ff545f4496e8c468f8db5f,https://neatclean.com/products/refillable-cleaning-spray-bottle,Refillable Cleaning Spray Bottlel | Replacements– NeatClean (https://neatclean.com/products/refillable-cleaning-spray-bottle),2026-09-13T18:38:14.100232+00:00,5d13e7270da7dbc5d58e2cda2785812c48a3c9731775af49c821fd662d7dc142
a33a2d138b73c9abd5f46de54663a32066ff641ba0656c30c5bf0678f0daab2e,https://twinings.co.uk/products/liquorice-spearmint-20-tea-bags,Twinings Liquorice & Spearmint - 20 Tea Bags,2026-09-13T17:05:00.892Z,c72f8f1ebfd466a408a634b41c99e9c58f94b547f9c04e610570250937bdb7fd
a39f06173d02e599a7a485d5f346c908c8a4bcd02c3b379835ddb17cc20b78e7,https://twinings.co.uk/products/peppermint-strawberry-20-tea-bags,Twinings Peppermint & Strawberry - 20 Tea Bags,2026-09-13T17:05:00.848Z,d327acb59d63da4c49f0e6c3f4245f3275b49e04beb84fc8b79b66d23e191758
a3d79e4c0957aaaf3760203489fa965b9f96195a80c0e725d8099a40645ea515,https://www.drorganic.co.uk/products/skin-clear-exfoliating-scrub,Skin Clear Face Wash | Dr Organic – Dr. Organic UK (https://www.drorganic.co.uk/products/skin-clear-exfoliating-scrub),2026-09-13T17:29:46.604Z,bc4c30975bc649174fb230695b3fcf339ef1f8262813e89e053f3ee2dbbe9b5b
a4873239fd5087887bed9b72e9d73c6374041accaaca3385d862fc0d2a40dc12,https://adnams.co.uk/collections/vegan-beers/products/adnams-jack-brand-dry-hopped-lager-440ml-cans,"Adnams Dry Hopped Lager, 440ml cans – Adnams PLC (https://adnams.co.uk/collections/vegan-beers/products/adnams-jack-brand-dry-hopped-lager-440ml-cans)",2026-09-13T17:30:22.744Z,3ca2b9bdd263c17401b1cbbc43d53fa44a9fe3b522ea9e61dce1e489cf160e54
a4eabf4aae508db3695cfa9c1b91ade94e3f105fa72744898ec93738d71a8d5a,https://www.redbull.com/gb-en/energydrink/questions/is-red-bull-energy-drink-vegan,Is Red Bull Energy Drink vegan?,2026-09-13T17:05:43.338815+00:00,8814f53d22567692e68264a34065186b59f71bdad020e682a2fee2585cf86959
a52941ea93801da14499edfc4f48f87a19b7e78a45d3fa9d144d027a3bf4b968,https://www.cetaphil.co.uk/cleansers/gentle-skin-cleanser/5020465202554.html,Buy Gentle Skin Cleanser | Cetaphil UK,2026-09-13T17:05:42.769872+00:00,7c5af44f872cee960b8c64d9a5be5364ffcdc0771e57d34d2e52ec48accf362c
a535227a7608ec03db6fd2bfcffa04b8d213aa657c6d0b294fd19e941c719298,https://goodearth.co.uk/products/chamomile-orange-blossom-teabags,Good Earth exact UK tea product,2026-09-13T18:28:43.434712+00:00,1850312ff89fed3936b991ece6e2db06cde8e059e328bbfe729a2dfc6b73d244
a53a79a8865a40de9ec339e22423f4651c9eb3cd9f81ca588fac77f9523eb494,https://www.inchscider.co.uk/product,Our Products | INCH'S Cider (https://www.inchscider.co.uk/product),2026-09-13T17:59:20.256203+00:00,45e1fc7cc202047737e966dac64f3c0d350d2c8cb3e26692e05933a78c945acc
a59c323832acbab2939f39be2b861a6dc998c89283a4ad56897e0e907bbd548e,https://www.marksandspencer.com/food/summer-berries-sparkling-water/p/fdp60551151,Summer Berries Sparkling Water | M&S,2026-09-13T17:08:00.297174+00:00,c62c7ad9f9fb4eeb04d317b3700b6e09974c16ea45e99115d4c43a47934fe158
a5ddfe4cc9440faec042413f482b4806e195c11f77c6dfcd5762e5d674f0343d,https://nailsinc.com/products/get-hard-hardening-base-coat,Get Hard Hardening Base Coat – Nails Inc London American Express Apple Pay Diners Club Discover Google Pay Maestro Mastercard PayPal Shop Pay Union Pay Visa,2026-09-13T18:33:09.083229+00:00,0842b7ba8d50c0ab625b5f57bd4165d17bd274571577014d20d411d30e554de2
a6643befe533fd8e6b471c548ac138c9b685a2f832545812c3bcecab31d879a3,https://www.serveddrinks.co.uk/pages/faqs,FAQs - What is Hard Seltzer? | Served Drinks,2026-09-13T17:00:17.624074+00:00,a434539fdff165bd267e6a9dec7fdfcda7bf58558c31f458eb379d9ec26f4570
a6e72330cf6675e0a38153460eb81121e8e362238e2909fb6fb8f60022725a25,https://www.greenpeople.co.uk/products/scent-free-facial-spf15-sun-cream%20,Scent Free Facial Sun Cream SPF15 | Fragrance free for sensitive skin – Green People (https://www.greenpeople.co.uk/products/scent-free-facial-spf15-sun-cream%20),2026-09-13T18:40:11.569935+00:00,059df6926a5efd0b09474f3e27f603819e6d168313c6e063769c3718b71bd514
a6ec06f9508365f5d428df112e2662a08bebeddb67ec1e083be7dce2d78fabd8,https://www.nivea.co.uk/articles/brand/general-faqs,General FAQ | NIVEA,2026-09-13T16:59:15.966367+00:00,acd1d5c78c73fb933bb07b208182be10bfb3060b49fbf924a72f621c0b189be1
a7fbdcfecc4f78ad28b88feec1cd4ba3d780b3e394456c07af5702bc95d3cc8d,https://www.sanex.co.uk/products/shower/sanex-skin-therapy-anti-itchiness-and-anti-irritation-shower-cream,Anti-Itchiness & Anti-Irritation Shower Gel | Sanex,2026-09-13T18:29:31.670660+00:00,496c1746ef6157b499eb1e2f8ca0188d0f38b3781e0266866189657ed97b8647
a7ff4d3019e2df7f7d0a5a47587b9ceb4e2c0fac9894fdeb95b63971b499f732,https://companyofanimals.com/uk/brand-product/quick-fix-spray/,quick dry spray for dogs- Pet Head - Company Of Animals UK,2026-09-13T18:49:13.627767+00:00,ab94cbdc455b4d5a8bb36500811c54f81a645d5efbe0bc34fa16c0a9490b87b1
a88014dd2b359e4f1e840eaccd3aa918f6d968f60d45afbffc047f3257af0c8e,https://licor43.com/faqs/,FAQS - Licor43,2026-09-13T17:16:43.111564+00:00,8fb868c7326582644d1239a951ef834ad4756fe2a678254de8ddc854a1e15bf4
a93831908337261226b930ccb85fb2c7d1f9d53d962c2945ed5b77fef715171b,https://wuka.co.uk/collections/period-underwear/medium-flow,"Period Underwear | Menstrual Underwear | WUKA – tagged ""Medium Flow""",2026-09-13T18:47:12.222191+00:00,74a9b53bad57ab23d8a8e69dff9936ff094d5174ded19dc77f2a4e0ba3c6bb01
aa1cdeb00f936ad3c92e12be8131f1913a78c626acfe35b1c6ac31144b578aa2,https://naturesfinestfoods.co.uk/healthy-vegan-snacks/,Healthy Vegan Snacks - Nature's Finest,2026-09-13T17:16:46.231339+00:00,b8131e36fde4ae7f9ee1fa3eb5479908252d359c1dcb7083cef922340fbe89fc
aa7ce66de1c94143186a46ba122b5f33f5078413046da6764517e063cad242a9,https://www.highernature.com/pages/frequently-asked-questions,Frequently Asked Questions - Higher Nature (https://www.highernature.com/pages/frequently-asked-questions),2026-09-13T19:18:00.895073+00:00,45f763dcb2188194dc3dda72af3acd050000aa0ccb86f6584004d9df63693e2b
abab59e347eda8a4b778675c74f54a394d6c368ac31cf2d4fe7330d98d1e54e3,https://votary.co.uk/collections/all,VOTARY Advanced Care For Sensitive Skin,2026-09-13T17:24:27.006656+00:00,b451339ead6b14e85869550fbe816c1e5b9046563c57e8daf064074d278c1d12
abcd509e5bb94a301d62a7deb325b475956123d67e6408e9dbe724236689b3ac,https://www.sanex.co.uk/products/shower/sanex-expert-skin-health-head-to-toe-body-wash-for-kids,Expert Skin Health Kids Head to Toe Body Wash | Sanex,2026-09-13T18:29:15.922784+00:00,dad6a3a2cf98f2e31b29dc03d3f4be94f88fad6bb24b9f84b37ba56255235823
ac70606b774fce4c5322b5da225ed05de6c437da5c33a546092f002e77a51ff1,https://nailsinc.com/products/vit-c-please-nourishing-cuticle-oil,Vit C Please Nourishing Cuticle Oil – Nails Inc London American Express Apple Pay Diners Club Discover Google Pay Maestro Mastercard PayPal Shop Pay Union Pay Visa,2026-09-13T18:33:23.521723+00:00,8d0c4970e3abe27de327894687c918baba5409a502b9ce573c79c8035e363ca9
ac800cfc0fcd7a6e82f626ded03217125b6dd6fdc0c35a4dc4e92b2e7c8c567d,https://shop.wholeearthfoods.com/products/whole-earth-organic-sparkling-cola-330-ml,Whole Earth Foods Organic Sparkling Cola Drink 330ml (https://shop.wholeearthfoods.com/products/whole-earth-organic-sparkling-cola-330-ml),2026-09-13T18:18:31.450708+00:00,afcb4fcd2aa16231b002de560be44d3a13a59af00d826ceab61abe4d757729ba
ad18b4c2f9f961cd32aba924f3679d5acd6929cab00cba6591ff1b11a7c5a719,https://support.wearewild.com/hc/en-gb/articles/360021843960-Is-Wild-a-vegan-company,Is Wild a vegan company? – Wild,2026-09-13T17:03:28.328349+00:00,9c93d2e3dc34077e88f1118eb1c9e0c80ff56b1775e36ba7b778a096df2aec47
ad9ee84e6f1736b42528e3d0d828a06a7f07a01b4b764a4c590056901ab20c8a,https://www.lil-lets.com/uk/our-products/cotton-wool/lil-lets-baby-cotton-balls/,Lil-Lets&#174; UK Baby Cotton Balls | Soft Cotton Wool | Lil-Lets,2026-09-13T18:56:43.187435+00:00,99c7ab155e8a5b9727285e6e66304594006203b6d8f80596ee1d2756eec863ba
adac0dff7c9db09883072ede409293c7a0ddd47c4cc4a3fa9c4bd5f57080dd67,https://www.avene.co.uk/p/soothing-eye-contour-cream-3282779051361-b5405ca4,Soothing Eye Contour Cream | Eau Thermale Avène,2026-09-13T18:16:41.862815+00:00,e6d41b502e9f8ee2472a9f5cdae341ef0333619f2b23544499fcf7c4e06e81d9
adbc6fd670179567714547c3c7ec3db00f8401fbf4bcadd3daa9cd78091835aa,https://fourfive.com/products/hydro-plus-hydration-immunity-sachets,Hydro Plus Hydration Immunity Sachets | Hydration Powders UK – fourfive,2026-09-13T19:02:25.758593+00:00,19ea0c9d77002612c6accbc7e2347107f0b8df5b008605a6fe6200ea946376df
ae7f00a9e4ab7bcd3a24fe256dfa9365ada2d723e59563d160a8be868c0a7f9c,https://www.cotswoldsdistillery.com/collections/cotswolds-gin,Cotswolds Gin | Cotswolds Distillery Apple Pay Maestro Mastercard PayPal Visa,2026-09-13T19:13:03.837698+00:00,f00dc96702f847399877d0a3051701439a9439068e7cdd215641821f672f6d5b
aecdb6e12473776d1f3c04cc1e5e8f37275a704479ce74584389495f05ab6ce3,https://nailsinc.com/products/demi-1-step-gel-its-topless-nail-polish,Demi – 1-Step Gel It's Topless Nail Polish – Nails Inc London American Express Apple Pay Diners Club Discover Google Pay Maestro Mastercard PayPal Shop Pay Union Pay Visa,2026-09-13T18:33:46.488740+00:00,57739ca3544f16fe7a25a123ea29e2abfedf83a1ebdd7d0b3d7181188dc12508
af1cc5cb4a4e0f668870396ff5f75e08fb5ac93e1c4ef4174f53d57fec04ac75,https://www.marksandspencer.com/food/clocktower-sauvignon-blanc/p/fdp60733132,Clocktower Sauvignon Blanc | M&S,2026-09-13T17:01:16.824059+00:00,2da06a5f1f4a161b96ba93a62c51d686abb840fe2dbe3c860d791edbbe8ad9ae
af56d2c5ebe196f060f2be37c35644dbed4abf1f9a6f9ee93ddb6e9b289ba122,https://methodproducts.co.uk/beyond-the-bottle/business-for-good-uk/,business for good | method uk,2026-09-13T16:58:13.871968+00:00,fac76d9dee64ebab5a4453fd339561c1e3e5ae9cc805b6f3530f3ded84225941
af5eb4630dab00e17e19c93603bd6acec2eb97d69c281e210a5be32afaf2bb28,https://nailsinc.com/products/kylie-1-step-gel-its-topless-nail-polish,Kylie – 1-Step Gel It's Topless Nail Polish – Nails Inc London American Express Apple Pay Diners Club Discover Google Pay Maestro Mastercard PayPal Shop Pay Union Pay Visa,2026-09-13T18:33:49.470205+00:00,92ff8b06a8200d150f9423888445b9001c0177e770c7383ef7bef21d50177386
af77a2cfe4fc7dd857fffa239bc0deee95c5b93d791071d58a2e58929eb93d1d,https://www.alpro.com/en-gb/articles/plant-based-alternatives-to-milk-for-your-tea,Dairy alternatives for tea guide: plant-based options for a perfect brew (https://www.alpro.com/en-gb/articles/plant-based-alternatives-to-milk-for-your-tea),2026-09-13T17:27:28.085Z,4c43a279e9ad3f4b08373379d96eb6952dc3d85f7593f37150308ddf71634957
af86e666bd3e337dc723c8bd5095b76b229dcccd6700d25145c006434ad158ed,https://www.hollandandbarrett.com/shop/product/h-b-baby-tod-ess-multiv-dro-30ml-6100005224,Baby & Toddler Multivit Drops | Holland & Barrett,2026-09-13T17:29:54.772630+00:00,fc63d9857a19bbf22fe9117ce4039e990fd71163ebb6b27a894d7cc74a1a0956
b000aa556867dec084c2af5135fc21ab1776764b39d9ddde0cf045d6a8fb9964,https://fever-tree.com/en-gb/faqs-contact-us,Contact Us | Fever-Tree,2026-09-13T16:58:48.984698+00:00,3f4acf92770285cc5c3828786578f7d6975d85627a754aaed9260a58838c6852
b0232245c067f2a89f3d22ba32ef9fe4d862a041219340587a82b0f932c316a7,https://www.jasonssourdough.co.uk/pages/faqs,FAQ's,2026-09-13T17:55:23.798520+00:00,71d3f2bf9d9f4fb38e056b91b0c9f9a6b64bf51c1e0a6ff9168e77bbf8d2f09d
b058271ac20c120dd0af030842c277da65900bc4fbb7e6c0192dc3d80c732e4a,https://www.avene.co.uk/p/make-up-removing-micellar-water-3282770390179-b5405ca4,Make-up removing micellar water | Eau Thermale Avène,2026-09-13T18:07:49.890252+00:00,e84e3344e6943a57468eccf16ede09e9bafcb7f90815c3d524158221bcdb4d46
b05d47c129be0ee17bce0d5e9d42be76bee998b44338daf9f60d9bca6137a0c1,https://www.johnfrieda.com/en-uk/products/volume/profiller/spray/,Pro Filler+ Thickening Spray | Volumising Styling Spray,2026-09-13T18:00:44.390357+00:00,c44980ffef79e001cf45513e868359bdb5e2e5b458f0a4f4651e6ee075e620ac
b0ae03d79e476dcb78915cd36e029f9da57828540351965b0e81ce6fc6fa5aea,https://www.lil-lets.com/uk/our-products/cotton-wool/lil-lets-baby-cotton-oval-pads/,Lil-Lets&#174; UK Baby Cotton Pads | Soft &amp; Gentle Skincare | Lil-Lets,2026-09-13T18:56:43.260228+00:00,31a7350a812361dca8d2b47ccc016bf055d1830864f841f9edc3a179ae558438
b0cefcaeb7ce804591559a426f7979eb913fede5d1a116dc29b23be0664a213d,https://www.nealsyardremedies.com/products/goodnight-pillow-mist-45ml,Neal's Yard Remedies | Goodnight Pillow Mist 45ml,2026-09-13T18:14:03.335846+00:00,ba289192a0616fef45f7844f0802e286dafd0b11174622f215bd6e368436cd32
b1717d19b3916aa7f4880e1e634e4ade6578372b2871bd0e3bc1c371ae3f9abb,https://nailsinc.com/products/emma-1-step-gel-its-topless-nail-polish,Emma 1-Step Gel It's Topless Nail Polish – Nails Inc London American Express Apple Pay Diners Club Discover Google Pay Maestro Mastercard PayPal Shop Pay Union Pay Visa,2026-09-13T18:33:28.582905+00:00,2efe365f8da2467e8bea227b373660cb813d3f13facf96df9336ba6053caf295
b248d04c4f83c58dcac9b98517e105d746752823ce6443f29f95795526097d2f,https://www.nealsyardremedies.com/products/aromatic-bath-salts-250g,Neal's Yard Remedies | Aromatic Bath Salts 250g,2026-09-13T18:13:29.596681+00:00,b36a23c784547e3e35e405bf39453baabd2c655b4761a72d6c1e1ef9abff52bb
b3388760d9e08024a69a4bce67993239c29fdaa79a5099a4dcbecd9a439df637,https://twinings.co.uk/products/peach-vanilla-20-tea-bags,Twinings Peach Cooler - 20 Tea Bags,2026-09-13T17:05:18.977Z,f01aba756050d428717d9b2da19670aac827dc5bcd242ac9f9f73a51d6eb7605
b3452e215bf0df8fd3581aba1ea8bc2e8769a8e1bba7f7e363acdbcf02b56346,https://hydrealondon.com/product/organic-egyptian-loofah-facial-pad/,Organic Egyptian Loofah Facial Pad - Hydrealondon,2026-09-13T18:36:34.134956+00:00,26b76a0dba76fb937a611e1b8e71f15b1d073babe18bd4931184486c673a3f49
b390add6c9cc1ece5a7ce86c0d900e5457e9c3542d97ac53d16d526721e79888,https://www.freee-foods.co.uk/product/gluten-free-dumpling-mix-135g/,Gluten Free Dumpling Mix 135g - Freee Foods,2026-09-13T17:16:18.229698+00:00,47ab8811cfbb8cc3a1472ecff56942b061b7074222207a2ab53f301031808dd4
b433444e4b301e6191ced0f3229c105e358c0c4a90549e61987aeeb315a19717,https://www.cetaphil.co.uk/cleansers/gentle-exfoliating-salicylic-acid-cleanser%2C-for-face-%26-body/5020465203964.html,Gentle Exfoliating Salicylic Acid Cleanser | Cetaphil UK,2026-09-13T17:10:36.468469+00:00,2acb040ace85acf446d326adbf8213309809f252de27d1232be48f3d12472b68
b52eb6ee552461da890033702618abb82807b4cb0941f23411d5fa977995d906,https://grind.co.uk/collections/christmas-coffee,Grind Christmas Coffee,2026-09-13T17:26:47.084530+00:00,f511d5351491c800ea1460f73604d8198781a52eb42757f2eb754edc27b40cd9
b539e21389e5c900bd0022748282ab661012f69ca9a6ae7e09531a88798d0a62,https://www.avene.co.uk/p/cleansing-foam-3282770152371-b5405ca4,Cleansing foam | Eau Thermale Avène,2026-09-13T18:15:26.300837+00:00,b17ea9f543cb4f7ef78c44c786a13cf8bc5fba51139abba758416da386ba653c
b54c8596b1df27cc3220d68d763be8d33217587bb35a3873fedf67f44fd548e2,https://mrsinghsonline.com/products/chilli-cheese-and-onion-40g-bag,The cheesiest cheese and onion crisps ever – Mr Singhs Online,2026-09-13T18:46:48.342647+00:00,fd9721584acfebdd734804d0358e208a2011c6b98c7911b26398b7edd0bd91fa
b5bcbdae4ab9cffa50da04edb4bf2f4c7b3c0407fd28ff45ec082aa865aba781,https://charlesworthington.com/product/grow-strong-scalp-tonic-100ml/,Charles Worthington Grow Strong Scalp Tonic 100ml,2026-09-13T18:19:04.153120+00:00,d8d8cb23622c4fb3d8abd75f746eb0be3bb7c8dc5ac66ba75181917b5b936a8c
b6c45482dbfa22fbcf56c69c5236f2fa598721155884632ac56b45405e73db42,https://www.7up.co.uk/frequently-asked-question,FREQUENTLY ASKED QUESTION | 7up UK,2026-09-13T17:03:40.836351+00:00,ffa1b2161c9662946b634b32a018b1062709fe3ebaf8f701ca9014dd04b06325
b6c97e40f3f46f43542b78a3c4f999d17da248cb3ea54cfb6d36faa216a4d776,https://www.lil-lets.com/uk/our-products/maternity/lil-lets-maternity-ultra-pads-with-wings/,Lil-Lets&#174; UK Maternity Pads with Wings | Post-Birth Care | Lil-Lets,2026-09-13T18:56:42.579449+00:00,f2008e877c73b1f579cf6add0945c33089a79d0a9df42a8af62ebe3527c6dc5a
b6cf0ddc2ab4b7fc620b9e2d3290fb8c26303a7e2a20fe5dd428a01098b6f981,https://www.inchscider.co.uk/nutrition,Nutrition | INCH'S Cider (https://www.inchscider.co.uk/nutrition),2026-09-13T17:59:20.256285+00:00,440b516d7424c8c3f39d9bd9a0d43656b29f2f7b383cd0acf32ef96e8e179083
b75d3ee2901072b75b26877dddfd6ae16134bafe61b44565a67e71fb2b53d6bc,https://www.marksandspencer.com/food/juanico-albarino-uruguay/p/fdp60740513,Juanico Albarino Uruguay | M&S,2026-09-13T17:00:54.267687+00:00,ca999e422ea753a1435bc2c23237bf8d9dbb8003244291b0ecde1e583c497ddd
b7b0693fbca747c7ab05edc7497b27aafb445efe98fabaf332a3cd6d003812c8,https://fourfive.com/products/hydro-plus-hydration-energy-focus-sachets,Hydro Plus Hydration Energy & Focus Sachets | Electrolyte Powders UK – fourfive,2026-09-13T19:02:25.854664+00:00,a604ea26b738e3e9805236d514c44ff313bee6e975c2e14de6dde67f198ab5dc
b7eb3d1b36c362e696564bae9bb891715354b9f13e9cf8e543eb96a2b28b86fd,https://www.nealsyardremedies.com/products/frankincense-intense-lift-eye-cream-15ml,Neal's Yard Remedies | Frankincense Intense™ Lift Eye Cream 15ml,2026-09-13T18:13:50.584307+00:00,0222147c098e623e5f70b42b4d679b50d3fcea705be7f26bdda7bcec0349345f
b8a18ea9d9f9ba8b01483b88d9b0563fbe8766bdf8f72dcfc56f340696eb2789,https://www.mitchum.co.uk/products/mitchum-women-core-48h-solid-stick-powder-fresh-41gr,MITCHUM Women 48H Solid Stick Powder Fresh 41gr – Mitchum (https://www.mitchum.co.uk/products/mitchum-women-core-48h-solid-stick-powder-fresh-41gr),2026-09-13T17:29:15.439127+00:00,f1ce90186e07c210b0f9813c1dc2be8c1f2f0fdbec94f1f0b2dbda7e315a2704
b8a425d28108102b6f062bd87a6d46eff0946516bea00f2cc4061d6d385a661a,https://nailsinc.com/products/scarlett-1-step-gel-its-topless-nail-polish,Scarlett – 1-Step Gel It's Topless Nail Polish – Nails Inc London American Express Apple Pay Diners Club Discover Google Pay Maestro Mastercard PayPal Shop Pay Union Pay Visa,2026-09-13T18:33:50.639037+00:00,9b76c25e366ac15c0c400cd08359db6ba2d6518db850c910f1ce386fdcb74d1f
b8bf28ae8126a85f529a24ee168252509691109e0a465021edcda8fc1b4c7072,https://www.cetaphil.co.uk/products/face/gentle-smoothing-salicylic-acid-lotion%2C-moisturiser-for-face-%26-body/5020465203988.html,Smoothing Salicylic Acid Lotion | Cetaphil UK,2026-09-13T17:10:36.901083+00:00,eb7442fa6fc65c24c246dbfd38719f59172650ab8a202e8a5220ad1867f6ed35
b9997893a3f9e893bbb74b4caaea2f9888152cd159fd8e44bad41ee8cbd9ba61,https://www.marksandspencer.com/atelier-diffuser-reeds/p/hbp61228466,Atelier Diffuser Reeds by M&S,2026-09-13T17:00:59.549341+00:00,9856e59edd2d4f6633e9d3b6b576dd889c855d8aa689da76f03df0320d0f60e6
ba1010c920388bccb9f72a64785e120dcbafabc6b6840aa4d7032775276deea8,https://www.marksandspencer.com/food/mands-classics-sauvignon-blanc-15l-pouch/p/fdp60438275,M&S Classics Sauvignon Blanc 1.5L Pouch | M&S,2026-09-13T17:07:17.228803+00:00,63a1c45831fe96a99c58c7ad5fa6d2db038ee839365c25790bbb9cb84b50599b
bab228b241618a0f0005c2dc3e234283b75c8588db6bfc068d483937cd7d8736,https://wearewild.com/products/ocean-mist-body-wash-starter-pack-sage,Ocean Mist Body Wash Starter Pack - Wild UK,2026-09-13T17:24:53.924916+00:00,7fd6a5483e1f2e6605612e4e0afe60318234624cd38686572cc88f8dae71a5cf
bac2869b1c5a1327621c5d9dab5897b12a54be17f94e4530c4383a5a1bc5cd8e,https://www.daisebeauty.com/en-GB/product/fragrance-body-mist/peachy-daise,Peachy DAISE | Fragrance Body Mist in Berry & Mandarin Scent,2026-09-13T17:20:07.881295+00:00,e1013da6d52e4719dc71e06e6485a3839c946d5762409518b66b3172dea7f956
bb3df8132a9acef8dc847ad055fb9ae0cf71417e63a765fc4455239d3404a562,https://www.greenpeople.co.uk/products/age-defy-anti-redness-booster-drops-10ml,Age Defy+ Soothing Anti Redness Oil Serum 10ml | Natural & Organic – Green People (https://www.greenpeople.co.uk/products/age-defy-anti-redness-booster-drops-10ml),2026-09-13T18:40:11.569624+00:00,bee18944f055708d6651929e969b3f3b6d10b1f38aed86388b459c218c994260
bb46816d6ac6ac12f83e74e7d9eb03508be6c1ca870dcb19f2798e2cbf529da7,https://ecozone.com/ecozone-frequently-asked-questions/,Ecozone Frequently Asked Questions | Ecozone Products OFFICIAL FAQ,2026-09-13T17:03:54.062978+00:00,4b3351a731ab91deee5e74593ca8cf78549ce18b2ddf5ec1220e9fb85146b18c
bb5b62819817fedadba5b92351f1e0613880d1ee4ee453eec25ddcaa1ac1d9db,https://www.philipkingsley.co.uk/product-type/vegan-hair-care.html?p=2,in Vegan Hair Care (https://www.philipkingsley.co.uk/product-type/vegan-hair-care.html?p=2),2026-09-13T18:03:22.231382+00:00,ac961164e57ca2b992fcf0f5b59cbba5bc61ace63cd8355c79451b3c53ab8c48
bc7209efa59b52df0e4473ae736f997869951c6fbbb3f6cef23ad23b817aeb35,https://www.greenpeople.co.uk/products/scent-free-truffle-night-cream-50ml,Scent Free Truffle Night Cream 50ml | Natural & Unscented – Green People (https://www.greenpeople.co.uk/products/scent-free-truffle-night-cream-50ml),2026-09-13T18:40:11.570228+00:00,ea11b724761b76bbc349a7ffd51966fb2b22bb384f7a7c6525e5889a6c76af95
bcdfc11a2172c83a8826b5ad3b3b5e6a05c3bb28103bcf3352c2359eec4cfdaf,https://nailsinc.com/products/better-on-top-quick-drying-top-coat,Better On Top Quick-Drying Top Coat – Nails Inc London American Express Apple Pay Diners Club Discover Google Pay Maestro Mastercard PayPal Shop Pay Union Pay Visa,2026-09-13T18:33:00.079528+00:00,c0ca17e5e07e08205209e312b85f8d8cbac707bc9fa6b08af4a9bdca53664ace
be6f0b9e99602e57b7e5e88a067320c360be6592567ea4de96d2273165ece1bc,https://www.wilkinsonsword.com/products/sensitive-aftershave-lotion-100ml?variant=43831108501561,Wilkinson Sword Sensitive Aftershave Lotion 100ml,2026-09-13T17:46:12.242Z,613bf862bdd1f4f9586da38784f86e8d73aca2cd1d17e43c550c142d29e6f5e7
bf16781f7345cb486d7906d88dcbae384c201ce103d33ce0c8056911e159e556,https://www.cetaphil.co.uk/skin-concern/dull-%26-dehydrated/moisturising-cream/5020465202097.html,Intensively Hydrating Body Moisturising Cream | Cetaphil UK,2026-09-13T17:10:36.644667+00:00,97cef437bc96fede9a95a4ca3ee2b040578151765e7de0996b639833c5a68858
bf4bd7cd4984258193c35b822154aa1df6cb03f38a602e2fb9eba95ab53ff48e,https://uk.nakedpaper.com/blogs/news/are-toilet-rolls-vegan,Are toilet rolls vegan?| Naked Paper (https://uk.nakedpaper.com/blogs/news/are-toilet-rolls-vegan),2026-09-13T17:55:28.880627+00:00,69ce45bed83959c17a507a4541aedd275324d63f825ddfb582897c7a0cab92dc
bf5ddcca86c0c0e7bfe6b47f35b34a35db33f0f1602adcfff1cd812977141fc9,https://www.rockface4men.co.uk/pages/our-story,Our Story — Rock Face,2026-09-13T17:09:27.976541+00:00,f621527672e9edfb093489f00361d3246cc5abab36bb3e1a4fd111938c020891
bfd14443fd6a2f37c64ff0bbad4455a611268948218678b26f31f6da333c3240,https://www.drorganic.co.uk/products/organic-evoke-moisturisers,Evoke Moisturisers | Dr Organic – Dr. Organic UK (https://www.drorganic.co.uk/products/organic-evoke-moisturisers),2026-09-13T17:29:46.124Z,40d4344666aa5e7d29e1e0a59716507808317e0a85aff676b40bcbc1d861e646
c0370b941dff57d2a2efb2f497ccbf1529f0522ed83446f847b5289dcbfb6d34,https://flour.co.uk/product/organic-light-brown-self-raising-flour-3/,1kg Organic Light Brown Self Raising Flour | Marriage's,2026-09-13T19:14:57.582283+00:00,8b4adc7a61dfb0d05196b51f06ce43598c6b1af08b2e3ec31b88f701a09d3c7a
c072e123791cfeec52189e6240e7e734c0e4ef49c7d4d5f9418dc3ea4bc076e0,https://nailsinc.com/products/renee-1-step-gel-its-topless-nail-polish,Renee 1-Step Gel It's Topless Nail Polish – Nails Inc London American Express Apple Pay Diners Club Discover Google Pay Maestro Mastercard PayPal Shop Pay Union Pay Visa,2026-09-13T18:33:50.009659+00:00,65f000d4b0837c02480b97137dde3cc779e720a3d6a60ec2e89a346810c9b710
c0ae01fcc298690f68fa09670cd586b2103629b9e9fe00634c30b7e61c2bab10,https://www.johnfrieda.com/en-uk/products/blonde/go-blonder/lightening-conditioner/,Go Blonder Lightening Conditioner | John Frieda,2026-09-13T18:00:53.386960+00:00,671207bb95c078e5701998957647922902b16aa02373e0a79a6d689b0c2877b4
c0f9e41d4638a83d3fa54d7c2bd8a5171e138efbcf00d3905da2b80da95ad0d1,https://uk.strongbow.com/ciders,Strongbow Ciders | Strongbow (https://uk.strongbow.com/ciders),2026-09-13T18:25:52.609892+00:00,2700647bee4f15e095f3d7d05510320620218adb6b84a1d1a0e0bb2073fc8e5f
c197d29b0dcbdd7ac135f1bc726c8e1f06861d071a06cdcd6ea264e2e2df86f8,https://www.lynxformen.com/uk/p/blue-lavander-premium-deodorant-body-wash.html/08720181445545,Lynx Blue Lavender | Premium Bodyspray Deodorant (https://www.lynxformen.com/uk/p/blue-lavander-premium-deodorant-body-wash.html/08720181445545),2026-09-13T17:48:53.173878+00:00,71127eb2daaf9383627f06a47ceddf9a12191b925f73b7c15af4d42cd7b18805
c3648e32d614f593fb00d37164a12f06fd81bf4c68323cf827850dae6577674a,https://sortedskin.com/pages/faqs,FAQs – Sorted Skin American Express Apple Pay Bancontact Diners Club Discover Google Pay Maestro Mastercard PayPal Shop Pay Union Pay Visa,2026-09-13T18:41:14.200303+00:00,978aff0e777811e6ae49c2316ca9fa585ee614c08a75b22499653296213bc661
c49aac1ad88943731e1da438c942552c7440a3a8eb8b54c44a4ab3014092a4f7,https://twinings.co.uk/products/strawberry-elderflower-20-tea-bags,Twinings Strawberry & Elderflower - 20 Tea Bags,2026-09-13T17:05:00.857Z,5fc7f99ea64e67e895297213694ff30256b0acd6d1a924acad86e590f662a633
c4f33de53fafb3ef18fb59aaee0d89b71b7c907614df5deb9654faa096712bad,https://www.drorganic.co.uk/products/organic-skin-calm-serums,Skin Calm Serums and Face Oils | Dr Organic – Dr. Organic UK (https://www.drorganic.co.uk/products/organic-skin-calm-serums),2026-09-13T17:27:28.274Z,23d3b11274e7328862d4f5cbf7f0c0be7a11f9587b4d0321bf2bb9096e331a8c
c518d41fba85a1d74b8a70b4f48cba6507afbb907d1c437c935b584bb68918fd,https://www.marksandspencer.com/new-restore-3-wick-candle/p/hbp60780860,Restore 3 Wick Candle by Apothecary at M&S,2026-09-13T17:04:18.443976+00:00,ad1d21cadaff6b43a38d97caeea5b4cfc868b82f3f589f15db80d61b53cab771
c54cddbd87d613c11ca178dcf45aa05a63e4e92c41044e6ee34aa023de54b9fc,https://www.mydoublebase.co.uk/products/doublebase-dry-skin-emollient/,Doublebase Dry Skin Emollient | Doublebase Doublebase Close Previous slide Next slide Doublebase Facebook Instagram,2026-09-13T18:52:08.671520+00:00,c6bbbbbeaa4056957078dd931cd0a4474ced03bc6919bf05d3f5e3feed1a433a
c55a1110ccfa9dccfd7a37e6ff8bd463d17604973980c28a16d9ca39e5104f75,https://www.marksandspencer.com/revitalise-hand-and-body-lotion/p/hbp60916187,Revitalise Hand & Body Lotion 250ml by Apothecary at M&S,2026-09-13T17:00:57.371362+00:00,61d5c7e84fc80ab3038451eac38e9c360aa0fd95bc1f200b2812ab4729e9057e
c56381e5f2643696f2e053c202887f9786f8d63d17cea3037ae42a9ae16bcd43,https://nailsinc.com/products/knightsbridge-nights-out-quick-drying-nail-polish,Knightsbridge Nights Out Quick Drying Nail Polish – Nails Inc London American Express Apple Pay Diners Club Discover Google Pay Maestro Mastercard PayPal Shop Pay Union Pay Visa,2026-09-13T18:32:54.665197+00:00,ebcb43226802e3e4c64c4f23332995ff981a326a426b74676859fb3ec5d67dcb
c68b5c2e4dcfe4626785de7800f1418bb9b52d5bf44fdfbbf430507b809cef11,https://www.aveeno.co.uk/body/skin-relief-fat-absorbing-cream,AVEENOÂ® Skin Relief Fast Absorbing Cream,2026-09-13T18:40:36.295061+00:00,5340aee528b3ec412e58a0f97166d23e8493959f62d61eff43006072e64ad4ce
c6cb698641af37397f7b4f32b403f502a018653cf748f408634ddef2b8be22cf,https://www.rimmellondon.com/en-gb/eyes/mascaras/wonder-bond-mascara,Wonder Bond Mascara | Rimmel London,2026-09-13T17:58:00.281726+00:00,95319b65b7f5bbd84c9d0acb4abced6f6dedd69d7e2ce67d30817e1edc62be4d
c6cd7267623df197bcb4f0d89d8ec2e417d1f4f0cd235729a9f83212125246ae,https://www.sanex.co.uk/products/shower/sanex-expert-skin-health-soothing-shower-gel,Expert Skin Health+ Micellar Soothing Shower Gel | Sanex,2026-09-13T18:19:33.109760+00:00,666c47d8cb64826e79f36b09f7d0e371c3422202dfd595d2541fc18bf4b55c8e
c74c8953860d35ee63dd3c518ca4e0513870e0e8ac6aa6282243c9ea861097f6,https://www.marksandspencer.com/food/sparkling-ribolla-gialla/p/fdp60740512,Sparkling Ribolla Gialla | M&S,2026-09-13T17:02:19.650987+00:00,b8b96ea7a5c2257c15bfb047ead98b8e5aebfe17f69bb3bf5b67bd796fec5fdf
c74ca50a03411f9ced0d39f7f863297130e1c48716ef6d0e835f37693c9da649,https://www.sanex.co.uk/products/bath/sanex-expert-skin-health-moisturising-bath-soak,Sanex Expert Skin Health Moisturising Bath Soak | Sanex,2026-09-13T18:29:34.153677+00:00,9438c9dafd2c7ee61ae6031d4789a9a80add22b9c31fdf770e7ea157bcf83743
c87da2a937a332e2f6b21c49ee5a1e0035ea58e1365afa1fe7f0371c2366b71d,https://www.marksandspencer.com/food/lock-keepers-reserve-shiraz-pouch/p/fdp60733138,Lock Keeper's Reserve Shiraz Pouch | M&S,2026-09-13T17:01:52.949052+00:00,8a7d037328405a3cd780e20ce651a5e8744487a983ba94d9b71fcfe431ef1f0d
c89df268a81164c23cba4df3be4fbe86d3c90cf86ad1817c5b794ff59d408895,https://truffleguysuk.com/collections/vegan-friendly/products/signature-truffle-dust-45g,truffleguysuk.com (https://truffleguysuk.com/collections/vegan-friendly/products/signature-truffle-dust-45g),2026-09-13T17:24:46.836504+00:00,f7fa969c8ecbff5387dbce9a724c97f7193796b52050402b9773f3d866494b6d
c8b246c8abbcc7206a99642a70a0e37e9adcd4c8a4f8e2d0e7aaefdc4e2447b1,https://www.femfresh.eu/en/our-range/0-sensitive-wipes/,0% sensitive wipes - Femfresh UK,2026-09-13T18:46:13.399316+00:00,9f2e84672a057ff44e774aaa3f580d0c2376159385a26ea8cc7147b18d8f4cd2
c93f252a32d38f8dafa62fdb11e0bd943b71ca85393f3ce8bd655f709c148bb5,https://acnecide.co.uk/products/product-blackhead-control-2-sa-deep-exfoliating-cleanser/,Acnecide+Purifide,2026-09-13T17:11:16.380849+00:00,911ef243cfd5c78f504d60c0a53e7e0b987ee973bf17b5b396501a37b5217d01
c9ccb8fbf0250844e482cb58baf8e4051856c0a29d2df5b53b437e8ea44a3a41,https://hydrealondon.com/product/organic-egyptian-loofah-spa-mitt-2/,Organic Egyptian Loofah Spa Mitt - Hydrealondon,2026-09-13T18:36:34.273286+00:00,16ddc73b54bfd23c52eb029c695362bb2b2a333176afaad9bc8fa23da42f0b34
c9ee688ea4b255fc4777250cc49dd607ac903c1da52f75ecc9da4331d83d18f3,https://www.femfresh.eu/en/faq/,FAQ - Femfresh UK,2026-09-13T18:46:13.031854+00:00,ff48a703a8e461775bdc992898b0a610485839f3d350085d76156306ce583867
ca62a7894c408eeb5f2892deb27c20fcdad2817b714d27edc33676091cacb985,https://divinechocolate.com/products/divine-dessert-bar-bakewell-180g,Divine Dessert Chocolate Bar - Cherry Bakewell – Divine Chocolate (https://divinechocolate.com/products/divine-dessert-bar-bakewell-180g),2026-09-13T17:41:46.736275+00:00,1a56b99efe8d0a3f7428dcd8ec0e2da03656d631c82191ff91c1001bb07c05dd
cadc6a1674a50ed8164a5df171d14377fda6e19ef9f2063d565c2f42ceef91f1,https://www.marksandspencer.com/restore-mini-scenting-gift-set/p/hbp61222376,Restore Mini Scenting Gift Set by M&S,2026-09-13T17:02:11.618841+00:00,7fac3fab37e42e4928a365b7b77a5ee6e9a6aa7c6706bd2ca5e8aabd621489a9
cb74bc300a255e4bc2a8f9e7fbfc4756d98599b9c15951b3387a0eee2a9dae70,https://nailsinc.com/products/dream-dust-euphoria-highlight-nail-polish,Dream Dust Euphoria Highlight Nail Polish – Nails Inc London American Express Apple Pay Diners Club Discover Google Pay Maestro Mastercard PayPal Shop Pay Union Pay Visa,2026-09-13T18:33:03.772811+00:00,2ddbdb355fbd20204a58ab1d4bc8a18e3cd40446b60ae961574f816f4568a271
cb7636f975c3c6cf5bd22e87d2042aaefc8ff3f2478de581d7d5fba8ec8f0294,https://www.otexear.com/products/otex-express-ear-drops/,Otex Express Ear Drops | Otex Otex - Be clear to hear Close Otex - Be clear to hear,2026-09-13T17:55:09.795308+00:00,f9c14db319fd2a4304dee174da248e9adec469b65b500a5a0cfd26d430b9e649
cc41f37d6d31ad3718355764d3fa81b15c080651b9f6809a84599d827e506239,https://www.simple.co.uk/uv-fluid.html,Simple UV SPF 50 fluids | Simple® Skincare (https://www.simple.co.uk/uv-fluid.html),2026-09-13T17:43:44.130125+00:00,c7051c953dfa879b6d475440463d8b977e9ef368f8c5112808d3b3578ee3ed55
cc4ddc56cbb5da2e6096bf769f85ac144b673265d82a5dbd6d957675ce2f9ab2,https://www.mitchum.co.uk/products/mitchum-men-ultimate-72h-roll-on-bold-energy-100ml,MITCHUM Men Ultimate 72H Roll-On Bold Energy 100ml – Mitchum (https://www.mitchum.co.uk/products/mitchum-men-ultimate-72h-roll-on-bold-energy-100ml),2026-09-13T17:29:15.440961+00:00,c8ae4f99c0fc50aaf5824cd0b7572b9d10455e313d6ba8b5601dfd4f015ffd41
cc54571a967039ef441a746affdfdaf025a50c36af94758138a9669194154031,https://www.boucleme.co.uk/products/hydrating-hair-cleanser,Hydrating Hair Cleanser - Low-Poo Cleanser | Bouclème (https://www.boucleme.co.uk/products/hydrating-hair-cleanser),2026-09-13T18:38:00.657Z,4f38feb01f4543b41078d0ead65cdb09fde8ded0c5ace68fb77478f2e00d44aa
cc77bba33e0cb0c0b47ec3e87d1c1c1a10329534ab22cb5686012bfc7f3f8993,https://www.marksandspencer.com/restore-diffuser/p/hbp60780851,Restore 100ml Diffuser by Apothecary at M&S,2026-09-13T17:00:56.937427+00:00,a919124c0531e262c67344f9ea39e57345f86d1fe83965256865c6cf51d5da29
ccb8b5f9babcf1904f80f056b313b0b7047f24cfecf4285d8c799723e2e96970,https://acnecide.co.uk/products/product-purifide-post-breakout-serum/,Acnecide+Purifide,2026-09-13T17:11:16.457506+00:00,5370910c59aa25224b4e203baba7c5dfdd996115075065e157f4f0fe7383b2f9
ccf46fc330a5c955cb3cc54cedc74e13fe2e583f1b5025ac75047f442134c18f,https://wearelittles.com/pages/faqs,FAQs – Little's Coffee (https://wearelittles.com/pages/faqs),2026-09-13T17:22:43.600Z,85a06333f1fd5099c36cca1c874105d09a8dceae2f126eb5ed10a8e91eaddfd1
cd210189dfc7b5043208834a5ef5ac447505cdb357ab0eee0cd1512d44cd37ce,https://www.greenpeople.co.uk/products/scent-free-hyaluronic-booster-serum-28ml?variant=34696129609773,Scent Free Hyaluronic Booster Serum 28ml | Natural & Unscented – Green People (https://www.greenpeople.co.uk/products/scent-free-hyaluronic-booster-serum-28ml?variant=34696129609773),2026-09-13T18:40:11.570077+00:00,5488aaef37b2c016eb36867621b20a2cd9f48c1ca72977fc9d298af22e57c69a
cd342765591647260ba1c82fe839b9d10899b3bef7ae6b40d7c58b6674d849a8,https://drink-mission.com/pages/faq,FAQs | Mission Tea,2026-09-13T17:03:01.845242+00:00,861d9dbca096087b3afb7e95beaec5754dfad42dcc9f43696454f378e6d01614
cd657341b3188fe2cd3aa69b853fe781aba7507fd6bf00a34a38e972b6575dd2,https://www.dove.com/uk/p/dove-french-lavender-rich-shower-foam-200-ml.sm.html/08720181947025,Dove body + mind French Lavender body Shower Foam 200 ml | Dove (https://www.dove.com/uk/p/dove-french-lavender-rich-shower-foam-200-ml.html/08720181947025),2026-09-13T17:31:07.344443+00:00,0c9de675a945eea4a17fc126f6c4cd6ecf06c8946ea1a0fc8fd6408575a00b39
cdd49562b86052a894e278939a282538849516db282cdbfb419fc6e2d6a9c38f,https://www.johnfrieda.com/en-uk/products/blonde/sheer-blonde/brightening-conditioner/,Sheer Blonde Brightening Conditioner,2026-09-13T18:00:55.440231+00:00,b3b0d64e6faa20e3163989641b327b30d597c74c14be41442d812d3f4c6b153e
cdeb8444e52358c115d27dba63559bde68a41861ed0aa492b9ddbdeed2a2b33b,https://beinghaircare.com/uk/our-range/,Our Range | For All Hair Types | Being (UK),2026-09-13T17:03:02.446395+00:00,304ce690c5a4c84ef1ac598e4a44954d73e38e4139b8a338d0c8db97bc55758e
cdef09357d8533a9d348e868c169636bc0cc47d476aa5aeabd299de04ac22e72,https://galipettecidre.com/,Our cidres - Galipette,2026-09-13T17:11:39.362658+00:00,21e4dcd8cc9ccd769a98035fe10541ccf71187f145b0a825d0c6eb8869c42ef2
cdfffa2634bf778911bc9452122a2a9870cce62c348379c9d5d1478753034d5f,https://www.hawkinsandbrimble.co.uk/pages/faqs,FAQs – Hawkins & Brimble UK American Express Apple Pay Diners Club Discover Google Pay JCB Maestro Mastercard PayPal Shop Pay Union Pay Visa,2026-09-13T17:03:31.605506+00:00,ab55a0ca4f96592b1f87e6035b9585b867d257d1e983e54ef8d05860f11f82c5
cf16ee5b22c5346cc96e0fe499b4711e2e0e2ddc752e343386d11ff28c3191a3,https://www.mitchum.co.uk/products/mitchum-women-core-48h-roll-on-clear-fresh-invisible-100ml,MITCHUM Women 48H Roll-On Clear Fresh Invisible 100ml – Mitchum (https://www.mitchum.co.uk/products/mitchum-women-core-48h-roll-on-clear-fresh-invisible-100ml),2026-09-13T17:29:15.439656+00:00,0016507a401bcfa9bfb48dcd52de2c5f6f16daa247aa5f8b5b1dce99d41ea6f7
cf2ff672c1b1e5ae0c1e433b3d9835b1c221418eef1e0056b3fb7b0a203d2c50,https://www.johnfrieda.com/en-uk/products/blonde/go-blonder/intensive-repair-mask/,Go Blonder Intensive Repair Mask | Blonde Deep Conditioner,2026-09-13T18:00:53.661530+00:00,580da6d234223ad1c69c5916b87a8b50f68f3215dc62951def9fc44b87a3e6e6
cf867ad6665df3c988f39231ce9cf5dc7dbd3615572f0185c1f8784c0aa14ad8,https://love-pickle.com/product/spiced-mango-chutney/,Lovechutney Spiced Mango Chutney | Lovechutney Spiced Mango Chutney,2026-09-13T17:56:16.499405+00:00,275a6eb697c777fb856c1ff21014337831198c46a5a8bed990a1ca57e4698631
cfbd7661b2b3e59ea0fe05d9aed8a75f7ff6b34aaaf14c2b4574061bf4a441a8,https://www.covonia.co.uk/products/catarrh-relief-formula,Covonia Catarrh Relief Formula | Covonia | Covonia Hamburger Menu Icon Search Icon Hamburger Menu Icon Search Icon Chevron Right Icon Chevron Right Icon Home Icon Arrow Right Icon Arrow Right Icon Add Icon Subtract Icon Add Icon Subtract Icon Add Icon Subtract Icon Add Icon Subtract Icon Add Icon Subtract Icon Add Icon Subtract Icon Arrow Right Icon Arrow Right Icon Arrow Right Icon Arrow Right Icon Arrow Right Icon Arrow Right Icon Arrow Right Icon Arrow Right Icon Facebook Icon Twitter Icon Instagram Icon YouTube Icon,2026-09-13T17:03:42.919854+00:00,3bdb919f96b1d1e5fb2c2697c65aaeeb0876c7e4c828c810568c4ba2e7921930
d00c63f648ee90b44cab6ae4e800b2f1a03caca1ee19a119da37931428747a3f,https://www.rimmellondon.com/en-gb/face/concealers/the-multi-tasker-concealer,The Multi-Tasker Concealer – Hydrating Concealer | Rimmel London,2026-09-13T17:55:32.265333+00:00,be886084a64da11a67bb8c4f863eb804395c40b1356301aa25dee20a482c59f4
d0a08bbc4bdf9eb072c964008ea28e23cf73cf5500172a24bc7196b116d31491,https://www.tigerbalm.com/uk/faq/,FAQ - Tiger Balm UK,2026-09-13T17:17:01.700253+00:00,e16268388cbb4f3ec0b9e28a0a36d2bfb1f8a57a6a836e8abbfc31b2d8865d11
d0b5c0c6e863fe386f8cd65ebfe8c4bdc8865bf933119669ab9f77936180a1a3,https://biona.co.uk/pages/veganuary,Veganuary – Biona (https://biona.co.uk/pages/veganuary),2026-09-13T18:20:44.832072+00:00,66febc72977f1a394afe46eb63e9ef976d42412e126bb6981c7688b2fc5389b5
d0d5f56681350a0befcd2ab4cc959572f53d77756a9a7fff640e9896f3ee33f3,https://wakencare.com/blogs/news/the-waken-way-what-thoughtful-oral-care-looks-like,The Waken Way: What Thoughtful Oral Care Looks Like,2026-09-13T18:01:16.752356+00:00,7fe3a80ddc1df559dae0ae49c65da75bc5c0217c3faeae1ad4edb5a38d817eea
d0eb6412cb53c09fed8795942fcbc1eb6c500bc8ff39ce6ed23b4a25e051424f,https://twinings.co.uk/products/buttermint-20-tea-bags,Twinings Buttermint - 20 Tea Bags,2026-09-13T17:05:00.949Z,4a320165b2cc862eea1c32f2b9d432aa1cffd714aa248824ea6c9ce490438b54
d0f3e8090b99183e0ffd18bd926f5455021c7d4e674a0c2ca9e26a86130a3cba,https://www.plenishdrinks.com/,Plenish | Naturally delicious plant-based drinks – Plenish Drinks (https://www.plenishdrinks.com/),2026-09-13T17:17:45.673600+00:00,a5c5dc8dc6c5af4e9e9d46ef6c1945e1f6d328ef769b296691443ce2a5c19b8d
d108a29466821ca26a961f9dd89cb0eefbca7a7e0f6ddaed16b716f4eaded72e,https://www.oskiaskincare.com/products/renaissance-mask-50ml,Renaissance Mask - Brightening & Resurfacing Mask | OSKIA,2026-09-13T18:46:49.740562+00:00,f3e651d23be3492dded4464476cf880850790b9d168611c623b89ded45519251
d24d282291cd23ee1beaa6d6c1e520c74af2ac6e40d513674d6d96753eb4826e,https://www.trufflehunter.co.uk/products/black-truffle-olive-oil,Black Truffle Oil Olive Oil Infused with Real Black Truffles – TruffleHunter,2026-09-13T18:07:50.214451+00:00,01b173da37575bacd686a5853b7d91a683034c6464d24a92acf05f9e91ed0c27
d2728b417482222c8e8a730e6cc1805cfa135b11f0a4734fa4342a1cfec71e06,https://www.vimto.co.uk/faqs/is-vimto-vegetarian-and-what-about-us-vegans/,Is Vimto suitable for Vegetarians and Vegans? - Vimto (https://www.vimto.co.uk/faqs/is-vimto-vegetarian-and-what-about-us-vegans/),2026-09-13T17:22:43.660Z,5054513c428f81c6458aa823812e2d837793b05021f0860e85ee00ae0b288407
d2c05de26f724e75c32ee5f56a38db1bff5b359de2406f15f10a2670ce10cd8b,https://dalstons.com/pages/faq,Dalston's Drinks | Frequently Asked Questions – Dalston's Soda,2026-09-13T17:03:32.039628+00:00,58da000c1801f4ea2fefdd33d4f65e7968f05f46ed0a735f921ba8f422ef00c6
d2e1d4f665728702ad310d850ae0d5bdafdec3bcd575d783397cf98b159d47f5,https://spacegoods.com/products/star-chews,star chews | Spacegoods American Express Apple Pay Bancontact Diners Club Discover Google Pay iDEAL Wero Klarna Maestro Mastercard PayPal Shop Pay Union Pay Visa American Express Apple Pay Bancontact Diners Club Discover Google Pay iDEAL Wero Klarna Maestro Mastercard PayPal Shop Pay Union Pay Visa,2026-09-13T19:14:02.788057+00:00,d5cc71a0b15af009d4eefbf6922c5545518ac36ced5cd7366a8c4444ed9b341b
d389789b7fcdb22d8710a20b5f08bba432c4e47e4a91647aea7860d8f06b926d,https://hydrealondon.com/product/professional-vegan-dry-body-brush-fsc-cactus-bristle/,Professional Vegan Dry Body Brush FSC® Certified Beechwood with Cactus Bristle for Exfoliation & Detox - Hydrealondon,2026-09-13T18:37:24.720352+00:00,989e5ea9e16e9ed4922cf693ca7be70334bee46f40834470035bdf059c07ed85
d39c87775670d686d45cffbf4d8670dddeff53aa1e754dae33d63e3ae341572b,https://support.whogivesacrap.org/hc/en-gb/articles/11902182808217-Are-your-products-vegan,Are your products vegan?,2026-09-13T17:24:27.006904+00:00,053d51bc16562b7cf3540af8111e438c9c7573175e0876e1cdd14f35f487f81b
d3e276e484179fa4ac0ab217064d7e17d2d73e19a6af641f6466b5f53c391f32,https://www.simple.co.uk/p/repair%20-pro-ceramides-%20-cica-facial-moisturiser.html/08720181705373,Repair+ Pro-Ceramides + Cica Face Cream | Simple® Skincare | Simple® Skincare (https://www.simple.co.uk/p/repair%20-pro-ceramides-%20-cica-facial-moisturiser.html/08720181705373),2026-09-13T17:43:44.130031+00:00,c0a8c420fa76e229cb6584cdac00e2dd03d3e93646487fe8b38228a5ef3b57d8
d3f66cdb2b9cdf6103fac2fb7fd3c1ae1e3098fb8d56b35192b47c7ff65b46cf,https://www.simple.co.uk/p/repair%2B-replenishing-cream-cleanser.html/08720181705380,repair+ replenish cream cleanser | Simple® Skincare (https://www.simple.co.uk/p/repair%2B-replenishing-cream-cleanser.html/08720181705380),2026-09-13T17:43:44.129936+00:00,8fdf95b7242ba2b2924bd83e17f9a28eb38a1e932d9198a4fa180d60c78aecab
d46c8ff178de0728f2b924827dada731c850ccb07512d869d5db381146425814,https://flour.co.uk/faq/,FAQ - Marriage's Millers,2026-09-13T19:13:03.706351+00:00,9124cf5364e902119b9c1a227cae94fe555ed6b6d8f48539ad66913c382b5f65
d46e667ffa92d48bdbfff51eaee81c37af044fdb92c562a308ef1eaf7befcc70,https://baylisandharding.com/bath-body/royale-garden,Royale Garden Body Wash | Baylis & Harding,2026-09-13T18:42:56.188835+00:00,f523f69e78f88f6f915acb2d199ef5fc0bedc047efacd98dcd6ce14341f6a6bd
d4b221cb98b833483114f47e5ec0f221d0e218148c755dfcd9eca0b4b620466d,https://www.lil-lets.com/uk/our-products/tampons/,Lil-Lets Tampons,2026-09-13T18:49:37.276Z,188e04b9b738fff94de8db6bf0e5d5a349b2467a43a426920ab89d2648011dab
d4dedbbea3c30fbcbbdd063e4bfbb7678d46bbd0fdcbe90003d2ff96d76284de,https://www.drorganic.co.uk/products/skin-clear-treatment-gel?productid=droskn5in1gel,Skin Clear Face Masks | Dr Organic – Dr. Organic UK (https://www.drorganic.co.uk/products/skin-clear-treatment-gel?productid=droskn5in1gel),2026-09-13T17:30:28.030Z,bc52ff9f223b89a906b57a4fdfa6ac6d1e763ba4d984d7d462ec9b418af56061
d567c735ba46bd0b29157db7e3f846e6c329da2103b3e110195fd26bf0e184d3,https://flour.co.uk/product/organic-self-raising-white-flour-3/,1kg Organic Self Raising White Flour | Marriage's,2026-09-13T19:14:57.736505+00:00,58b143579319855dc5f05e4240f2bcad5f50e792c07fcf3d9dccd58808340e25
d68608fdd344d80d03fc8473d7038ab38f18ca31c0b422b4c2972df20f34f41d,https://fourfive.com/collections/informed-sport-tested/products/hydro-plus-hydration-recovery-sachets,Hydro Plus Hydration Recovery Sachets | Hydration Powders UK – fourfive,2026-09-13T18:59:20.992229+00:00,c06c3ee19d029780699b719ff438c0e67fe740166c2b90b01f67251dbfbfaf7f
d6e09da90f30491847b94337c42983392a0d5ae53a48e9972ee79756c749bc5e,https://www.johnfrieda.com/en-uk/products/frizz-ease/serums/the-controller-extra-strength-serum/,The Controller Extra Strength Serum | Serum for Thick Hair,2026-09-13T18:00:33.667517+00:00,c4987678a3221f3ed2bc5b43a5001ff64d1b4439bf12a3a97b1f98ea2e4b71bb
d6e5ee28a2e5c4789b1248bf8cb345f8092879ac88804b9e9f8a5a676f75f976,https://www.boucleme.co.uk/products/curl-defence-spray,UV Hair Protection Spray | Bouclème (https://www.boucleme.co.uk/products/curl-defence-spray),2026-09-13T18:38:00.221Z,973f1548af5a96c03d0b73547d559deb6e91476c5facf44a34620425ab5b8ce1
d71661a2bad3e55c57f5013d2f2c9901d5e2214c881c137292626e2cb07e5529,https://sukinnaturals.co.uk/pages/brand-values,Brand values | What we stand for – Sukin Naturals UK (https://sukinnaturals.co.uk/pages/brand-values),2026-09-13T17:07:13.711496+00:00,985238eb0e87336b0e6b074e41a57753d1a9935a60b5e10017ec3c01bfd78464
d79eb023891001379abcb2906b9db7b99dacd678581963cd02312985f1df7882,https://nailsinc.com/products/cherry-noir-nail-polish-duo,Cherry Noir Nail Polish Duo – Nails Inc London American Express Apple Pay Diners Club Discover Google Pay Maestro Mastercard PayPal Shop Pay Union Pay Visa,2026-09-13T18:33:02.012632+00:00,dcacb6d11a5b0c57815947e9017e298578e081da021add39018cda3fbe03b14e
d7fc7bf9769f70bef8e27d2be76db8f548492e0c70b7bd357e2a77e1f29b6078,https://www.stmoriz.com/collections/advanced/products/advanced-firming-gradual-tanning-lotion,"Advanced Firming Gradual Tan Lotion, 150ml | St. Moriz (https://www.stmoriz.com/collections/advanced/products/advanced-firming-gradual-tanning-lotion)",2026-09-13T18:11:58.332317+00:00,2543be3f0143f9b42245744a066143af8b7a189cf85998aa73de2c5feb4c42e9
d8e76299aa6ebf5c29968e9e3ac142248040048f5f15acfbf5086a8df00d8c38,https://www.nivea.co.uk/products/nivea-sun-breathable-uv-face-anti-age-q10-spf50plus-40ml-40060002198200045.html,Breathable UV Face | Anti-Age Q10 | NIVEA SUN,2026-09-13T17:14:04.858137+00:00,75d62fe4fb66de4e8a914af9217904b20e83e5c8315eb062c463a7b7d61faa8c
d92fea1940291f0abfceb61496e275e42fa7d2d3ef7e09ef8ad228953b524946,https://drinkrio.com/products/rio-tropical,Rio Tropical | The original tropical fruit blend,2026-09-13T18:45:27.768460+00:00,4f34b2d0b657eb5f636aa4cf3ae8063b7c2c1aef05f73fc6007743ff0a72f0d9
d93cf57cb2cbc38a817d706666f22ed16e5c6e9c44491ec812c44a027e89a966,https://www.marksandspencer.com/food/lock-keepers-reserve-shiraz/p/fdp60733140,Lock Keeper's Reserve Shiraz | M&S,2026-09-13T17:01:52.976185+00:00,a1b39c5d12a533f8dd161e86634ce60d9292f29ebae11b69d588f3372f74a87d
d968cc60a65fbd3ae46832a9f73d2a8069be6fea7072de1eef5f5e3ccffac6e6,https://nailsinc.com/products/florence-1-step-gel-its-topless-nail-polish,Florence – 1-Step Gel It's Topless Nail Polish – Nails Inc London American Express Apple Pay Diners Club Discover Google Pay Maestro Mastercard PayPal Shop Pay Union Pay Visa,2026-09-13T18:33:48.040277+00:00,6bd374c2aa10719f976a7a3f02a4587a4aa760ac95105fbe3387ac2240e64b8e
d9e31079169d13b13c6c7874aac6e22107be33e6ead3561fe3e98ae6fe7fddea,https://nailsinc.com/products/addison-1-step-gel-its-topless-nail-polish,Addison 1-Step Gel It's Topless Nail Polish – Nails Inc London American Express Apple Pay Diners Club Discover Google Pay Maestro Mastercard PayPal Shop Pay Union Pay Visa,2026-09-13T18:33:43.075178+00:00,355d1ae4094793c41072f18bcf8f39f22e77081cf6b5be9027ee9e985da64e96
da3504f5e6c6d6b6ade917ae2f95e58c1c07476750f803edd4f9324a65ae8636,https://www.aveeno.co.uk/products/daily-moisturising-shea-berry-body-wash,AVEENOÂ® Daily Moisturising Shea Berry Body Wash 300ml,2026-09-13T18:40:37.296677+00:00,4cd270d436f4c526889b935336960720f53f045952fff7c6917cf10b57433a3b
dadd0a04c5d592c605b01da773474504c29b02ec50b97ec34ba83337a80d4d10,https://windlelondon.com/products/oceanic-spray,Windle Lab Oceanic spray by Windle London,2026-09-13T18:11:24.681575+00:00,8e01dc29256afa651894c308fb6c74b43ece5b47d24c221e79676fb3cf1ce7ac
db442fbafa8bbc094bea0c9f926f6391a214db90b33dbb5e46791cc91d26702d,https://www.mitchum.co.uk/products/mitchum-men-ultimate-72h-roll-on-active-ocean-100ml,MITCHUM Men Ultimate 72H Roll-On Active Ocean 100ml – Mitchum (https://www.mitchum.co.uk/products/mitchum-men-ultimate-72h-roll-on-active-ocean-100ml),2026-09-13T17:29:15.440797+00:00,2ed6ca532b3fde1b594627b1742bc9b8f62f08a7b782e4fe2a5533526e74d065
dc5b71508753443e6943e073b21e8f2cc6650e783315c77fd3d330582fad1365,https://uk.asahibeer.co.uk/products/peroni-nastro-azzuro-00,Peroni Nastro Azzurro zero — Asahi UK,2026-09-13T17:05:43.339742+00:00,6558c7e91a2d88bf1e7feb27c830638df0ff1ecbb190722e23a998afda56a280
dcf20d6413a2fd1ff0272c2597106611a0af0dc21b314bd1034657ff0e287977,https://www.marksandspencer.com/restore-fragrance-oil/p/hbp60477958,Restore Fragrance Oil by Apothecary at M&S,2026-09-13T18:24:15.618942+00:00,e5e88f7533eebd9b8725a2812bac32ea50a93cc888a77dbabb92e946de911608
ddc27fca71e9f7f3368d4346b22007ec3898c93ec92737a416d0c646eb4d34f4,https://www.marksandspencer.com/kids-bear-slippers-4-small-7-large-/p/clp60561118,Kids' Spencer Bear™ Slippers (4 Small - 7 Large) by Spencer Bear™ at M&S,2026-09-13T17:01:49.332230+00:00,9ad4ff1dbafb96c743eb107ab6fda063b2d3956aa94c71c0c5fd3e8ee43e6c98
de83b50bab9434ccfbdcab267d02599e4cc50f10e9fa05f88f85a400493b7f1b,https://puresport.co/products/ultra-electrolytes-60-pack-variety-pack,Ultra Electrolytes Variety 60 Pack | Stay Hydrated – Puresport,2026-09-13T18:09:41.943133+00:00,9382eda5b02eeb0d31a69053e79f67cea0f48e834ae49235e9cfdd277eff83c2
de84b8afb851c00bdc8016183590f7fceab9bec3bbc40b8c4229d24cd8fb23fe,https://hydrealondon.com/product/bamboo-loofah-back-exfoliator/,Bamboo + Loofah Back Exfoliator - Hydrealondon,2026-09-13T18:36:32.478446+00:00,d4afab228f4e6c491cd137af1ab00eaf08dba09c4a3cddace3091365281fe106
de85c8715de50be3a41436ed6a9bafdb3d669cb17630c7bd1cdebe182ea746c6,https://twinings.co.uk/products/twinings-sparkling-tea-refresh-4-pack,Twinings Sparkling Tea Refresh 4 Pack,2026-09-13T17:05:19.053Z,6e289bd1086c5ae3554fede9c79ed92c2a4277d855f6b7da0894d483c371390a
df033ae974128911588dcb76456b1b4e1f6a45abdaafa97cce3be4ca77deee7b,https://www.mitchum.co.uk/products/mitchum-men-core-48h-roll-on-clean-control-100ml,MITCHUM Men 48H Roll-On Clean Control 100ml – Mitchum (https://www.mitchum.co.uk/products/mitchum-men-core-48h-roll-on-clean-control-100ml),2026-09-13T17:29:15.439539+00:00,07f99ff1280e55ec8cdb439810f55be9708d8339445c780c92585a9fe0a85f6c
df7880b5643c17e5a50be52cbb630687ee7d8ba0985ea2cb90dbfd889fce1c18,https://nailsinc.com/products/that-euphoria-life-euphoria-highlight-nail-polish,That Euphoria Life Euphoria Highlight Nail Polish – Nails Inc London American Express Apple Pay Diners Club Discover Google Pay Maestro Mastercard PayPal Shop Pay Union Pay Visa,2026-09-13T18:33:21.712948+00:00,b781f908fc600b194230dc9c7097f8164a2df347ed2a8e4811ac3f00fc085fe2
dfa361b25c199d8db6c683adf438563e8c0176c56bfecabe142047469b8829d8,https://www.drinkpoppi.co.uk/faq,FAQ | Poppi UK (https://www.drinkpoppi.co.uk/faq),2026-09-13T17:22:43.782Z,aa5f8e3c96e73d382505a2d1fe324800a7148e2a9c0e9c5b7654f4933d1f2347
dfe8b52eed98cd95d00e724d024db4203af47b070ad0fa69d415b840aae243e7,https://www.spontex.co.uk/product/soap-pads/,Soap Filled Pads - Spontex (https://www.spontex.co.uk/product/soap-pads/),2026-09-13T17:46:33.426Z,d1d72b4988a1ffc37f631ff07be1a1d9bbda947322ce1db1dc160fc2fbba4e1d
e00929cb3d84a13ca4d8199014cc125294f7e6c7414ac099843f3c94a2bed05c,https://www.trufflehunter.co.uk/products/whole-black-truffles,Whole Black Truffles Premium Black Truffles Preserved in Brine – TruffleHunter,2026-09-13T18:07:50.303663+00:00,35c6135fd6a70bed80589721cdda3381249e3f4e3f57b00a1dd6545a347e146d
e073196d5b816997a79ccfbf59d3bcfcd3165cc5a4eb0e33a29db92ad8476fae,https://www.dove.com/uk/collections/body-wash-collection.sm.html,Discover Dove's Moisturizing Body Wash | Product ranges Dove (https://www.dove.com/uk/collections/body-wash-collection.sm.html),2026-09-13T17:25:19.478847+00:00,8141d83f4af012de280791554d3e93a67cc557576b074558d1d9eec41901faf1
e09564a871792157134023baa7183251fc618ed25c3762bcdd2c19551dab7b1b,https://balmonds.co.uk/products/love-your-face-giftset,Love Your Face Giftset – Balmonds (https://balmonds.co.uk/products/love-your-face-giftset),2026-09-13T17:17:32.505848+00:00,f8a6645412bf4f55ed753501499e842b7911b817c9c57119cea9328b0ea39666
e0b7346d6ad4d829e9d24a1086eeee4bb8611a58745e88b12b403a745dc6d793,https://www.gaviscon.co.uk/products/gaviscon-original-liquid/,Gaviscon Original Liquid Bottle For Acid Reflux | Gaviscon UK,2026-09-13T17:03:18.293428+00:00,08de56079cbd4ca08b42d7dcc56b63997092b2afd3ce8a6c252d5e28bd3fcd9c
e0d65f208d13cb7f28e080a20c141b331731ccb425ca6aed62c3aa625d2c9dfc,https://www.mitchum.co.uk/products/mitchum-women-core-48h-roll-on-unscented-100ml,MITCHUM Women 48H Roll-On Unscented 100ml – Mitchum (https://www.mitchum.co.uk/products/mitchum-women-core-48h-roll-on-unscented-100ml),2026-09-13T17:29:15.439001+00:00,a1681a76d37359199ff01456693a3be94605dd26598269d2b9f0e2e4d5d07b52
e1bd6ef35a9b917178dc59418ff73f15321fade9e27bdb79c695e67ec3f00032,https://www.sheppyscider.com/about-sheppys/faq-s/,Sheppy's FAQ's,2026-09-13T17:16:15.364039+00:00,bdf782584e0c7fac8b83a5fa7eedd883f36e261826944ca2ffcaf296681bb520
e234b63df9f042fb641472d762b2e251bb6e9d3972811dac7dc28debbc8d21ec,https://www.marksandspencer.com/aloe-shower-gel-500ml/p/hbp60722617,Aloe Shower Gel 500ml by Burst Bodycare at M&S,2026-09-13T17:56:41.392407+00:00,3aa7c1fd747f79b80603e0064dfc62a55428daca4c66128fa3574a1754668a32
e29872dffd385279f31e5978edab8576175a3007200b1b84f331a50213b9708c,https://www.dove.com/uk/p/dove-body-%2B-mind-dragon-fruit-body-scrub-295-ml.sm.html/08720181947049,Dove body + mind Dragon Fruit Smoothing Body Scrub 295 ml | Dove (https://www.dove.com/uk/p/dove-body-%2B-mind-dragon-fruit-body-scrub-295-ml.html/08720181947049),2026-09-13T17:31:07.344242+00:00,77805994a6ef8854e2f7fd3f6117c9b569ac47acfa07face466857b6a6b924d0
e29a8043f41ce284e76f1142e5b8ff8369ed0d61a20dd162f47fee4482b0721a,https://twinings.co.uk/products/lemon-ginger-20-tea-bags,Twinings Lemon & Ginger - 20 Tea Bags,2026-09-13T17:04:42.827Z,8df9543af1ffa2a6aa855ae251a94cc02a84ab4d74faf2aa7b1aeae475f21dce
e2b5de1bd50cc5d144d94b6c964957beedca00305235609af3562a7d3af8c7c0,https://windlelondon.com/products/ultra-nourishing-conditioner,Windle Lab Ultra Nourishing Conditioner by Windle London,2026-09-13T18:11:25.748960+00:00,10ad129dafd0e6a483fbd1ce6afec74ad9d6711b958f4defcea4b4570c5c755c
e331be06effcb47a10aaf8ad0c95d5959d2fdaf22f2623de1cba072e15b0587c,https://www.skinandtan.co.uk/pages/faqs-test,Skin & Tan / Skinny Tan FAQs,2026-09-13T18:08:53.738601+00:00,9768f62035e7be34a77b418eaa9c55bfe3026806af9d4608cc675e2d9d0b4b80
e33e0a02343312bffc5b6f2abdb2b74f316a840763cbce119dd59b1dc990866d,https://nailsinc.com/products/trinny-1-step-gel-its-topless-nail-polish,Trinny – 1-Step Gel It's Topless Nail Polish – Nails Inc London American Express Apple Pay Diners Club Discover Google Pay Maestro Mastercard PayPal Shop Pay Union Pay Visa,2026-09-13T18:33:51.915470+00:00,33380e2464d3a191078ea66cb8d4ac4a45453d49217ae6feca161a5c65db5904
e3baa88094228d96eaf0b556abae78d9ae2ed83bcc6d9f3ce9a1ae8ca293ee44,https://www.stmoriz.com/blogs/portfolio/advanced,St Moriz Advanced Range of Self Tan | St. Moriz Self Tanning | St. Moriz (https://www.stmoriz.com/blogs/portfolio/advanced),2026-09-13T18:11:58.331779+00:00,d86bf48bc99ee8f5ba4c4b3c0f240a664115aa7f01123d2ef9c4df19da14f162
e3f2299be4e1b6a34d607a3a17a71dba506278ffd463e25d3351c402f7b8c082,https://www.rimmellondon.com/en-gb/face/foundations/lasting-finish-25h-compact-powder-foundation,Lasting Finish Compact Foundation | Rimmel London,2026-09-13T17:55:28.934365+00:00,d10e04eb3de9bf4fe9048b35266ac1cfad53539963b0d7040e5ed2b0b50f2c87
e42a648f2fe63e79ef8d3ea542a9516fd4a83d68203a5d2626ff54217113a412,https://grind.co.uk/collections/all-iced-coffee,Grind All Iced Coffee,2026-09-13T17:26:47.084999+00:00,40ef738c314f586b5f5ed9e270d58e44c43ca43a88f3ff0d2a65e85591d1f3ae
e49a3dc39ca3138a886b4a40c062cdfdfb54aa7741f23ac588b4dba5166e556d,https://www.cetaphil.co.uk/moisturisers/rich-night-cream/5020465201700.html,Hydrating & Replenishing Rich Night Cream | Cetaphil UK,2026-09-13T17:05:43.071921+00:00,53c7c1c12e72f23def0bdf01b3eac127c54fa5d14b5a8928a1997436404be484
e4c3da09ac91a59afda241848b9d5a5b66d93481da1b61841cae4e67b38f99a3,https://ufcrefreshcoco.com/faq/,FAQ - UFC REFRESH COCONUT WATER,2026-09-13T17:17:02.187433+00:00,561108de225e50ed7fa38db651109ae500691a89e97013b5ce8a24ee0662c167
e50cb3b6c2a1c5c447a149008263cfe88f10c98ea878c86fe4ee6722a638547c,https://www.mitchum.co.uk/products/mitchum-women-ultimate-72h-roll-on-floral-citrus-100ml,MITCHUM Women Ultimate 72H Roll-On Floral Citrus 100ml – Mitchum (https://www.mitchum.co.uk/products/mitchum-women-ultimate-72h-roll-on-floral-citrus-100ml),2026-09-13T17:29:15.440629+00:00,a9d720900d75ce78e80e22225a0ad1eba9b41b9cacdc9888234b6694d0fef5f8
e524248ef586fc2f8a67807206f851f88164a413e8d34af76210ca1158b7b644,https://www.maxfactor.com/en-gb/eyes/mascara/masterpiece-2-in-1-lash-wow-mascara,Masterpiece 2 in 1 Lash WOW Mascara | Max Factor,2026-09-13T17:11:17.079148+00:00,8d4e2b8452c883a196fb4ea4bbd1dccdc2af41660854904d460c93c812df12ce
e6634770cc21891abfc5f8be971c73bf67fcb85810c6ef092f62ae5944974075,https://www.guinness.com/en-gb/frequently-asked-questions,Frequently Asked Questions (FAQs) | Guinness® GB (https://www.guinness.com/en-gb/frequently-asked-questions),2026-09-13T17:43:44.129265+00:00,478b2fe6c48ccd54c7c51630a234ff981879eb081818fd51f1edf63e3ad7e78e
e69617f9a3bd9ba0cda238ffa473d86924b5be04a5fc0751e2101334ba4315c4,https://love-pickle.com/,Lovepickle,2026-09-13T17:55:23.799816+00:00,4dca4280f392d0ab22b16f6e6dd532305238640e66cda8469f723321637e1e2a
e6adb71e8cc5db94391d3da118b9d30a1f91b4cce6879f0ad666376aea3c4c42,https://www.garnier.co.uk/our-brands/skin-care/vitamin-c/garnier-vitamin-c-brightening-serum,Garnier Vitamin C Brightening Serum | Garnier UK,2026-09-13T19:23:35.032320+00:00,fb0cb30651a67ec4e282e3721ec5c520afe18bdeb2a598841c869f6f99e87856
e714ec647b574c7578c86d5f5ab5ee34458594b991bd895d9119f82503f9677a,https://www.rituals.com/en-gb/p/bdy/1121764,The Ritual of Hammam Massage Oil - massage oil | RITUALS,2026-09-13T18:49:17.626541+00:00,189f2fcd8536b820139dbfbd3c42e9a0c2c8599b6ffe2ef0122aeb9553864316
e7385eb2fc0b64c76f62ec8396e64b25734216a631feb00935f13851a7637996,https://www.thisworks.com/products/in-transit-vit-c-serum,in-transit-vit-c-serum,2026-09-13T18:28:43.428336+00:00,af0f8e45caaeaace58e2b76ec1bd998f69873835e20d768ab1c84eaba1d8eed2
e761e60d573f65b8538311c6615b83f2dc1d715e924d936b362711c79500bb96,https://naturesfinestfoods.co.uk/refreshing-fruit/sharing/,Sharing Fruit Pots in Juice - Nature's Finest,2026-09-13T17:16:46.497382+00:00,6aadf7bec0ee2a21788211fe4e9744baf1a59af4438bf7292445368914389e25
e76ef559a463bb672fac0d0628427411ad261fc28ec1051e9a7521cf8b607785,https://www.marksandspencer.com/food/l/frozen-food/ice-cream/sorbet,Sorbet at M&S Food,2026-09-13T18:17:15.304840+00:00,b09fd3d497f1167160a9d46135513743328ef688e5bdc3ec0b3a8e56ecd8e0a9
e78262c39dc27fed66f378deb3853308e196f168ef1e09fd33521a2b37118609,https://www.tallow-ash.com/,Best Smelling Planet-Friendly Laundry Detergents – Tallow + Ash,2026-09-13T17:00:14.561774+00:00,2deb32c4223823bb7d6a41bd285f2020145c9394be931890aac1fe03870601ee
e88848161ba5fe107239ebeb096d969f11616f43f901907c1ba505089066656a,https://www.mitchum.co.uk/products/mitchum-men-core-48h-roll-on-pure-energy-invisible-100ml,MITCHUM Men 48H Roll-On Pure Energy Invisible 100ml – Mitchum (https://www.mitchum.co.uk/products/mitchum-men-core-48h-roll-on-pure-energy-invisible-100ml),2026-09-13T17:29:15.439837+00:00,18f8642a01f62fc765b95ccbf203a3b0450b7bd1d02c3d55963d35cf8b39a1c4
e9f92342b022fb6a6d8446f5d03a8ab481caecfe8c82ab03c640c4e467395ffd,https://www.johnfrieda.com/en-uk/products/volume/volume-lift/lightweight-conditioner/,"Volume Lift Lightweight Conditioner for Fine, Thin Hair",2026-09-13T18:00:46.017949+00:00,da0182e2ed2a9ebe0f04f553560fc1b4e0588190ccb65d854792580fa31144d4
ea42c7816b3f75da932b3069d7e0ac8a08364bcd20d004be8409d14d0c8d1aff,https://twinings.co.uk/products/strong-earl-grey-20-envelopes,Strong Earl Grey - 20 Envelopes – Twinings,2026-09-13T17:05:19.010Z,fc9754bc6523289b7b0371cda34cca52b468b1fa2e2d8ac2bcadcb95456ce8be
eaa2d987bf2bb0c6f7ed4f7bd4d95b676e497752238a12bb3aa5fe567f69b1f0,https://www.warnersdistillery.com/pages/warners-zero-botanic-garden-spirits-faqs,Warner’s 0% Botanic Garden Spirits FAQs – Warner's Distillery Ltd,2026-09-13T17:03:02.830239+00:00,0e28d30863a8d059f49fd183fa5ddcbfcfe87a64babe637ec77e7e6228306439
eae33a98a8b6e0bd31383b02826aff287e9d95a01d0fccc0ab2e1b9e490184eb,https://nailsinc.com/products/glow-naturale-glowing-nail-polish-duo,Glow Naturale Glowing Nail Polish Duo – Nails Inc London American Express Apple Pay Diners Club Discover Google Pay Maestro Mastercard PayPal Shop Pay Union Pay Visa,2026-09-13T18:32:49.162928+00:00,36fee7a53f8091354d9beb586527644e02db71793c819102154481b06e1051c3
eafc59c5155ad65647daffc65867df8128c8b0af32f5b16af640f96afa7c2714,https://www.johnfrieda.com/en-uk/products/dream-curls/hydrate-nourish/cream-oil/,Curl Defining Cream Oil for Curly and Wavy Hair,2026-09-13T18:00:37.991535+00:00,c21f955ff90ab0f7bcd45ef8e445392c9d1dbd8ae0aab541c4420604e1cfaa2d
eb7ac2bc8b6e02c496489748dd77276e78ca79a6d236164ef35233b952033ea8,https://www.ineoshygienics.com/pages/faq,FAQ – Ineos-Science-Performance,2026-09-13T16:59:15.970808+00:00,b6178c21dfd621b9469e098b280b7b75a7b59e87991ea95b5b75ae7759ce2d2f
eb7b785bf276382c7cef599705c7a663bcac28ab6fd3433f1053c7b07932128d,https://piporganic.com/fizz/sparkling-apple/,Sparkling Apple | Award winning taste (https://piporganic.com/fizz/sparkling-apple/),2026-09-13T18:49:27.638602+00:00,075e3b5fd28444c77bd3fcc003b63fc47a929040454f93b27b219e676870abf6
ec8ae361e156f440c30cdcbe3d80fc891eb59eeb7de8712ea02b011d5290374b,https://beinghaircare.com/uk/faqs/,FAQS | Being (UK),2026-09-13T17:26:52.455847+00:00,be65c82e5538a9d9d076d185eeb6f3494cd4c8464635ee8d4a9e1ec89a326d19
ed0556a5c37aeae77d10dcc3db4cac0601262d700d7457890017f64e3e341486,https://ohlief.co.uk/pages/accreditations,Oh-Lief UK Accreditations,2026-09-13T19:13:45.652127+00:00,b2e578adf16a1bd1b3c12bb865398562ebe54c0df9f4558508cf25fc338835a9
ed42d38da79d0b6037265be1cd1701a91a9b6d29794d6b93161451fdcf12a5ee,https://www.cetaphil.co.uk/cleansers/pro-itch-prone-skin-body-wash/5020465201755.html,PRO Itch Prone Skin Body Wash for Eczema-Prone Skin | Cetaphil UK,2026-09-13T17:10:35.882585+00:00,f6423c783a51c9b0912065bde32bca30a31e736c5d353b70a1baf205ff2ce57c
edb508c66de696a60ca0f34485fe167a951db67e57eafba5c6d73de2958b2112,https://adnams.co.uk/collections/vegan-spirits,Vegan Spirits Get it now - Adnams PLC (https://adnams.co.uk/collections/vegan-spirits),2026-09-13T17:22:43.754Z,32f1521da11ad1379ed94db9ea02b0c5089ff70119c5097dcd6cfd15b35366da
edfa045b89e21af4b448ca3520906b990798cd3902314a2b01a90712766770a6,https://www.johnfrieda.com/en-uk/products/colour/shimmering-silver/shampoo-for-grey-hair/,Shimmering Silver Shampoo | Shampoo for Grey Hair,2026-09-13T18:01:05.952987+00:00,44c5343e355a9910d3dfb41d2ddd79734f0418f0081648d0dc1f43e6fada0536
ee8a741b7ded5566f1e3361e1a464102a328de0113e1a48c49c610363df33732,https://www.marksandspencer.com/golden-vanilla-4-wick-candle/p/hbp60780883,Golden Vanilla 4 Wick Candle by Atelier at M&S,2026-09-13T17:01:44.941280+00:00,a798df556aaabc112ab8877bcab4352c72774686e70acbddf29b0891ae45294d
eeed96852ef3081efebfd8e01d4d8a6f4502a735dc9206039ba400267b67ac42,https://www.johnfrieda.com/en-uk/products/frizz-ease/miraculous-recovery/deep-conditioner/,Miraculous Recovery Deep Conditioner | Hair Mask with Ceramides,2026-09-13T18:00:29.222245+00:00,d873ed7354c525227ebbcc31886a7b03742b1b7b47aae483636fa6606f19f5f1
ef56ccd4a19addace0301149f1e7cd2b769e6f422e8a2c8c708de6c51cdcbbb4,https://www.marksandspencer.com/facial-moisturiser-50ml/p/hbp60706671,Facial Moisturiser 50ml by Skinkind at M&S,2026-09-13T17:02:18.512608+00:00,f30a090e7408ebdc78889bf46517aff28dba91e0eaa840955f1945fb8d830f92
ef5e622254d4d4e78d51f83700c6684bf28cec759613e6bf8cc74ed079c33598,https://beavertownbrewery.co.uk/blogs/beer-stuff/is-beer-vegan,Is Beer Vegan?,2026-09-13T17:10:00.690822+00:00,ab901c519f4e7248b1112bf624da1c843d8416b260c995e008f45b8c49ba3563
efd0da193020a1f9a51bd6a0a0b7a1e48df71326e8874bd0e66fa98390856f1f,https://www.pipandnut.com/pages/protein-bars,Pip & Nut Protein Bars and FAQ,2026-09-13T19:13:45.460211+00:00,64c5f374672256ec5b0581f078d2e82a0aa4c61ba69a1cb9f23d0e2eaa35d910
f047c5de533c581c94e55f69b0c99d93c1187260e63bace7d974bce758f574c7,https://hydrealondon.com/product/organic-egyptian-loofah-body-pad/,Organic Egyptian Loofah Body Pad - Hydrealondon,2026-09-13T18:36:33.994710+00:00,77d0f9d5ed4b20d43c7f20d056259545976831f27fb972fa8ddcae994ec9d129
f099a344512a5655df242672089cf41b9c3c93a4d53488984519914bb2ddf444,https://vincawine.com/products/organic-red-wine,Organic Red Wine – Vinca Wine (https://vincawine.com/products/organic-red-wine),2026-09-13T18:38:14.946714+00:00,b7d3ae68c46d9fe9b4aa36ea78debe89ebe56a79d86e3d3c4cd61e03a28e7495
f149222865e3b11c677c3d4a703006596ae54c730e98e06b24143055988b8e00,https://vitalitycbd.co.uk/blogs/featured/cbd-faqs,CBD FAQ's – Vitality CBD,2026-09-13T17:32:53.661190+00:00,8f9220177d4af497c022d2c765f89a7fdb86983fa9f5c730aeb48a08599eea0d
f19506c4d0ddddaf8f5a6d3d5c2865f514efb6639e8123788ead5aefdc357fc2,https://www.rimmellondon.com/en-gb/eyes/mascaras/thrill-seeker-mega-lift-mascara,Thrill Seeker Mega Lift Mascara | Rimmel London,2026-09-13T17:55:28.842050+00:00,4dba0281321d4af3a8de822451cd145b99256d40440d317c829492265b50bcbf
f2049e889d4eb7c00bd0bc25852bf1e8765d25de467235cabd7226a3bb60b65f,https://www.thelabco.com/products/signature-fabric-mist-150ml,Clothes Freshener - Signature Fabric Spray 150ml - The Lab Co.,2026-09-13T18:02:26.863184+00:00,dedd76226296e1800ed872b7af0ab8e9b13c7012f6cf2784dc74878ba993895c
f2a9c0b5d0c2af75aad72df0f2e4e7cc14f14d0fbb0e5f381a2c5dc75d9fe212,https://www.remedydrinks.co.uk/pages/remedy-faqs-ca,Remedy FAQ's CA – Remedy Drinks | No Sugar and Live Cultured,2026-09-13T17:07:48.689782+00:00,21500cf2c8a136e993d12af53159fb9f0f6036d31b3f37721965f92b75a1aa63
f30da637fe514983ea9aec86e0564bdf00ff007e50e1b47e90fa9fdf4065f43e,https://www.marksandspencer.com/ultra-peptide-neck-and-dcolletage-cream-50ml/p/hbp60916822,Ultra Peptide Neck & Décolletage Cream 50ml by Formula at M&S,2026-09-13T17:02:26.578331+00:00,e18afd9b669477bb1bd7003a31c1fad85af1dcd53ce28628b681a36e72df6180
f34deaeb11879f2f72b00954a3e513f3c5103f841ea80bb7dd64d1d596750f72,https://www.londonessenceco.com/drinks/sodas-lemonade/crafted-lemonade/,Crafted Lemonade | The London Essence Co.,2026-09-13T19:01:45.103340+00:00,5edb91c631fcc53ff90730501ecac4b8511c8e39c930b2b6985332a6f6805ebc
f400728b82d8e8215b8d298d8f7c20b8307b07600e8a62ccbb39c37a279a059e,https://www.cetaphil.co.uk/cleansers/hydrating-foaming-cream-cleanser/5020465203278.html,Hydrating Foaming Cream Cleanser Face Wash | Cetaphil UK,2026-09-13T17:10:36.169768+00:00,bf31a39840308383c6302483db163c7558442914eef041df311da067a37daf32
f41fd1457e90170dca7cc42a833c7c95af241a26308bd473935e7173c786f65e,https://www.mountgayrum.com/faq/,Mount Gay Rum | Frequently Asked Questions,2026-09-13T17:24:05.638050+00:00,e88659bb8f4d6920a0f0fd7d622b2769facdb1eaae6a6cb213db0c164bbd5688
f42ff39915e322efc7baaf6df946bd03039b36b9b4c9d414b9eba49485a848bc,https://www.simple.co.uk/our-ranges/kind-to-skin.html,Simple Kind to Skin product range,2026-09-13T17:00:30.472924+00:00,737e41c3ef60e7ac1485eb63256ec38b92ef279100f83aa7f79a3938987fc4f8
f46e7de61add12247301a5ca6d89b0735fa21b35a58619526f3a21ad9b56c477,https://ribena.co.uk/support/faqs/,FAQs,2026-09-13T17:07:44.671805+00:00,470d7088594a59b325ace1158c1b7e1fe225bc11eb825949a0bc94ee6901c636
f47cf8f6602e11cb7914d0c72559acb1bd4c155ad3af4531c2574f0032122f83,https://tenzingnaturalenergy.com/products/tenzing-natural-energy-bundle-500ml,NATURAL ENERGY+ BUNDLE: Fiery Mango & White Peach. – Team TENZING,2026-09-13T18:20:14.731311+00:00,49231c8c71913b3d89a9f39e64a05771c48f84a5714afadbe5a841a427cd98ec
f4ad015aaa5cbfdbef21a00092f2101f1b9c81f4e83ffaf047b8be722d9470a3,https://www.lil-lets.com/uk/our-products/pads/lil-lets-super-soft-night-pads/,Lil-Lets&#174; UK Super Soft Night Pads | Heavy Flow Pads | Lil-Lets,2026-09-13T18:56:42.920164+00:00,730ac21527f596e9f924b6e3c652c490d8e4a5bf81a6ba7a4bd937a22b74cbe6
f4cf5fa2b71ad148d808ed6075b81f125f12af119f524183902c1c5320b0bb8d,https://nocco.com/product/focus-ramonade/,Ramonade – NOCCO (https://nocco.com/product/focus-ramonade/),2026-09-13T17:17:45.677505+00:00,6bce76a04b318eb67602d2524399782c9c182b67f764c38326ea3ee511810981
f564037479f91b3568cffe0b91d54eafe45a91602006bd04c23f945d084ca6b0,https://twinings.co.uk/products/twinings-sparkling-tea-revive-250ml-can,Twinings Sparkling Tea Revive 250ml Can,2026-09-13T17:05:19.080Z,fcf1718574e3796a0e8c18e785f8ce77c572bc4a8dbe3caffa49089d3852f38d
f5bebd5bb7e8b701b52e73d02b0984247d6daae67ee4740c2e91bde012dd72d4,https://www.cotswoldsdistillery.com/products/no-2-wildflower-gin,Cotswolds No.2 Wildflower Gin | Cotswolds Distillery Apple Pay Maestro Mastercard PayPal Visa,2026-09-13T19:14:02.272762+00:00,944c6d25b3c37e13849caf079d4f225deb232a4f280cb5320900c856f04d59b7
f6d2f8d89f77d443ea45e773177c4322ad4e1a26ebcb21af6a849cb8d9cd31c0,https://www.marksandspencer.com/lavender-shower-cream-250ml/p/hbp60519451,Lavender Shower Cream 250ml by Floral Collection at M&S,2026-09-13T17:55:49.124726+00:00,4ebf18b16dd7eb2ef4383f54c50c9b06fd9a75d2677e496c90d663b765319c01
f705bb6a69f526e141f2891634f14c9d847311c867c428e55ef121f9387ffb59,https://www.marksandspencer.com/food/clocktower-pinot-noir/p/fdp60733147,Clocktower Pinot Noir | M&S,2026-09-13T17:01:16.790905+00:00,cfb12a50220c8b2b325864486f81c33f4491ff6f536d453f0f0fd19b2b2f7023
f7470e44659c3c31ef276d38e3437ab53953268d21f511a1893b086f12961140,https://flintvineyard.com/products/charmat-rose,Charmat Rosé - English Sparkling Wine,2026-09-13T18:09:41.270201+00:00,e08941feb81b060112a9ea98646bd3d65218aa9f549ecf0885e57d67f7b6ec27
f86b7e69899a92e582ee637d78d00e5f7fef1f9c8644eb425135ad345570d00a,https://piporganic.com/products/pip-organic-apple-fizz-250ml,Pip Organic Apple Fizz 250ml Instagram icon YouTube icon TikTok icon,2026-09-13T18:45:27.767683+00:00,d7f17bd0cabb9308762f1d2a865334b4d78f1626f996a439024e6499f669933c
f8b8cda7400dab95e2095bafc6aab882c612a9f4981657c24fff0f17c297ef84,https://mothdrinks.com/products/taster-pack?variant=42008753995947,mothdrinks.com (https://mothdrinks.com/products/taster-pack?variant=42008753995947),2026-09-13T17:26:04.627368+00:00,a6c5693527a54586c8ee2d286bd0f3f4dfd209b2eeb20e69b3330294a6206b54
f8bfad1c643ec02673ca1ac8ba8e0cd616271a5bf235cda893add3ba49bd3334,https://uk.strongbow.com/faqs,FAQs | Strongbow (https://uk.strongbow.com/faqs),2026-09-13T18:24:30.426428+00:00,c444368a56d8aafa4f0189d4c56c391ec12971e067c595aae1762108f9b605ec
f8e12d79026aba674bfac48df8dbf38ebdfbfa213804fa3cf7b7ed1d6f54d885,https://beavertownbrewery.co.uk/pages/faqs,Beavertown Brewery FAQs,2026-09-13T17:10:00.690725+00:00,2e6be71cfe5b3e40019df31336a82535de176e9191c573aedcd75c108433141c
f90a6de3419acd0197d15592638642a4c013dd28436fe8d90023c51c6bbc4ea6,https://www.trufflehunter.co.uk/products/truffle-oil-selection,Truffle Oil Selection Gourmet White English & Black Truffle Oil Gift Set – TruffleHunter,2026-09-13T18:07:50.129839+00:00,08bef35cc887ef18c13a03ab7853828d91d60e70f8387a035a31d1a5bf769b8a
f959188ad59ebbca0d23809ada8846241607355de483b5ad734bf148b912154b,https://www.philipkingsley.co.uk/elasticizer-booster-150ml.html,Conditioner for Dry Hair | Elasticizer Booster 150ml | Philip Kingsley (https://www.philipkingsley.co.uk/elasticizer-booster-150ml.html),2026-09-13T18:03:22.231883+00:00,b74a9f69bf8e049e4b6462f9091691f2170c64574ef295c1c191eb3d2e364b0d
f987d6642e4ed4556c3e0a3d08b80d35d8c4f4312cdd63b7f080544c339f26e2,https://www.marksandspencer.com/food/lock-keepers-chardonnay/p/fdp60733102,Lock Keeper's Chardonnay | M&S,2026-09-13T17:01:52.809229+00:00,ec860aff1aa71681982506737b422ace49deebaee01ffb28ce977e1bd0e675b4
fa0ce03dc21511601b1acabc9c789a3cae57174331aadba5a45e7b7f9d510d04,https://www.teapigs.co.uk/p/pumpkin-spiced-chai-tea/17785066/,pumpkin spiced chai tea - 15 tea temples | Teapigs,2026-09-13T18:06:44.182544+00:00,6f74672f3c27d63a6f329283406f1a3688c25d3a37dfee9d568f0616f27845a7
fa65d8828300ed960674e37422df7842155d6363a23998d67219eabbfc8ff4b7,https://www.teapigs.co.uk/p/strawberry-and-juniper-tea/17785081/,Strawberry and juniper tea,2026-09-13T18:08:53.739483+00:00,6f18190dd9d56e9f6839abd1131a868349b6570093be7b9ce9b3155f31081438
fb7354458c64542a1d01d56e58ffe7320ab9f256d9c05afb03c0e79d7c7c3d7a,https://www.marksandspencer.com/food/mands-classics-cotes-de-provence-ros-375cl/p/fdp60695774,M&S Classics Cotes de Provence Rosé 37.5cl | M&S,2026-09-13T17:07:00.322148+00:00,ccfe8c2420831c6718d03a54b3ec44d7dd2b2b0aa346dd2f1c622aafba069832
fb74f7deeebcc30bea99cd3a10dbe685041679c2176a91abcffaab68b1507d09,https://www.nealsyardremedies.com/products/mothers-bath-oil-100ml,Neal's Yard Remedies | Mothers Bath Oil 100ml,2026-09-13T18:14:10.442747+00:00,7522f8c9c9fe6835a0fbc838da8c7272aae6e781fd743ee11dbde2c513ca4c7f
fb86f450ed5d56dfde3afc3c184e69dbfa8d3b00e382ecd169fbb91c6c479f78,https://www.johnfrieda.com/en-uk/products/frizz-ease/frizz-stylers/secret-agent-creme/,Secret Agent Touch-Up Crème | Anti-Frizz Styling Cream,2026-09-13T18:00:32.492663+00:00,202471d3811eabf7c20f6323c3edeebe276961ba7ea08db335110688dee4eda8
fb916aae9e3cab3e5c3f33cd67a7a176054d3e93f9824fd0a2eeae1fa7ed797e,https://www.dermalogica.co.uk/pages/sustainability,sustainability – Dermalogica UK,2026-09-13T19:01:35.709492+00:00,7d475e629a1a32cac034ccae054657975a97d1c211c95f8a7c4fa15279a59238
fbb0b0f83ae6c26d89d3f225d9b0401de957f3ec497fa35907940c216982a28d,https://hydrealondon.com/product/carbonized-bamboo-exfoliating-gloves/,Carbonized Bamboo Exfoliating Gloves - Hydrealondon,2026-09-13T18:36:32.519957+00:00,a12dfcbbab4b6efc82a2738fbd26ec1e32d591b274432711cde2162c3c7bcbd1
fbd5959d649ccc7a85dd3a433ec46b433c2789007cec259e7e9f333e43a9ea00,https://www.johnfrieda.com/en-uk/products/frizz-ease/infinite-smooth/smooth-boosting-treatment/,Infinite Smooth Smooth-Boosting Treatment | Frizz Ease,2026-09-13T18:01:28.515062+00:00,98fc78b3641d7408eb450079a2ea4a4c94a9e34acf4eb46206ba10e18ff62823
fc8698dd1c022fe13e0286c437aab5e07cf123f01c8850e8310b238636ff114c,https://www.marksandspencer.com/food/classics-picpoul-de-pinet/p/fdp60733045,Classics Picpoul De Pinet | M&S,2026-09-13T17:04:01.382679+00:00,e61c6786377a778d1e60e780f04fed1d6b7246aebca71228e3392f15c9e1ec3d
fcb4024526ed70741b7e4cb146e72efa9c541bfb22318ee1a5f6d796aac45181,https://www.dove.com/uk/skin-care/dove-body-love-ingredient-led-body-lotions.sm.html,Body Love Collection | Hand & Body Lotions | Dove UK (https://www.dove.com/uk/skin-care/dove-body-love-ingredient-led-body-lotions.sm.html),2026-09-13T17:25:19.478973+00:00,966212e636d4a02966866b0b174abeb93d40fde45f777c246ec0ed19b157c665
fd3c1218d4f6eee957f5487040c01599814ee7f26300ba4d96bc9e8ffa19973d,https://neatclean.com/products/refillable-foaming-hand-wash-dispenser,Refillable Foaming Hand Wash Dispenser | Replacements– NeatClean (https://neatclean.com/products/refillable-foaming-hand-wash-dispenser),2026-09-13T18:38:16.781824+00:00,ca26e855e57622f3dc59381ddcb4c67945a44871424220d73bd46cabe1f0be21
feb97fa0ad0681a1869a254d538199ac86c0fbe6f0bcb1f8f001767e6882f22f,https://www.dove.com/uk/p/men%2Bcare-bamboo-&-aloe-vera-whole-body-deodorant-stick.sm.html/00000087116045,Bamboo & Aloe Vera Deodorant Stick | Dove Men+Care | Dove (https://www.dove.com/uk/p/men%2Bcare-bamboo-%26-aloe-vera-whole-body-deodorant-stick.html/00000087116045),2026-09-13T17:52:52.846872+00:00,3010dbc87215bfa15d141442729e784027b3e91a995f0dd4bbfe7c938cbf1154
feec4847b1d764c46e1fa782a5b5548e515d8b8a0cb817cd9e49c32ce0918b86,https://www.rimmellondon.com/en-gb/nails/nail-care/nail-nurse-7-in-1,Nail Nurse 7 in 1 Nail Treatment | Rimmel London,2026-09-13T17:55:30.701083+00:00,83fc0d2a877bb5ced8575bd14185ec548890aac600d79ac2a6a107a4864fbf9d
fef8415a1e4660e1ca98bda30a2d6ed87eaf28c302deb36126ba1f587dc0334a,https://nailsinc.com/collections/vegan-nail-polish/products.json?limit=250&page=1,"Nails.INC Vegan Nail Polish collection public product records, page 1",2026-09-13T18:35:53.322878+00:00,f690fb18bc5c5f583606610437e568f5071a0c9dcd65e7a88c72243adc8b2a7b
ff216036ed31b1261856fa6d79f3bb5286b65c5b51056b108bedfab4e29e62e8,https://biona.co.uk/products/biona-organic-green-pesto,GREEN PESTO 120g – Biona (https://biona.co.uk/products/biona-organic-green-pesto),2026-09-13T18:20:44.831814+00:00,b5c62954dcb979b6a8ef651f78465e7411ed02267564a4d3500867ebea87d3e4
ff4e68e3aaa5784fe0de9003f54a420a63b747391bddd46f4f4b2509c8f7ac60,https://twinings.co.uk/products/lady-grey-40-tea-bags,Twinings Lady Grey - 40 Tea Bags,2026-09-13T17:05:00.967Z,ce0ad4531be78ac21bc7e8c7d15ecf2dd3f394bdab07076b048d7e4f6aeaed74
ff88d97977d9cf687570b4f271147104888e518854fbba27b99dcc0256b17d60,https://mothdrinks.com/products/cosmopolitan,mothdrinks.com (https://mothdrinks.com/products/cosmopolitan),2026-09-13T17:26:49.900670+00:00,0c3dfda1fff68937db19f7209f1f186e8fcc6c33f468efbc2b36754b05ca80a2
ff8be11c96fd4d14a2dfaf9d750f7ed1e2a782d39930c4c536ac18c840b9c67d,https://www.natracare.com/why-natracare/vegan/,Vegan - Why Natracare?,2026-09-13T18:41:14.199664+00:00,4d1d0bdcd6144500cdeba0915bb80cecca8bf82e75a0ee1fa6112caf3aac770c
ffc28c55f38ea83e69ecf49552ee8a78551e040e0af3aa3c599ff8e5497e785d,https://zooki.com/products/liposomal-vitamin-c-liquid,"Liposomal Vitamin C Liquid, 4x Higher Absorption - Zooki (https://zooki.com/products/liposomal-vitamin-c-liquid)",2026-09-13T17:24:46.836125+00:00,f2ee9e57b9b3873b948f27b4ad4923d4759767d7f47f8b03a13bfbcb4120eb53
